County,Fire Name,Start,Contained,Acres,Duration,Total Deaths,Year,Month
LOS ANGELES,SANTA ANITA,2008-04-26,2008-05-02,0.0,2,0,2008,5
LOS ANGELES,SANTA ANITA,2008-04-26,2008-05-02,584.0,5,0,2008,4
RIVERSIDE,APACHE,2008-04-29,2008-05-04,769.0,2,0,2008,4
RIVERSIDE,APACHE,2008-04-29,2008-05-04,0.0,4,0,2008,5
SANTA CLARA,Summit,2008-05-22,2008-06-15,0.0,15,0,2008,6
SANTA CLARA,Summit,2008-05-22,2008-06-15,4270.0,10,0,2008,5
TULARE,CLOVER,2008-05-28,2008-07-20,30600.0,4,0,2008,5
TULARE,CLOVER,2008-05-28,2008-07-20,0.0,30,0,2008,6
TULARE,CLOVER,2008-05-28,2008-07-20,0.0,20,0,2008,7
MONTEREY,INDIANS,2008-06-08,2008-07-10,0.0,10,0,2008,7
MONTEREY,INDIANS,2008-06-08,2008-07-10,81378.0,23,0,2008,6
SONOMA,Pine,2008-06-10,2008-10-14,0.0,31,0,2008,7
SONOMA,Pine,2008-06-10,2008-10-14,0.0,31,0,2008,8
SONOMA,Pine,2008-06-10,2008-10-14,0.0,30,0,2008,9
SONOMA,Pine,2008-06-10,2008-10-14,0.0,14,0,2008,10
SONOMA,Pine,2008-06-10,2008-10-14,3956.0,21,0,2008,6
TRINITY,LIME COMPLEX,2008-06-20,2008-08-15,0.0,31,0,2008,7
TRINITY,LIME COMPLEX,2008-06-20,2008-08-15,0.0,15,0,2008,8
HUMBOLDT,UKONOM-SOUTH COMPLEX,2008-06-20,2008-09-15,0.0,15,0,2008,9
TRINITY,LIME COMPLEX,2008-06-20,2008-08-15,197430.0,11,0,2008,6
HUMBOLDT,MAD COMPLEX,2008-06-20,2008-07-21,0.0,21,0,2008,7
HUMBOLDT,HELLS HALF COMPLEX,2008-06-20,2008-07-28,0.0,28,0,2008,7
HUMBOLDT,HELLS HALF COMPLEX,2008-06-20,2008-07-28,15146.0,11,0,2008,6
HUMBOLDT,MAD COMPLEX,2008-06-20,2008-07-21,3705.0,11,0,2008,6
HUMBOLDT,UKONOM-SOUTH COMPLEX,2008-06-20,2008-09-15,87981.0,11,0,2008,6
HUMBOLDT,UKONOM-SOUTH COMPLEX,2008-06-20,2008-09-15,0.0,31,0,2008,8
HUMBOLDT,UKONOM-SOUTH COMPLEX,2008-06-20,2008-09-15,0.0,31,0,2008,7
SHASTA,Moon,2008-06-21,2008-08-09,12060.0,10,0,2008,6
TRINITY,"IRON COMPLEX & ALPS
COMPLEX",2008-06-21,2008-09-09,0.0,9,0,2008,9
MENDOCINO,Mallo-B Lightning,2008-06-21,2008-07-17,0.0,17,0,2008,7
MENDOCINO,Mallo-B Lightning,2008-06-21,2008-07-17,4466.0,10,0,2008,6
MENDOCINO,Jack Smith Lightning,2008-06-21,2008-07-13,0.0,10,0,2008,6
MENDOCINO,Brushy 3 Lightning,2008-06-21,2008-07-13,0.0,13,0,2008,7
BUTTE,Breakneck,2008-06-21,2008-07-09,0.0,9,0,2008,7
SHASTA,Lakehead,2008-06-21,2008-08-23,55872.0,10,0,2008,6
LASSEN,CUB COMPLEX,2008-06-21,2008-07-20,0.0,20,0,2008,7
BUTTE,Breakneck,2008-06-21,2008-07-09,715.0,10,0,2008,6
SHASTA,Lewiston 8,2008-06-21,2008-07-23,0.0,23,0,2008,7
SHASTA,Lewiston 8,2008-06-21,2008-07-23,1311.0,10,0,2008,6
SHASTA,Lakehead,2008-06-21,2008-08-23,0.0,23,0,2008,8
SHASTA,Lakehead,2008-06-21,2008-08-23,0.0,31,0,2008,7
MENDOCINO,Brushy 3 Lightning,2008-06-21,2008-07-13,327.0,10,0,2008,6
TRINITY,"IRON COMPLEX & ALPS
COMPLEX",2008-06-21,2008-09-09,0.0,31,0,2008,8
PLUMAS,CANYON COMPLEX,2008-06-21,2008-09-30,143040.0,10,0,2008,6
TRINITY,"IRON COMPLEX & ALPS
COMPLEX",2008-06-21,2008-09-09,317415.0,10,27,2008,6
SHASTA,Coleman Fish Hatchery,2008-06-21,2008-07-02,388.0,10,0,2008,6
SHASTA,Coleman Fish Hatchery,2008-06-21,2008-07-02,0.0,2,0,2008,7
MENDOCINO,Daugherty Gate,2008-06-21,2008-07-13,3000.0,10,0,2008,6
MENDOCINO,Daugherty Gate,2008-06-21,2008-07-13,0.0,13,0,2008,7
SHASTA,Donkey Mine Rd/Oak RU,2008-06-21,2008-07-02,557.0,10,0,2008,6
SHASTA,Donkey Mine Rd/Oak RU,2008-06-21,2008-07-02,0.0,2,0,2008,7
SHASTA,EO2A,2008-06-21,2008-07-06,1200.0,10,0,2008,6
SHASTA,EO2A,2008-06-21,2008-07-06,0.0,6,0,2008,7
BUTTE,Frey,2008-06-21,2008-07-28,4000.0,10,0,2008,6
BUTTE,Frey,2008-06-21,2008-07-28,0.0,28,0,2008,7
SHASTA,WHISKEYTOWN COMPLEX,2008-06-21,2008-07-19,0.0,19,0,2008,7
SHASTA,WHISKEYTOWN COMPLEX,2008-06-21,2008-07-19,6420.0,10,0,2008,6
SHASTA,IGO 13,2008-06-21,2008-07-24,600.0,10,0,2008,6
TRINITY,"IRON COMPLEX & ALPS
COMPLEX",2008-06-21,2008-09-09,0.0,31,0,2008,7
SHASTA,IGO 13,2008-06-21,2008-07-24,0.0,24,0,2008,7
SHASTA,IGO 15,2008-06-21,2008-07-24,0.0,24,0,2008,7
SHASTA,IGO 16,2008-06-21,2008-07-24,4800.0,10,0,2008,6
SHASTA,IGO 16,2008-06-21,2008-07-24,0.0,24,0,2008,7
SHASTA,IGO 17,2008-06-21,2008-07-24,2400.0,10,0,2008,6
SHASTA,IGO 17,2008-06-21,2008-07-24,0.0,24,0,2008,7
SHASTA,IGO 18,2008-06-21,2008-07-24,4200.0,10,0,2008,6
SHASTA,IGO 18,2008-06-21,2008-07-24,0.0,24,0,2008,7
PLUMAS,CANYON COMPLEX,2008-06-21,2008-09-30,0.0,30,0,2008,9
PLUMAS,CANYON COMPLEX,2008-06-21,2008-09-30,0.0,31,0,2008,8
PLUMAS,CANYON COMPLEX,2008-06-21,2008-09-30,0.0,31,0,2008,7
SHASTA,Moon,2008-06-21,2008-08-09,0.0,31,0,2008,7
SHASTA,IGO 6,2008-06-21,2008-07-24,4200.0,10,0,2008,6
SHASTA,IGO 6,2008-06-21,2008-07-24,0.0,24,0,2008,7
SHASTA,IGO 15,2008-06-21,2008-07-24,1200.0,10,0,2008,6
SHASTA,Moon,2008-06-21,2008-08-09,0.0,9,0,2008,8
MENDOCINO,Jack Smith Lightning,2008-06-21,2008-07-13,0.0,13,0,2008,7
SHASTA,Stein,2008-06-21,2008-07-07,1148.0,10,0,2008,6
HUMBOLDT,Paradise,2008-06-21,2008-08-01,0.0,1,0,2008,8
MONTEREY,BASIN COMPLEX,2008-06-21,2008-07-27,0.0,27,0,2008,7
MONTEREY,BASIN COMPLEX,2008-06-21,2008-07-27,162818.0,10,0,2008,6
SHASTA,Plantina 4,2008-06-21,2008-07-04,12980.0,10,0,2008,6
SHASTA,Plantina 4,2008-06-21,2008-07-04,0.0,4,0,2008,7
SHASTA,Stein,2008-06-21,2008-07-07,0.0,7,0,2008,7
MENDOCINO,Squaw 1 Lightning 2,2008-06-21,2008-07-13,0.0,13,0,2008,7
MENDOCINO,Squaw 1 Lightning 2,2008-06-21,2008-07-13,3000.0,10,0,2008,6
MENDOCINO,Red Mtn 1 Lightning,2008-06-21,2008-08-01,15030.0,10,0,2008,6
MENDOCINO,Red Mtn 1 Lightning,2008-06-21,2008-08-01,0.0,31,0,2008,7
MENDOCINO,Red Mtn 1 Lightning,2008-06-21,2008-08-01,0.0,1,0,2008,8
SHASTA,Whitmore Rd/Old Cow C2,2008-06-21,2008-07-15,2054.0,10,0,2008,6
SHASTA,Whitmore Rd/Old Cow C2,2008-06-21,2008-07-15,0.0,15,0,2008,7
MARIPOSA,SILVER KNOB,2008-06-21,2008-07-02,1161.0,10,0,2008,6
MARIPOSA,SILVER KNOB,2008-06-21,2008-07-02,0.0,2,0,2008,7
LAKE,SODA COMPLEX,2008-06-21,2008-07-26,8632.0,10,0,2008,6
PLACER,"AMERICAN RIVER
COMPLEX",2008-06-21,2008-07-30,0.0,30,0,2008,7
PLACER,"AMERICAN RIVER
COMPLEX",2008-06-21,2008-07-30,20541.0,10,0,2008,6
LAKE,SODA COMPLEX,2008-06-21,2008-07-26,0.0,26,0,2008,7
SHASTA,STA 57 ONO CDF IGO 2,2008-06-21,2008-07-24,4000.0,10,0,2008,6
SHASTA,STA 57 ONO CDF IGO 2,2008-06-21,2008-07-24,0.0,24,0,2008,7
YUBA,YUBA RIVER COMPLEX,2008-06-21,2008-07-15,4254.0,10,0,2008,6
YUBA,YUBA RIVER COMPLEX,2008-06-21,2008-07-15,0.0,15,0,2008,7
HUMBOLDT,Paradise,2008-06-21,2008-08-01,0.0,31,0,2008,7
HUMBOLDT,Paradise,2008-06-21,2008-08-01,2152.0,10,0,2008,6
LASSEN,CUB COMPLEX,2008-06-21,2008-07-20,19718.0,10,0,2008,6
SHASTA,PETERSON COMPLEX,2008-06-21,2008-07-02,7842.0,10,0,2008,6
MENDOCINO,Oso Lightning,2008-06-21,2008-07-13,373.0,10,0,2008,6
TUOLUMNE,NORTH MOUNTAIN,2008-06-21,2008-07-03,0.0,3,0,2008,7
MENDOCINO,Oso Lightning,2008-06-21,2008-07-13,0.0,13,0,2008,7
TUOLUMNE,NORTH MOUNTAIN,2008-06-21,2008-07-03,2889.0,10,0,2008,6
SHASTA,PETERSON COMPLEX,2008-06-21,2008-07-02,0.0,2,0,2008,7
MENDOCINO,Orr Incident,2008-06-22,2008-07-10,0.0,10,0,2008,7
MENDOCINO,Orr Incident,2008-06-22,2008-07-10,3000.0,9,0,2008,6
LASSEN,Popcorn,2008-06-22,2008-07-08,0.0,8,0,2008,7
LASSEN,Popcorn,2008-06-22,2008-07-08,3000.0,9,0,2008,6
MENDOCINO,Shamrock East Lightning,2008-06-22,2008-07-12,0.0,12,0,2008,7
SISKIYOU,"BEAR WALLOW COMPLEX
(KLAMATH THEATER)",2008-06-22,2008-09-30,576114.0,9,6,2008,6
MENDOCINO,Shamrock East Lightning,2008-06-22,2008-07-12,469.0,9,0,2008,6
SISKIYOU,"BEAR WALLOW COMPLEX
(KLAMATH THEATER)",2008-06-22,2008-09-30,0.0,31,0,2008,7
SISKIYOU,"BEAR WALLOW COMPLEX
(KLAMATH THEATER)",2008-06-22,2008-09-30,0.0,31,0,2008,8
SISKIYOU,"BEAR WALLOW COMPLEX
(KLAMATH THEATER)",2008-06-22,2008-09-30,0.0,30,0,2008,9
MENDOCINO,5-8 Cliff Lightning,2008-06-22,2008-07-13,0.0,13,0,2008,7
MENDOCINO,Cliff Ridge B Lightning,2008-06-22,2008-07-12,999.0,9,0,2008,6
MENDOCINO,Cliff Ridge B Lightning,2008-06-22,2008-07-12,0.0,12,0,2008,7
MENDOCINO,5-8 Cliff Lightning,2008-06-22,2008-07-13,1000.0,9,0,2008,6
SHASTA,Venture,2008-06-22,2008-07-04,0.0,4,0,2008,7
SHASTA,Venture,2008-06-22,2008-07-04,1912.0,9,0,2008,6
LASSEN,Corral,2008-06-23,2008-07-07,0.0,7,0,2008,7
LASSEN,Corral,2008-06-23,2008-07-07,12500.0,8,0,2008,6
MADERA,Oliver / MRP 588,2008-06-23,2008-07-06,2789.0,8,0,2008,6
MADERA,Oliver / MRP 588,2008-06-23,2008-07-06,0.0,6,0,2008,7
TEHAMA,Mill Creek,2008-06-24,2008-07-01,0.0,1,0,2008,7
TEHAMA,Mill Creek,2008-06-24,2008-07-01,13580.0,7,0,2008,6
MENDOCINO,Juan Creek Lightning,2008-06-27,2008-07-15,450.0,4,0,2008,6
MENDOCINO,Juan Creek Lightning,2008-06-27,2008-07-15,0.0,15,0,2008,7
KERN,PIUTE,2008-06-28,2008-07-25,0.0,25,0,2008,7
KERN,PIUTE,2008-06-28,2008-07-25,37026.0,3,0,2008,6
FRESNO,TEHIPITE,2008-07-19,2008-11-11,0.0,31,0,2008,8
FRESNO,TEHIPITE,2008-07-19,2008-11-11,0.0,30,0,2008,9
FRESNO,TEHIPITE,2008-07-19,2008-11-11,46384.0,13,0,2008,7
FRESNO,TEHIPITE,2008-07-19,2008-11-11,0.0,31,0,2008,10
FRESNO,TEHIPITE,2008-07-19,2008-11-11,0.0,11,0,2008,11
MADERA,Telegraph,2008-07-25,2008-09-15,68182.0,7,0,2008,7
MADERA,Telegraph,2008-07-25,2008-09-15,0.0,15,0,2008,9
MADERA,Telegraph,2008-07-25,2008-09-15,0.0,31,0,2008,8
PLUMAS,RICH,2008-07-29,2008-08-10,6112.0,3,0,2008,7
PLUMAS,RICH,2008-07-29,2008-08-10,0.0,10,0,2008,8
MONTEREY,CHALK,2008-09-25,2008-10-29,16269.0,6,0,2008,9
MONTEREY,CHALK,2008-09-25,2008-10-29,0.0,29,0,2008,10
TUOLUMNE,DOME ROCK,2008-09-30,2008-11-15,0.0,31,0,2008,10
TUOLUMNE,DOME ROCK,2008-09-30,2008-11-15,0.0,15,0,2008,11
TUOLUMNE,DOME ROCK,2008-09-30,2008-11-15,1838.0,1,0,2008,9
RIVERSIDE,LOST HORSE,2009-05-24,2009-06-02,0.0,2,0,2009,6
RIVERSIDE,LOST HORSE,2009-05-24,2009-06-02,450.0,8,0,2009,5
MARIPOSA,GROUSE,2009-05-30,2009-08-12,0.0,12,0,2009,8
MARIPOSA,GROUSE,2009-05-30,2009-08-12,0.0,30,0,2009,6
MARIPOSA,GROUSE,2009-05-30,2009-08-12,9021.0,2,0,2009,5
MARIPOSA,GROUSE,2009-05-30,2009-08-12,0.0,31,0,2009,7
TUOLUMNE,HARDEN,2009-06-08,2009-08-09,0.0,9,0,2009,8
TUOLUMNE,HARDEN,2009-06-08,2009-08-09,0.0,31,0,2009,7
TUOLUMNE,HARDEN,2009-06-08,2009-08-09,3308.0,23,0,2009,6
TULARE,SHOTGUN,2009-06-17,2009-07-11,0.0,11,0,2009,7
TULARE,SHOTGUN,2009-06-17,2009-07-11,900.0,14,0,2009,6
YOLO,Rumsey,2009-06-29,2009-07-02,0.0,2,0,2009,7
YOLO,Rumsey,2009-06-29,2009-07-02,716.0,2,0,2009,6
TULARE,LION,2009-06-30,2009-08-21,0.0,31,0,2009,7
TULARE,LION,2009-06-30,2009-08-21,0.0,21,0,2009,8
TULARE,LION,2009-06-30,2009-08-21,5154.0,1,0,2009,6
TULARE,GRANITE,2009-06-30,2009-08-21,0.0,21,0,2009,8
TULARE,GRANITE,2009-06-30,2009-08-21,0.0,31,0,2009,7
TULARE,GRANITE,2009-06-30,2009-08-21,2834.0,1,0,2009,6
TUOLUMNE,KNIGHT,2009-07-26,2009-08-11,6130.0,6,0,2009,7
TUOLUMNE,KNIGHT,2009-07-26,2009-08-11,0.0,11,0,2009,8
TUOLUMNE,WILDCAT,2009-07-29,2009-08-31,1255.0,3,0,2009,7
TUOLUMNE,WILDCAT,2009-07-29,2009-08-31,0.0,31,0,2009,8
SHASTA,FAIRFIELD,2009-08-03,2009-09-30,1664.0,29,0,2009,8
SHASTA,FAIRFIELD,2009-08-03,2009-09-30,0.0,30,0,2009,9
SISKIYOU,RED ROCK,2009-08-21,2009-09-05,1364.0,11,0,2009,8
SISKIYOU,RED ROCK,2009-08-21,2009-09-05,0.0,5,0,2009,9
LOS ANGELES,MORRIS,2009-08-25,2009-09-03,0.0,3,0,2009,9
LOS ANGELES,MORRIS,2009-08-25,2009-09-03,2163.0,7,0,2009,8
LOS ANGELES,STATION,2009-08-26,2009-10-16,0.0,30,0,2009,9
LOS ANGELES,STATION,2009-08-26,2009-10-16,0.0,16,0,2009,10
LOS ANGELES,STATION,2009-08-26,2009-10-16,321154.0,6,4,2009,8
MARIPOSA,BIG MEADOWS,2009-08-26,2009-09-07,0.0,7,0,2009,9
MARIPOSA,BIG MEADOWS,2009-08-26,2009-09-07,7425.0,6,0,2009,8
MONTEREY,Gloria,2009-08-27,2009-09-01,6437.0,5,0,2009,8
MONTEREY,Gloria,2009-08-27,2009-09-01,0.0,1,0,2009,9
SAN BERNARDINO,Oak Glen III,2009-08-30,2009-09-08,1159.0,2,0,2009,8
PLACER,Forty Nine,2009-08-30,2009-09-01,311.0,2,0,2009,8
SAN BERNARDINO,Oak Glen III,2009-08-30,2009-09-08,0.0,8,0,2009,9
PLACER,Forty Nine,2009-08-30,2009-09-01,0.0,1,0,2009,9
SAN BERNARDINO,PENDLETON,2009-08-31,2009-09-04,860.0,1,0,2009,8
SAN BERNARDINO,PENDLETON,2009-08-31,2009-09-04,0.0,4,0,2009,9
VENTURA,GUIBERSON,2009-09-22,2009-10-01,17500.0,9,0,2009,9
VENTURA,GUIBERSON,2009-09-22,2009-10-01,0.0,1,0,2009,10
FRESNO,SHEEP,2010-07-16,2010-10-25,0.0,25,0,2010,10
FRESNO,SHEEP,2010-07-16,2010-10-25,0.0,30,0,2010,9
FRESNO,SHEEP,2010-07-16,2010-10-25,0.0,31,0,2010,8
FRESNO,SHEEP,2010-07-16,2010-10-25,27060.0,16,0,2010,7
TUOLUMNE,SLOPE,2010-07-25,2010-08-23,1711.0,7,0,2010,7
TUOLUMNE,SLOPE,2010-07-25,2010-08-23,0.0,23,0,2010,8
KERN,BULL,2010-07-26,2010-08-10,0.0,10,0,2010,8
KERN,BULL,2010-07-26,2010-08-10,16442.0,6,0,2010,7
LASSEN,MCDONALD,2010-07-27,2010-08-10,0.0,10,0,2010,8
KERN,WEST,2010-07-27,2010-08-06,0.0,6,0,2010,8
LASSEN,MCDONALD,2010-07-27,2010-08-10,9408.0,5,0,2010,7
KERN,WEST,2010-07-27,2010-08-06,1658.0,5,0,2010,7
LOS ANGELES,CROWN,2010-07-29,2010-08-03,14000.0,3,0,2010,7
LOS ANGELES,CROWN,2010-07-29,2010-08-03,0.0,3,0,2010,8
PLUMAS,BAR,2010-07-31,2010-08-10,0.0,10,0,2010,8
SISKIYOU,DUTCH,2010-07-31,2010-08-04,371.0,1,0,2010,7
SISKIYOU,DUTCH,2010-07-31,2010-08-04,0.0,4,0,2010,8
PLUMAS,BAR,2010-07-31,2010-08-10,1040.0,1,0,2010,7
MADERA,BUCKHORN,2010-08-07,2010-10-30,0.0,30,0,2010,10
MADERA,BUCKHORN,2010-08-07,2010-10-30,932.0,25,0,2010,8
MADERA,BUCKHORN,2010-08-07,2010-10-30,0.0,30,0,2010,9
TUOLUMNE,VERNON,2010-08-08,2010-10-31,0.0,30,0,2010,9
TUOLUMNE,VERNON,2010-08-08,2010-10-31,1818.0,24,0,2010,8
TUOLUMNE,VERNON,2010-08-08,2010-10-31,0.0,31,0,2010,10
TUOLUMNE,PINECREST,2010-08-09,2010-10-15,0.0,15,0,2010,10
TUOLUMNE,PINECREST,2010-08-09,2010-10-15,1598.0,23,0,2010,8
TUOLUMNE,PINECREST,2010-08-09,2010-10-15,0.0,30,0,2010,9
NEVADA,BULLARDS,2010-08-27,2010-09-13,1500.0,5,0,2010,8
NEVADA,BULLARDS,2010-08-27,2010-09-13,0.0,13,0,2010,9
KERN,COVE,2011-05-27,2011-06-02,0.0,2,0,2011,6
KERN,COVE,2011-05-27,2011-06-02,1122.0,5,0,2011,5
TULARE,STAGE,2011-06-27,2011-07-02,0.0,2,0,2011,7
TULARE,STAGE,2011-06-27,2011-07-02,1213.0,4,0,2011,6
TULARE,LION,2011-07-08,2011-11-08,82000.0,24,0,2011,7
TULARE,LION,2011-07-08,2011-11-08,0.0,31,0,2011,8
TULARE,LION,2011-07-08,2011-11-08,0.0,30,0,2011,9
TULARE,LION,2011-07-08,2011-11-08,0.0,31,0,2011,10
TULARE,LION,2011-07-08,2011-11-08,0.0,8,0,2011,11
MODOC,"SCORPION
COMPLEX",2011-07-15,2011-09-05,2836.0,17,0,2011,7
MODOC,"SCORPION
COMPLEX",2011-07-15,2011-09-05,0.0,5,0,2011,9
MODOC,MAMMOTH,2011-07-15,2011-09-05,0.0,31,0,2011,8
MODOC,MAMMOTH,2011-07-15,2011-09-05,0.0,5,0,2011,9
MODOC,"SCORPION
COMPLEX",2011-07-15,2011-09-05,0.0,31,0,2011,8
MODOC,MAMMOTH,2011-07-15,2011-09-05,2388.0,17,0,2011,7
MARIPOSA,AVALANCHE,2011-07-31,2011-10-01,0.0,31,0,2011,8
MARIPOSA,AVALANCHE,2011-07-31,2011-10-01,0.0,30,0,2011,9
MARIPOSA,AVALANCHE,2011-07-31,2011-10-01,0.0,1,0,2011,10
MARIPOSA,AVALANCHE,2011-07-31,2011-10-01,3207.0,1,0,2011,7
MODOC,ANNIE,2011-08-18,2011-09-16,2076.0,14,0,2011,8
MODOC,ANNIE,2011-08-18,2011-09-16,0.0,16,0,2011,9
SISKIYOU,ONION,2011-08-19,2011-10-11,0.0,30,0,2011,9
SISKIYOU,ONION,2011-08-19,2011-10-11,1120.0,13,0,2011,8
SISKIYOU,ONION,2011-08-19,2011-10-11,0.0,11,0,2011,10
MARIPOSA,MOTOR,2011-08-25,2011-10-01,0.0,1,0,2011,10
MARIPOSA,MOTOR,2011-08-25,2011-10-01,0.0,30,0,2011,9
MARIPOSA,MOTOR,2011-08-25,2011-10-01,10460.0,7,0,2011,8
EL DORADO,LONG,2011-09-12,2011-11-11,966.0,19,0,2011,9
EL DORADO,LONG,2011-09-12,2011-11-11,0.0,11,0,2011,11
EL DORADO,LONG,2011-09-12,2011-11-11,0.0,31,0,2011,10
MARIPOSA,TAMARACK,2011-09-13,2011-10-17,0.0,17,0,2011,10
MARIPOSA,TAMARACK,2011-09-13,2011-10-17,1015.0,18,0,2011,9
TRINITY,RUTH,2011-09-23,2011-11-15,0.0,15,0,2011,11
TRINITY,RUTH,2011-09-23,2011-11-15,0.0,31,0,2011,10
TRINITY,RUTH,2011-09-23,2011-11-15,2920.0,8,0,2011,9
RIVERSIDE,WINDY POINT,2011-09-25,2011-10-03,0.0,3,0,2011,10
RIVERSIDE,WINDY POINT,2011-09-25,2011-10-03,541.0,6,0,2011,9
EL DORADO,SALT,2011-12-01,2012-01-04,342.0,4,0,2012,1
EL DORADO,SALT,2011-12-01,2012-01-04,0.0,31,0,2011,12
MARIPOSA,CASCADE,2012-06-18,2012-11-26,0.0,31,0,2012,7
MARIPOSA,CASCADE,2012-06-18,2012-11-26,0.0,31,0,2012,8
MARIPOSA,CASCADE,2012-06-18,2012-11-26,0.0,31,0,2012,10
MARIPOSA,CASCADE,2012-06-18,2012-11-26,0.0,26,0,2012,11
MARIPOSA,CASCADE,2012-06-18,2012-11-26,8525.0,13,0,2012,6
MARIPOSA,CASCADE,2012-06-18,2012-11-26,0.0,30,0,2012,9
SHASTA,READING,2012-07-23,2012-08-21,0.0,21,0,2012,8
SHASTA,READING,2012-07-23,2012-08-21,28079.0,9,0,2012,7
PLUMAS,PEAK,2012-07-29,2012-08-02,0.0,2,0,2012,8
PLUMAS,CHIPS,2012-07-29,2012-08-31,0.0,31,0,2012,8
PLUMAS,CHIPS,2012-07-29,2012-08-31,75217.0,3,0,2012,7
PLUMAS,PEAK,2012-07-29,2012-08-02,800.0,3,0,2012,7
SISKIYOU,FORT COMPLEX,2012-08-05,2012-09-10,23653.0,27,0,2012,8
SISKIYOU,FORT COMPLEX,2012-08-05,2012-09-10,0.0,10,0,2012,9
INYO,SOUTH COMPLEX,2012-08-10,2012-10-16,0.0,30,0,2012,9
INYO,SOUTH COMPLEX,2012-08-10,2012-10-16,906.0,22,0,2012,8
INYO,SOUTH COMPLEX,2012-08-10,2012-10-16,0.0,16,0,2012,10
TEHAMA,PONDEROSA,2012-08-18,2012-09-02,27676.0,14,0,2012,8
SHASTA,BAGLEY,2012-08-18,2012-09-15,46011.0,14,0,2012,8
SHASTA,BAGLEY,2012-08-18,2012-09-15,0.0,15,0,2012,9
TEHAMA,PONDEROSA,2012-08-18,2012-09-02,0.0,2,0,2012,9
MENDOCINO,NORTH PASS,2012-08-18,2012-09-16,41983.0,14,0,2012,8
MENDOCINO,NORTH PASS,2012-08-18,2012-09-16,0.0,16,0,2012,9
RIVERSIDE,RANGE,2012-09-29,2012-10-01,0.0,1,0,2012,10
RIVERSIDE,RANGE,2012-09-29,2012-10-01,351.0,2,0,2012,9
RIVERSIDE,JURUPA,2013-02-28,2013-03-02,0.0,2,0,2013,3
RIVERSIDE,JURUPA,2013-02-28,2013-03-02,300.0,1,0,2013,2
SANTA BARBARA,WHITE,2013-05-27,2013-06-05,1984.0,5,0,2013,5
SANTA BARBARA,WHITE,2013-05-27,2013-06-05,0.0,5,0,2013,6
LOS ANGELES,POWERHOUSE,2013-05-30,2013-06-10,30274.0,2,0,2013,5
LOS ANGELES,POWERHOUSE,2013-05-30,2013-06-10,0.0,10,0,2013,6
RIVERSIDE,HATHAWAY,2013-06-09,2013-10-15,0.0,31,0,2013,7
RIVERSIDE,HATHAWAY,2013-06-09,2013-10-15,0.0,31,0,2013,8
RIVERSIDE,HATHAWAY,2013-06-09,2013-10-15,0.0,30,0,2013,9
RIVERSIDE,HATHAWAY,2013-06-09,2013-10-15,15480.0,22,0,2013,6
RIVERSIDE,HATHAWAY,2013-06-09,2013-10-15,0.0,15,0,2013,10
SAN BERNARDINO,MILL,2013-06-28,2013-07-02,534.0,3,0,2013,6
SAN BERNARDINO,MILL,2013-06-28,2013-07-02,0.0,2,0,2013,7
FRESNO,ASPEN,2013-07-22,2013-09-08,0.0,8,0,2013,9
FRESNO,ASPEN,2013-07-22,2013-09-08,0.0,31,0,2013,8
FRESNO,ASPEN,2013-07-22,2013-09-08,45984.0,10,0,2013,7
HUMBOLDT,DANCE,2013-07-29,2013-08-02,577.0,3,0,2013,7
HUMBOLDT,DANCE,2013-07-29,2013-08-02,0.0,2,0,2013,8
SISKIYOU,FORKS COMPLEX,2013-07-31,2013-10-01,111738.0,1,0,2013,7
SISKIYOU,FORKS COMPLEX,2013-07-31,2013-10-01,0.0,1,0,2013,10
SISKIYOU,FORKS COMPLEX,2013-07-31,2013-10-01,0.0,30,0,2013,9
SISKIYOU,FORKS COMPLEX,2013-07-31,2013-10-01,0.0,31,0,2013,8
HUMBOLDT,CORRAL COMPLEX,2013-08-10,2013-10-02,0.0,30,0,2013,9
HUMBOLDT,CORRAL COMPLEX,2013-08-10,2013-10-02,0.0,2,0,2013,10
HUMBOLDT,CORRAL COMPLEX,2013-08-10,2013-10-02,25006.0,22,0,2013,8
TUOLUMNE,RIM,2013-08-17,2013-10-27,0.0,30,0,2013,9
TUOLUMNE,RIM,2013-08-17,2013-10-27,0.0,27,0,2013,10
TUOLUMNE,RIM,2013-08-17,2013-10-27,514628.0,15,0,2013,8
FRESNO,WINDY PEAK,2013-08-23,2013-10-20,1362.0,9,0,2013,8
FRESNO,WINDY PEAK,2013-08-23,2013-10-20,0.0,20,0,2013,10
FRESNO,WINDY PEAK,2013-08-23,2013-10-20,0.0,30,0,2013,9
TULARE,FISH,2013-08-23,2013-09-05,0.0,5,0,2013,9
TULARE,FISH,2013-08-23,2013-09-05,2060.0,9,0,2013,8
TULARE,SODA,2014-01-14,2014-04-19,0.0,31,0,2014,3
TULARE,SODA,2014-01-14,2014-04-19,0.0,28,0,2014,2
TULARE,SODA,2014-01-14,2014-04-19,4836.0,18,0,2014,1
TULARE,SODA,2014-01-14,2014-04-19,0.0,19,0,2014,4
SAN BERNARDINO,ETIWANDA,2014-04-30,2014-05-01,0.0,1,0,2014,5
SAN BERNARDINO,ETIWANDA,2014-04-30,2014-05-01,2200.0,1,0,2014,4
MARIPOSA,HUNTER,2014-05-26,2014-06-04,677.0,6,0,2014,5
MARIPOSA,HUNTER,2014-05-26,2014-06-04,0.0,4,0,2014,6
MARIPOSA,DARK HOLE,2014-07-16,2014-08-20,1077.0,16,0,2014,7
MARIPOSA,DARK HOLE,2014-07-16,2014-08-20,0.0,20,0,2014,8
MERCED,GUN CLUB,2014-07-24,2014-08-02,0.0,8,0,2014,7
MERCED,GUN CLUB,2014-07-24,2014-08-02,0.0,2,0,2014,8
EL DORADO,SAND,2014-07-25,2014-08-03,0.0,3,0,2014,8
EL DORADO,SAND,2014-07-25,2014-08-03,4240.0,7,0,2014,7
MARIPOSA,EL PORTAL,2014-07-26,2014-08-04,4689.0,6,0,2014,7
MARIPOSA,EL PORTAL,2014-07-26,2014-08-04,0.0,4,0,2014,8
MADERA,FRENCH,2014-07-28,2014-08-18,0.0,18,0,2014,8
MADERA,FRENCH,2014-07-28,2014-08-18,13838.0,4,0,2014,7
BUTTE,WEB,2014-07-29,2014-08-27,0.0,27,0,2014,8
BUTTE,WEB,2014-07-29,2014-08-27,378.0,3,0,2014,7
MODOC,DAY,2014-07-30,2014-08-13,0.0,13,0,2014,8
SISKIYOU,KNF BEAVER,2014-07-30,2014-08-30,0.0,30,0,2014,8
SISKIYOU,KNF BEAVER,2014-07-30,2014-08-30,32496.0,2,0,2014,7
MENDOCINO,"LODGE
COMPLEX",2014-07-30,2014-09-21,25070.0,2,0,2014,7
SHASTA,BALD,2014-07-30,2014-08-16,39736.0,2,0,2014,7
SHASTA,BALD,2014-07-30,2014-08-16,0.0,16,0,2014,8
MENDOCINO,"LODGE
COMPLEX",2014-07-30,2014-09-21,0.0,31,0,2014,8
TRINITY,COFFEE COMPLEX,2014-07-30,2014-08-31,6258.0,2,0,2014,7
MENDOCINO,"LODGE
COMPLEX",2014-07-30,2014-09-21,0.0,21,0,2014,9
TRINITY,COFFEE COMPLEX,2014-07-30,2014-08-31,0.0,31,0,2014,8
MODOC,DAY,2014-07-30,2014-08-13,13153.0,2,0,2014,7
SISKIYOU,LITTLE DEER,2014-07-31,2014-08-11,0.0,11,0,2014,8
SHASTA,EILER,2014-07-31,2014-08-24,0.0,24,0,2014,8
SHASTA,EILER,2014-07-31,2014-08-24,32416.0,1,0,2014,7
SISKIYOU,LITTLE DEER,2014-07-31,2014-08-11,5503.0,1,0,2014,7
SISKIYOU,JULY COMPLEX,2014-08-03,2014-09-25,0.0,25,0,2014,9
SISKIYOU,JULY COMPLEX,2014-08-03,2014-09-25,50042.0,29,0,2014,8
SISKIYOU,"HAPPY CAMP
COMPLEX",2014-08-14,2014-10-31,268112.0,18,0,2014,8
SISKIYOU,"HAPPY CAMP
COMPLEX",2014-08-14,2014-10-31,0.0,31,0,2014,10
SISKIYOU,"HAPPY CAMP
COMPLEX",2014-08-14,2014-10-31,0.0,30,0,2014,9
MARIPOSA,MEADOW,2014-08-15,2014-09-29,0.0,29,0,2014,9
MARIPOSA,MEADOW,2014-08-15,2014-09-29,4772.0,17,0,2014,8
EL DORADO,KING,2014-09-13,2014-10-09,97717.0,18,0,2014,9
EL DORADO,KING,2014-09-13,2014-10-09,0.0,9,0,2014,10
SAN DIEGO,GRENADE,2015-04-29,2015-05-05,0.0,5,0,2015,5
SAN DIEGO,GRENADE,2015-04-29,2015-05-05,2025.0,2,0,2015,4
SAN BERNARDINO,LAKE,2015-06-17,2015-07-05,0.0,5,0,2015,7
SAN BERNARDINO,LAKE,2015-06-17,2015-07-05,31359.0,14,0,2015,6
TULARE,CABIN,2015-07-19,2015-09-05,0.0,31,0,2015,8
TULARE,CABIN,2015-07-19,2015-09-05,0.0,5,0,2015,9
TULARE,CABIN,2015-07-19,2015-09-05,13960.0,13,0,2015,7
NAPA,WRAGG,2015-07-22,2015-08-06,8051.0,10,0,2015,7
NAPA,WRAGG,2015-07-22,2015-08-06,0.0,6,0,2015,8
NEVADA,LOWELL,2015-07-25,2015-08-12,0.0,12,0,2015,8
NEVADA,LOWELL,2015-07-25,2015-08-12,2304.0,7,0,2015,7
MADERA,WILLOW,2015-07-25,2015-08-15,0.0,15,0,2015,8
MADERA,WILLOW,2015-07-25,2015-08-15,5702.0,7,0,2015,7
BUTTE,SWEDES,2015-07-29,2015-08-16,400.0,3,0,2015,7
BUTTE,SWEDES,2015-07-29,2015-08-16,0.0,16,0,2015,8
LAKE,ROCKY,2015-07-29,2015-08-14,0.0,14,0,2015,8
LAKE,ROCKY,2015-07-29,2015-08-14,69636.0,3,0,2015,7
TRINITY,FORK COMPLEX,2015-07-30,2015-08-29,0.0,29,0,2015,8
TRINITY,FORK COMPLEX,2015-07-30,2015-08-29,36499.0,2,0,2015,7
MODOC,FROG,2015-07-30,2015-08-06,4863.0,2,1,2015,7
MODOC,FROG,2015-07-30,2015-08-06,0.0,6,0,2015,8
TRINITY,RIVER COMPLEX,2015-07-30,2015-10-15,231243.0,2,0,2015,7
HUMBOLDT,ROUTE COMPLEX,2015-07-30,2015-08-31,0.0,31,0,2015,8
TRINITY,RIVER COMPLEX,2015-07-30,2015-10-15,0.0,30,0,2015,9
TRINITY,RIVER COMPLEX,2015-07-30,2015-10-15,0.0,15,0,2015,10
TRINITY,MAD RIVER COMPLEX,2015-07-30,2015-09-03,74924.0,2,0,2015,7
TRINITY,MAD RIVER COMPLEX,2015-07-30,2015-09-03,0.0,3,0,2015,9
HUMBOLDT,HUMBOLDT COMPLEX,2015-07-30,2015-08-21,0.0,21,0,2015,8
HUMBOLDT,HUMBOLDT COMPLEX,2015-07-30,2015-08-21,4883.0,2,0,2015,7
HUMBOLDT,ROUTE COMPLEX,2015-07-30,2015-08-31,35675.0,2,0,2015,7
TRINITY,RIVER COMPLEX,2015-07-30,2015-10-15,0.0,31,0,2015,8
TRINITY,MAD RIVER COMPLEX,2015-07-30,2015-09-03,0.0,31,0,2015,8
FRESNO,ROUGH,2015-07-31,2015-12-01,0.0,31,0,2015,8
FRESNO,ROUGH,2015-07-31,2015-12-01,0.0,30,0,2015,11
FRESNO,ROUGH,2015-07-31,2015-12-01,758115.0,1,0,2015,7
DEL NORTE,GASQUET COMPLEX,2015-07-31,2015-10-15,91083.0,1,0,2015,7
FRESNO,ROUGH,2015-07-31,2015-12-01,0.0,30,0,2015,9
FRESNO,ROUGH,2015-07-31,2015-12-01,0.0,31,0,2015,10
DEL NORTE,GASQUET COMPLEX,2015-07-31,2015-10-15,0.0,31,0,2015,8
DEL NORTE,GASQUET COMPLEX,2015-07-31,2015-10-15,0.0,15,0,2015,10
FRESNO,ROUGH,2015-07-31,2015-12-01,0.0,1,0,2015,12
DEL NORTE,GASQUET COMPLEX,2015-07-31,2015-10-15,0.0,30,0,2015,9
TRINITY,SOUTH COMPLEX,2015-08-01,2015-10-01,0.0,1,0,2015,10
TRINITY,SOUTH COMPLEX,2015-08-01,2015-10-01,58832.0,31,0,2015,8
TRINITY,SOUTH COMPLEX,2015-08-01,2015-10-01,0.0,30,0,2015,9
DEL NORTE,NICKOWITZ,2015-08-01,2015-09-30,0.0,30,0,2015,9
DEL NORTE,NICKOWITZ,2015-08-01,2015-09-30,7509.0,31,0,2015,8
SAN LUIS OBISPO,CUESTA,2015-08-16,2015-09-03,0.0,3,0,2015,9
SAN LUIS OBISPO,CUESTA,2015-08-16,2015-09-03,2446.0,16,0,2015,8
AMADOR,BUTTE,2015-09-09,2015-10-23,70868.0,22,2,2015,9
AMADOR,BUTTE,2015-09-09,2015-10-23,0.0,23,0,2015,10
LAKE,VALLEY,2015-09-12,2015-10-15,0.0,15,0,2015,10
LAKE,VALLEY,2015-09-12,2015-10-15,76067.0,19,4,2015,9
SISKIYOU,PONY,2016-06-07,2016-10-02,0.0,31,0,2016,8
SISKIYOU,PONY,2016-06-07,2016-10-02,0.0,2,0,2016,10
SISKIYOU,PONY,2016-06-07,2016-10-02,0.0,31,0,2016,7
SISKIYOU,PONY,2016-06-07,2016-10-02,0.0,30,0,2016,9
SISKIYOU,PONY,2016-06-07,2016-10-02,11440.0,24,0,2016,6
SAN DIEGO,BORDER 3,2016-06-19,2016-07-01,0.0,1,0,2016,7
SAN DIEGO,BORDER 3,2016-06-19,2016-07-01,7609.0,12,2,2016,6
LOS ANGELES,FISH,2016-06-20,2016-07-05,4253.0,11,0,2016,6
LOS ANGELES,RESERVOIR,2016-06-20,2016-07-05,0.0,5,0,2016,7
LOS ANGELES,RESERVOIR,2016-06-20,2016-07-05,1146.0,11,1,2016,6
LOS ANGELES,FISH,2016-06-20,2016-07-05,0.0,5,0,2016,7
KERN,ERSKINE,2016-06-23,2016-07-09,48019.0,8,2,2016,6
KERN,ERSKINE,2016-06-23,2016-07-09,0.0,9,0,2016,7
MONO,MARINA,2016-06-24,2016-07-04,0.0,4,0,2016,7
MONO,MARINA,2016-06-24,2016-07-04,654.0,7,0,2016,6
MARIPOSA,LAKES,2016-06-26,2016-10-31,0.0,30,0,2016,9
MARIPOSA,LAKES,2016-06-26,2016-10-31,0.0,31,0,2016,8
MARIPOSA,LAKES,2016-06-26,2016-10-31,0.0,31,0,2016,10
MARIPOSA,LAKES,2016-06-26,2016-10-31,4004.0,5,0,2016,6
MARIPOSA,LAKES,2016-06-26,2016-10-31,0.0,31,0,2016,7
PLACER,TRAILHEAD,2016-06-28,2016-08-14,0.0,31,0,2016,7
PLACER,TRAILHEAD,2016-06-28,2016-08-14,0.0,14,0,2016,8
PLACER,TRAILHEAD,2016-06-28,2016-08-14,11290.0,3,0,2016,6
VENTURA,PINE,2016-06-30,2016-07-17,0.0,17,0,2016,7
TEHAMA,COLYEAR,2016-06-30,2016-07-06,0.0,6,0,2016,7
TEHAMA,COLYEAR,2016-06-30,2016-07-06,464.0,1,0,2016,6
VENTURA,PINE,2016-06-30,2016-07-17,2304.0,1,0,2016,6
MONTEREY,SOBERANES,2016-07-22,2016-10-13,0.0,13,0,2016,10
MONTEREY,SOBERANES,2016-07-22,2016-10-13,396381.0,10,3,2016,7
MONTEREY,SOBERANES,2016-07-22,2016-10-13,0.0,31,0,2016,8
LOS ANGELES,SAND,2016-07-22,2016-08-06,0.0,6,0,2016,8
LOS ANGELES,SAND,2016-07-22,2016-08-06,41383.0,10,1,2016,7
MONTEREY,SOBERANES,2016-07-22,2016-10-13,0.0,30,0,2016,9
FRESNO,GOOSE,2016-07-30,2016-08-09,0.0,9,0,2016,8
FRESNO,GOOSE,2016-07-30,2016-08-09,2241.0,2,0,2016,7
SAN LUIS OBISPO,CHIMNEY,2016-08-13,2016-09-07,0.0,7,0,2016,9
SAN LUIS OBISPO,CHIMNEY,2016-08-13,2016-09-07,46235.0,19,0,2016,8
LAKE,CLAYTON,2016-08-13,2016-09-03,3929.0,19,0,2016,8
LAKE,CLAYTON,2016-08-13,2016-09-03,0.0,3,0,2016,9
SAN BERNARDINO,BLUECUT,2016-08-16,2016-09-08,36274.0,16,0,2016,8
KERN,CEDAR,2016-08-16,2016-09-24,0.0,24,0,2016,9
KERN,CEDAR,2016-08-16,2016-09-24,29322.0,16,0,2016,8
SAN BERNARDINO,BLUECUT,2016-08-16,2016-09-08,0.0,8,0,2016,9
SANTA BARBARA,REY,2016-08-18,2016-09-15,32606.0,14,0,2016,8
SANTA BARBARA,REY,2016-08-18,2016-09-15,0.0,15,0,2016,9
ALPINE,MOKELUMNE,2016-08-19,2016-09-20,0.0,20,0,2016,9
ALPINE,MOKELUMNE,2016-08-19,2016-09-20,655.0,13,0,2016,8
HUMBOLDT,TULLY,2016-08-22,2016-09-09,599.0,10,0,2016,8
HUMBOLDT,TULLY,2016-08-22,2016-09-09,0.0,9,0,2016,9
SISKIYOU,GRADE,2016-08-24,2016-09-10,710.0,8,0,2016,8
SISKIYOU,GRADE,2016-08-24,2016-09-10,0.0,10,0,2016,9
SISKIYOU,GAP,2016-08-27,2016-09-16,0.0,16,0,2016,9
SISKIYOU,GAP,2016-08-27,2016-09-16,33867.0,5,0,2016,8
CALAVERAS,WILLOW,2016-08-28,2016-09-04,450.0,4,0,2016,8
CALAVERAS,WILLOW,2016-08-28,2016-09-04,0.0,4,0,2016,9
RIVERSIDE,BOGART,2016-08-30,2016-09-05,1470.0,2,0,2016,8
RIVERSIDE,BOGART,2016-08-30,2016-09-05,0.0,5,0,2016,9
LASSEN,WILLARD,2016-09-11,2016-10-12,2575.0,20,0,2016,9
LASSEN,WILLARD,2016-09-11,2016-10-12,0.0,12,0,2016,10
FRESNO,CROWN,2016-09-15,2016-10-31,800.0,16,0,2016,9
FRESNO,CROWN,2016-09-15,2016-10-31,0.0,31,0,2016,10
MODOC,SOUP COMPLEX,2016-09-17,2016-10-31,2722.0,14,0,2016,9
MONO,OWENS RIVER,2016-09-17,2016-10-15,5443.0,14,0,2016,9
MODOC,SOUP COMPLEX,2016-09-17,2016-10-31,0.0,31,0,2016,10
MONO,OWENS RIVER,2016-09-17,2016-10-15,0.0,15,0,2016,10
SONOMA,SAWMILL,2016-09-25,2016-10-01,1547.0,6,0,2016,9
SONOMA,SAWMILL,2016-09-25,2016-10-01,0.0,1,0,2016,10
TUOLUMNE,MARSHES,2016-09-26,2016-10-04,1080.0,5,0,2016,9
TUOLUMNE,MARSHES,2016-09-26,2016-10-04,0.0,4,0,2016,10
SANTA CLARA,LOMA,2016-09-26,2016-11-08,8948.0,5,0,2016,9
SANTA CLARA,LOMA,2016-09-26,2016-11-08,0.0,31,0,2016,10
SANTA CLARA,LOMA,2016-09-26,2016-11-08,0.0,8,0,2016,11
TULARE,SLATE,2016-10-04,2016-11-05,2160.0,28,0,2016,10
TULARE,SLATE,2016-10-04,2016-11-05,0.0,5,0,2016,11
TULARE,JACOBSON,2016-10-20,2016-11-01,1702.0,12,0,2016,10
TULARE,JACOBSON,2016-10-20,2016-11-01,0.0,1,0,2016,11
TULARE,MEADOW,2016-10-29,2016-11-22,0.0,22,0,2016,11
TULARE,MEADOW,2016-10-29,2016-11-22,4347.0,3,0,2016,10
RIVERSIDE,OPERA,2017-04-30,2017-05-02,0.0,2,0,2017,5
RIVERSIDE,OPERA,2017-04-30,2017-05-02,1350.0,1,0,2017,4
TULARE,SCHAEFFER,2017-06-24,2017-08-05,32062.0,7,0,2017,6
TULARE,SCHAEFFER,2017-06-24,2017-08-05,0.0,5,0,2017,8
TULARE,SCHAEFFER,2017-06-24,2017-08-05,0.0,31,0,2017,7
SAN BERNARDINO,MART,2017-06-27,2017-07-01,670.0,4,0,2017,6
SAN BERNARDINO,MART,2017-06-27,2017-07-01,0.0,1,0,2017,7
MODOC,BATTLE,2017-06-28,2017-07-01,640.0,3,0,2017,6
MODOC,BATTLE,2017-06-28,2017-07-01,0.0,1,0,2017,7
MARIPOSA,BEN,2017-06-28,2017-07-06,558.0,3,0,2017,6
MARIPOSA,BEN,2017-06-28,2017-07-06,0.0,6,0,2017,7
SAN DIEGO,CRISTIANITOS,2017-06-28,2017-07-01,761.0,3,0,2017,6
SAN DIEGO,CRISTIANITOS,2017-06-28,2017-07-01,0.0,1,0,2017,7
KERN,TARINA,2017-06-30,2017-07-01,0.0,1,0,2017,7
KERN,TARINA,2017-06-30,2017-07-01,1200.0,1,0,2017,6
BUTTE,WALL,2017-07-07,2017-08-03,0.0,3,0,2017,8
BUTTE,WALL,2017-07-07,2017-08-03,6033.0,25,0,2017,7
SANTA BARBARA,WHITTIER,2017-07-08,2017-10-05,0.0,31,0,2017,8
SANTA BARBARA,WHITTIER,2017-07-08,2017-10-05,0.0,30,0,2017,9
SANTA BARBARA,WHITTIER,2017-07-08,2017-10-05,0.0,5,0,2017,10
SANTA BARBARA,WHITTIER,2017-07-08,2017-10-05,55290.0,24,0,2017,7
MARIPOSA,DETWILER,2017-07-16,2017-08-31,81826.0,16,0,2017,7
MARIPOSA,DETWILER,2017-07-16,2017-08-31,0.0,31,0,2017,8
MODOC,MODOC JULY COMPLEX,2017-07-24,2017-08-13,83120.0,8,0,2017,7
MODOC,MODOC JULY COMPLEX,2017-07-24,2017-08-13,0.0,13,0,2017,8
SISKIYOU,ORLEANS COMPLEX,2017-07-25,2017-10-12,0.0,12,0,2017,10
SISKIYOU,ORLEANS COMPLEX,2017-07-25,2017-10-12,0.0,30,0,2017,9
SISKIYOU,ORLEANS COMPLEX,2017-07-25,2017-10-12,81828.0,7,0,2017,7
SISKIYOU,ORLEANS COMPLEX,2017-07-25,2017-10-12,0.0,31,0,2017,8
TUOLUMNE,JACKSONVILLE,2017-07-29,2017-08-04,0.0,4,0,2017,8
TUOLUMNE,JACKSONVILLE,2017-07-29,2017-08-04,675.0,3,0,2017,7
PLUMAS,MINERVA 5,2017-07-29,2017-08-16,0.0,16,0,2017,8
PLUMAS,MINERVA 5,2017-07-29,2017-08-16,4310.0,3,0,2017,7
KERN,GARDEN,2017-07-30,2017-08-09,0.0,9,0,2017,8
KERN,GARDEN,2017-07-30,2017-08-09,450.0,2,0,2017,7
TUOLUMNE,SUMMIT COMPLEX,2017-07-31,2017-11-30,0.0,31,0,2017,10
TUOLUMNE,SUMMIT COMPLEX,2017-07-31,2017-11-30,0.0,31,0,2017,8
MONO,GRANT,2017-07-31,2017-08-03,0.0,3,0,2017,8
MONO,GRANT,2017-07-31,2017-08-03,400.0,1,0,2017,7
TUOLUMNE,SUMMIT COMPLEX,2017-07-31,2017-11-30,0.0,30,0,2017,11
TUOLUMNE,SUMMIT COMPLEX,2017-07-31,2017-11-30,20992.0,1,0,2017,7
TUOLUMNE,SUMMIT COMPLEX,2017-07-31,2017-11-30,0.0,30,0,2017,9
MARIPOSA,EMPIRE,2017-08-01,2017-10-31,0.0,30,0,2017,9
MARIPOSA,EMPIRE,2017-08-01,2017-10-31,0.0,31,0,2017,10
MARIPOSA,EMPIRE,2017-08-01,2017-10-31,12740.0,31,0,2017,8
DEL NORTE,YOUNG,2017-08-07,2017-10-15,0.0,15,0,2017,10
DEL NORTE,YOUNG,2017-08-07,2017-10-15,0.0,30,0,2017,9
DEL NORTE,YOUNG,2017-08-07,2017-10-15,42754.0,25,0,2017,8
MARIPOSA,SOUTH FORK,2017-08-13,2017-11-30,0.0,31,0,2017,10
SISKIYOU,SALMON AUGUST COMPLEX,2017-08-13,2017-10-20,131778.0,19,0,2017,8
MARIPOSA,SOUTH FORK,2017-08-13,2017-11-30,21000.0,19,0,2017,8
SISKIYOU,SALMON AUGUST COMPLEX,2017-08-13,2017-10-20,0.0,30,0,2017,9
SISKIYOU,SALMON AUGUST COMPLEX,2017-08-13,2017-10-20,0.0,20,0,2017,10
MARIPOSA,SOUTH FORK,2017-08-13,2017-11-30,0.0,30,0,2017,11
MARIPOSA,SOUTH FORK,2017-08-13,2017-11-30,0.0,30,0,2017,9
JACKSON (OR),MILLER COMPLEX,2017-08-14,2017-11-30,0.0,30,0,2017,11
JACKSON (OR),MILLER COMPLEX,2017-08-14,2017-11-30,0.0,31,0,2017,10
JACKSON (OR),MILLER COMPLEX,2017-08-14,2017-11-30,0.0,30,0,2017,9
JACKSON (OR),MILLER COMPLEX,2017-08-14,2017-11-30,119148.0,18,0,2017,8
SISKIYOU,ECLIPSE COMPLEX,2017-08-15,2017-10-10,0.0,10,0,2017,10
SISKIYOU,ECLIPSE COMPLEX,2017-08-15,2017-10-10,157396.0,17,0,2017,8
SISKIYOU,ECLIPSE COMPLEX,2017-08-15,2017-10-10,0.0,30,0,2017,9
MODOC,BOLES,2017-08-23,2017-09-04,0.0,4,0,2017,9
MODOC,BOLES,2017-08-23,2017-09-04,371.0,9,0,2017,8
LASSEN,MUD,2017-08-29,2017-09-01,6042.0,3,0,2017,8
MONO,SLINKARD,2017-08-29,2017-09-11,8925.0,3,0,2017,8
BUTTE,PONDEROSA,2017-08-29,2017-10-28,8032.0,3,0,2017,8
BUTTE,PONDEROSA,2017-08-29,2017-10-28,0.0,30,0,2017,9
BUTTE,PONDEROSA,2017-08-29,2017-10-28,0.0,28,0,2017,10
TULARE,PIER,2017-08-29,2017-09-24,0.0,24,0,2017,9
TULARE,PIER,2017-08-29,2017-09-24,36556.0,3,0,2017,8
MONO,SLINKARD,2017-08-29,2017-09-11,0.0,11,0,2017,9
MADERA,RAILROAD,2017-08-29,2017-09-15,12407.0,3,1,2017,8
MADERA,RAILROAD,2017-08-29,2017-09-15,0.0,15,0,2017,9
LASSEN,MUD,2017-08-29,2017-09-01,0.0,1,0,2017,9
WASHOE (NV),R-4,2017-08-30,2017-09-18,18618.0,2,0,2017,8
WASHOE (NV),R-4,2017-08-30,2017-09-18,0.0,18,0,2017,9
TRINITY,HELENA,2017-08-30,2017-10-19,0.0,19,0,2017,10
NEVADA,PLEASANT,2017-08-30,2017-09-06,392.0,2,0,2017,8
TRINITY,HELENA,2017-08-30,2017-10-19,0.0,30,0,2017,9
TRINITY,HELENA,2017-08-30,2017-10-19,42898.0,2,0,2017,8
NEVADA,PLEASANT,2017-08-30,2017-09-06,0.0,6,0,2017,9
TUOLUMNE,CREEK,2017-09-03,2017-11-20,0.0,20,0,2017,11
TUOLUMNE,CREEK,2017-09-03,2017-11-20,0.0,31,0,2017,10
TUOLUMNE,CREEK,2017-09-03,2017-11-20,3498.0,28,0,2017,9
PLUMAS,EUREKA,2017-09-05,2017-10-31,437.0,26,0,2017,9
PLUMAS,EUREKA,2017-09-05,2017-10-31,0.0,31,0,2017,10
EL DORADO,TABLE,2017-09-08,2017-10-17,426.0,23,0,2017,9
EL DORADO,TABLE,2017-09-08,2017-10-17,0.0,17,0,2017,10
TRINITY,BUCK,2017-09-12,2017-11-05,26868.0,19,0,2017,9
SHASTA,BERRY,2017-09-12,2017-10-04,0.0,4,0,2017,10
TRINITY,BUCK,2017-09-12,2017-11-05,0.0,31,0,2017,10
TRINITY,BUCK,2017-09-12,2017-11-05,0.0,5,0,2017,11
SHASTA,BERRY,2017-09-12,2017-10-04,900.0,19,0,2017,9
TULARE,LION,2017-09-24,2017-11-27,38430.0,7,0,2017,9
TULARE,LION,2017-09-24,2017-11-27,0.0,31,0,2017,10
TULARE,LION,2017-09-24,2017-11-27,0.0,27,0,2017,11
ORANGE,CANYON,2017-09-25,2017-10-03,2662.0,6,0,2017,9
ORANGE,CANYON,2017-09-25,2017-10-03,0.0,3,0,2017,10
SANTA BARBARA,RUCKER,2017-09-29,2017-10-04,0.0,4,0,2017,10
SANTA BARBARA,RUCKER,2017-09-29,2017-10-04,444.0,2,0,2017,9
BUTTE,CHEROKEE,2017-10-08,2017-11-05,8500.0,24,0,2017,10
BUTTE,CHEROKEE,2017-10-08,2017-11-05,0.0,5,0,2017,11
RIVERSIDE,WILDOMAR,2017-10-26,2017-11-01,866.0,6,0,2017,10
RIVERSIDE,WILDOMAR,2017-10-26,2017-11-01,0.0,1,0,2017,11
VENTURA,THOMAS,2017-12-04,2018-01-12,0.0,28,0,2017,12
VENTURA,THOMAS,2017-12-04,2018-01-12,281893.0,12,2,2018,1
MADERA,LIONS,2018-06-11,2018-07-14,12990.0,20,0,2018,6
MADERA,LIONS,2018-06-11,2018-07-14,0.0,14,0,2018,7
TEHAMA,LANE,2018-06-23,2018-07-04,3392.0,8,0,2018,6
TEHAMA,LANE,2018-06-23,2018-07-04,0.0,4,0,2018,7
LAKE,PAWNEE,2018-06-23,2018-07-08,15180.0,8,0,2018,6
LAKE,PAWNEE,2018-06-23,2018-07-08,0.0,8,0,2018,7
SAN JOAQUIN,WAVERLY,2018-06-29,2018-07-12,11789.0,2,0,2018,6
SAN JOAQUIN,WAVERLY,2018-06-29,2018-07-12,0.0,12,0,2018,7
YOLO,COUNTY,2018-06-30,2018-07-14,0.0,14,0,2018,7
YOLO,COUNTY,2018-06-30,2018-07-14,90000.0,1,0,2018,6
MARIPOSA,FERGUSON,2018-07-13,2018-08-22,96901.0,19,2,2018,7
MARIPOSA,FERGUSON,2018-07-13,2018-08-22,0.0,22,0,2018,8
SHASTA,CARR,2018-07-23,2018-09-01,0.0,1,0,2018,9
SHASTA,CARR,2018-07-23,2018-09-01,0.0,31,0,2018,8
SHASTA,CARR,2018-07-23,2018-09-01,459302.0,9,14,2018,7
RIVERSIDE,CRANSTON,2018-07-25,2018-08-09,13139.0,7,0,2018,7
RIVERSIDE,CRANSTON,2018-07-25,2018-08-09,0.0,9,0,2018,8
COLUSA,"RIVER - MENDOCINO
COMPLEX",2018-07-27,2018-09-27,0.0,27,0,2018,9
COLUSA,"RIVER - MENDOCINO
COMPLEX",2018-07-27,2018-09-27,97840.0,5,0,2018,7
LASSEN,WHALEBACK,2018-07-27,2018-08-06,18703.0,5,0,2018,7
LASSEN,WHALEBACK,2018-07-27,2018-08-06,0.0,6,0,2018,8
COLUSA,"RANCH - MENDOCINO
COMPLEX",2018-07-27,2018-08-17,410203.0,5,1,2018,7
COLUSA,"RANCH - MENDOCINO
COMPLEX",2018-07-27,2018-08-17,0.0,17,0,2018,8
COLUSA,"RIVER - MENDOCINO
COMPLEX",2018-07-27,2018-09-27,0.0,31,0,2018,8
MENDOCINO,EEL,2018-07-31,2018-08-08,972.0,1,0,2018,7
SUTTER,BUTTE,2018-07-31,2018-08-02,0.0,2,0,2018,8
SUTTER,BUTTE,2018-07-31,2018-08-02,1000.0,1,0,2018,7
MENDOCINO,EEL,2018-07-31,2018-08-08,0.0,8,0,2018,8
MONO,HOTCREEK,2018-07-31,2018-08-05,0.0,5,0,2018,8
MONO,HOTCREEK,2018-07-31,2018-08-05,419.0,1,0,2018,7
MONO,OWENS,2018-07-31,2018-08-05,0.0,5,0,2018,8
MONO,OWENS,2018-07-31,2018-08-05,338.0,1,0,2018,7
TUOLUMNE,DONNELL,2018-08-01,2018-10-31,72900.0,31,0,2018,8
TUOLUMNE,DONNELL,2018-08-01,2018-10-31,0.0,30,0,2018,9
TUOLUMNE,DONNELL,2018-08-01,2018-10-31,0.0,31,0,2018,10
ORANGE,HOLY,2018-08-06,2018-09-14,23025.0,26,0,2018,8
ORANGE,HOLY,2018-08-06,2018-09-14,0.0,14,0,2018,9
SHASTA,HIRZ,2018-08-09,2018-09-12,0.0,12,0,2018,9
SHASTA,HIRZ,2018-08-09,2018-09-12,46051.0,23,0,2018,8
MODOC,STONE,2018-08-15,2018-09-01,0.0,1,0,2018,9
MODOC,STONE,2018-08-15,2018-09-01,39387.0,17,0,2018,8
SHASTA,DELTA,2018-09-05,2018-10-11,63311.0,26,0,2018,9
SHASTA,DELTA,2018-09-05,2018-10-11,0.0,11,0,2018,10
TULARE,ALDER,2018-10-04,2018-12-22,9308.0,28,0,2018,10
TULARE,ALDER,2018-10-04,2018-12-22,0.0,22,0,2018,12
TULARE,ALDER,2018-10-04,2018-12-22,0.0,30,0,2018,11
TULARE,MOUNTAINEER,2018-10-13,2018-12-22,0.0,30,0,2018,11
TULARE,MOUNTAINEER,2018-10-13,2018-12-22,0.0,22,0,2018,12
TULARE,MOUNTAINEER,2018-10-13,2018-12-22,2540.0,19,0,2018,10
BUTTE,JUNES,2018-10-30,2018-11-12,550.0,2,0,2018,10
BUTTE,JUNES,2018-10-30,2018-11-12,0.0,12,0,2018,11
BUTTE,CAMP,2018-11-08,2018-12-20,153336.0,23,85,2018,11
BUTTE,CAMP,2018-11-08,2018-12-20,0.0,20,0,2018,12
TUOLUMNE,ROSASCO,2019-05-23,2019-09-11,0.0,30,0,2019,6
TUOLUMNE,ROSASCO,2019-05-23,2019-09-11,0.0,31,0,2019,8
TUOLUMNE,ROSASCO,2019-05-23,2019-09-11,0.0,11,0,2019,9
TUOLUMNE,ROSASCO,2019-05-23,2019-09-11,2924.0,9,0,2019,5
TUOLUMNE,ROSASCO,2019-05-23,2019-09-11,0.0,31,0,2019,7
TULARE,JORDAN,2019-06-09,2019-07-01,0.0,1,0,2019,7
TULARE,JORDAN,2019-06-09,2019-07-01,591.0,22,0,2019,6
TRINITY,EAST,2019-06-17,2019-07-18,410.0,14,0,2019,6
TRINITY,EAST,2019-06-17,2019-07-18,0.0,18,0,2019,7
TULARE,COW,2019-07-25,2019-10-11,0.0,31,0,2019,8
TULARE,COW,2019-07-25,2019-10-11,0.0,11,0,2019,10
TULARE,COW,2019-07-25,2019-10-11,6075.0,7,0,2019,7
TULARE,COW,2019-07-25,2019-10-11,0.0,30,0,2019,9
MONO,SPRINGS,2019-07-26,2019-10-01,0.0,1,0,2019,10
MONO,SPRINGS,2019-07-26,2019-10-01,14520.0,6,0,2019,7
MONO,SPRINGS,2019-07-26,2019-10-01,0.0,31,0,2019,8
MONO,SPRINGS,2019-07-26,2019-10-01,0.0,30,0,2019,9
MODOC,TUCKER,2019-07-28,2019-08-04,14150.0,4,0,2019,7
MODOC,TUCKER,2019-07-28,2019-08-04,0.0,4,0,2019,8
MONTEREY,LAKE,2019-07-29,2019-08-01,0.0,1,0,2019,8
MONTEREY,LAKE,2019-07-29,2019-08-01,306.0,3,0,2019,7
MONTEREY,MILL,2019-07-30,2019-08-08,0.0,8,0,2019,8
MONTEREY,MILL,2019-07-30,2019-08-08,310.0,2,0,2019,7
TULARE,BRODER,2019-08-08,2019-09-20,381.0,24,0,2019,8
TULARE,BRODER,2019-08-08,2019-09-20,0.0,20,0,2019,9
LASSEN,R-1 RANCH,2019-08-28,2019-09-04,0.0,4,0,2019,9
LASSEN,R-1 RANCH,2019-08-28,2019-09-04,3380.0,4,0,2019,8
TULARE,CREEK,2019-08-31,2019-09-04,756.0,1,0,2019,8
TULARE,CREEK,2019-08-31,2019-09-04,0.0,4,0,2019,9
INYO,TABOOSE,2019-09-04,2019-11-21,0.0,21,0,2019,11
INYO,TABOOSE,2019-09-04,2019-11-21,0.0,31,0,2019,10
INYO,TABOOSE,2019-09-04,2019-11-21,20800.0,27,0,2019,9
TEHAMA,SOUTH,2019-09-05,2019-11-27,0.0,27,0,2019,11
TEHAMA,SOUTH,2019-09-05,2019-11-27,0.0,31,0,2019,10
TRINITY,MIDDLE,2019-09-05,2019-10-11,1339.0,26,0,2019,9
TRINITY,MIDDLE,2019-09-05,2019-10-11,0.0,11,0,2019,10
TEHAMA,SOUTH,2019-09-05,2019-11-27,10664.0,26,0,2019,9
SONOMA,KINCADE,2019-10-23,2019-11-10,77758.0,9,0,2019,10
SONOMA,KINCADE,2019-10-23,2019-11-10,0.0,10,0,2019,11
MENDOCINO,BURRIS,2019-10-27,2019-11-02,0.0,2,0,2019,11
MENDOCINO,BURRIS,2019-10-27,2019-11-02,703.0,5,0,2019,10
LOS ANGELES,GETTY,2019-10-28,2019-11-14,745.0,4,0,2019,10
LOS ANGELES,GETTY,2019-10-28,2019-11-14,0.0,14,0,2019,11
VENTURA,EASY,2019-10-30,2019-11-08,2375.0,2,0,2019,10
VENTURA,EASY,2019-10-30,2019-11-08,0.0,8,0,2019,11
RIVERSIDE,HILL,2019-10-31,2019-11-03,628.0,1,0,2019,10
VENTURA,MARIA,2019-10-31,2019-11-06,0.0,6,0,2019,11
VENTURA,MARIA,2019-10-31,2019-11-06,9999.0,1,0,2019,10
RIVERSIDE,HILL,2019-10-31,2019-11-03,0.0,3,0,2019,11
SANTA BARBARA,CAVE,2019-11-25,2019-12-13,3126.0,6,0,2019,11
SANTA BARBARA,CAVE,2019-11-25,2019-12-13,0.0,13,0,2019,12
SANTA BARBARA,SCORPION,2020-05-31,2020-06-05,0.0,5,0,2020,6
SANTA BARBARA,SCORPION,2020-05-31,2020-06-05,1395.0,1,0,2020,5
LASSEN,HOG,2020-07-18,2020-08-28,9564.0,14,0,2020,7
LASSEN,HOG,2020-07-18,2020-08-28,0.0,28,0,2020,8
LASSEN,GOLD,2020-07-20,2020-09-29,0.0,29,0,2020,9
LASSEN,GOLD,2020-07-20,2020-09-29,0.0,31,0,2020,8
LASSEN,GOLD,2020-07-20,2020-09-29,45228.0,12,0,2020,7
SISKIYOU,JULY COMPLEX,2020-07-22,2020-08-22,0.0,22,0,2020,8
SISKIYOU,JULY COMPLEX,2020-07-22,2020-08-22,83261.0,10,0,2020,7
MARIPOSA,BLUEJAY,2020-07-24,2020-11-19,0.0,31,0,2020,10
MARIPOSA,BLUEJAY,2020-07-24,2020-11-19,27688.0,8,0,2020,7
MARIPOSA,BLUEJAY,2020-07-24,2020-11-19,0.0,19,0,2020,11
MARIPOSA,BLUEJAY,2020-07-24,2020-11-19,0.0,30,0,2020,9
MARIPOSA,BLUEJAY,2020-07-24,2020-11-19,0.0,31,0,2020,8
HUMBOLDT,RED SALMON COMPLEX,2020-07-28,2020-11-16,578792.0,4,0,2020,7
HUMBOLDT,RED SALMON COMPLEX,2020-07-28,2020-11-16,0.0,31,0,2020,8
HUMBOLDT,RED SALMON COMPLEX,2020-07-28,2020-11-16,0.0,30,0,2020,9
HUMBOLDT,RED SALMON COMPLEX,2020-07-28,2020-11-16,0.0,31,0,2020,10
HUMBOLDT,RED SALMON COMPLEX,2020-07-28,2020-11-16,0.0,16,0,2020,11
SAN LUIS OBISPO,BRANCH,2020-07-28,2020-08-03,0.0,3,0,2020,8
SAN LUIS OBISPO,BRANCH,2020-07-28,2020-08-03,3222.0,4,0,2020,7
RIVERSIDE,APPLE,2020-07-31,2020-11-18,0.0,18,0,2020,11
RIVERSIDE,APPLE,2020-07-31,2020-11-18,0.0,31,0,2020,8
RIVERSIDE,APPLE,2020-07-31,2020-11-18,133696.0,1,0,2020,7
RIVERSIDE,APPLE,2020-07-31,2020-11-18,0.0,30,0,2020,9
RIVERSIDE,APPLE,2020-07-31,2020-11-18,0.0,31,0,2020,10
FRESNO,TRIMMER,2020-08-03,2020-09-01,0.0,1,0,2020,9
FRESNO,TRIMMER,2020-08-03,2020-09-01,594.0,29,0,2020,8
TUOLUMNE,WOLF,2020-08-11,2020-11-19,0.0,19,0,2020,11
TUOLUMNE,WOLF,2020-08-11,2020-11-19,0.0,31,0,2020,10
TUOLUMNE,WOLF,2020-08-11,2020-11-19,0.0,30,0,2020,9
TUOLUMNE,WOLF,2020-08-11,2020-11-19,6171.0,21,0,2020,8
LOS ANGELES,LAKE,2020-08-12,2020-09-30,31089.0,20,0,2020,8
LOS ANGELES,LAKE,2020-08-12,2020-09-30,0.0,30,0,2020,9
LOS ANGELES,RANCH 2,2020-08-13,2020-09-03,0.0,3,0,2020,9
LOS ANGELES,RANCH 2,2020-08-13,2020-09-03,4237.0,19,0,2020,8
FRESNO,HILLS,2020-08-15,2020-09-27,2121.0,17,1,2020,8
FRESNO,HILLS,2020-08-15,2020-09-27,0.0,27,0,2020,9
CONTRA COSTA,"SCU LIGHTNING
COMPLEX",2020-08-16,2020-09-15,0.0,15,0,2020,9
SAN MATEO,"CZU AUGUST LIGHTNING
COMPLEX",2020-08-16,2020-09-22,0.0,22,0,2020,9
SAN MATEO,"CZU AUGUST LIGHTNING
COMPLEX",2020-08-16,2020-09-22,86509.0,16,1,2020,8
CONTRA COSTA,"SCU LIGHTNING
COMPLEX",2020-08-16,2020-09-15,396625.0,16,0,2020,8
TULARE,RATTLESNAKE,2020-08-16,2020-12-31,0.0,31,0,2020,10
TULARE,RATTLESNAKE,2020-08-16,2020-12-31,0.0,30,0,2020,9
TULARE,RATTLESNAKE,2020-08-16,2020-12-31,0.0,30,0,2020,11
TULARE,RATTLESNAKE,2020-08-16,2020-12-31,0.0,31,0,2020,12
MONTEREY,RIVER,2020-08-16,2020-09-04,48088.0,16,0,2020,8
MONTEREY,RIVER,2020-08-16,2020-09-04,0.0,4,0,2020,9
TULARE,RATTLESNAKE,2020-08-16,2020-12-31,33676.0,16,0,2020,8
NAPA,"LNU LIGHTNING
COMPLEX",2020-08-17,2020-09-22,363220.0,15,5,2020,8
NAPA,"LNU LIGHTNING
COMPLEX",2020-08-17,2020-09-22,0.0,22,0,2020,9
TRINITY,AUGUST COMPLEX,2020-08-17,2020-11-15,0.0,30,0,2020,9
PLUMAS,SHEEP,2020-08-17,2020-09-09,0.0,9,0,2020,9
TRINITY,AUGUST COMPLEX,2020-08-17,2020-11-15,0.0,31,0,2020,10
BUTTE,"BUTTE TEHAMA GLENN
COMPLEX",2020-08-17,2020-09-16,19609.0,15,0,2020,8
TRINITY,AUGUST COMPLEX,2020-08-17,2020-11-15,0.0,15,0,2020,11
TRINITY,"AUGUST COMPLEX WEST
ZONE",2020-08-17,2020-10-15,286362.0,15,0,2020,8
TRINITY,AUGUST COMPLEX,2020-08-17,2020-11-15,2668401.0,15,3,2020,8
TRINITY,"AUGUST COMPLEX WEST
ZONE",2020-08-17,2020-10-15,0.0,30,0,2020,9
TRINITY,"AUGUST COMPLEX WEST
ZONE",2020-08-17,2020-10-15,0.0,15,0,2020,10
PLUMAS,SHEEP,2020-08-17,2020-09-09,29570.0,15,0,2020,8
NEVADA,JONES,2020-08-17,2020-09-06,705.0,15,0,2020,8
BUTTE,"BUTTE TEHAMA GLENN
COMPLEX",2020-08-17,2020-09-16,0.0,16,0,2020,9
PLUMAS,NORTH COMPLEX,2020-08-17,2020-11-30,0.0,30,0,2020,11
PLUMAS,NORTH COMPLEX,2020-08-17,2020-11-30,0.0,31,0,2020,10
PLUMAS,NORTH COMPLEX,2020-08-17,2020-11-30,0.0,30,0,2020,9
PLUMAS,NORTH COMPLEX,2020-08-17,2020-11-30,956805.0,15,48,2020,8
NEVADA,JONES,2020-08-17,2020-09-06,0.0,6,0,2020,9
MARIN,WOODWARD,2020-08-18,2020-10-01,9858.0,14,0,2020,8
MONTEREY,DOLAN,2020-08-18,2020-12-31,0.0,30,0,2020,9
MONTEREY,DOLAN,2020-08-18,2020-12-31,499696.0,14,0,2020,8
MONTEREY,DOLAN,2020-08-18,2020-12-31,0.0,31,0,2020,10
MONTEREY,CARMEL,2020-08-18,2020-09-06,0.0,6,0,2020,9
MONTEREY,DOLAN,2020-08-18,2020-12-31,0.0,31,0,2020,12
MONTEREY,CARMEL,2020-08-18,2020-09-06,6901.0,14,0,2020,8
LASSEN,W-5 COLD SPRINGS,2020-08-18,2020-09-13,84817.0,14,0,2020,8
MONTEREY,DOLAN,2020-08-18,2020-12-31,0.0,30,0,2020,11
MARIN,WOODWARD,2020-08-18,2020-10-01,0.0,1,0,2020,10
LASSEN,W-5 COLD SPRINGS,2020-08-18,2020-09-13,0.0,13,0,2020,9
MARIN,WOODWARD,2020-08-18,2020-10-01,0.0,30,0,2020,9
TULARE,SQF COMPLEX,2020-08-19,2021-01-07,0.0,31,0,2020,12
TULARE,SQF COMPLEX,2020-08-19,2021-01-07,0.0,30,0,2020,11
TULARE,SQF COMPLEX,2020-08-19,2021-01-07,875095.0,7,0,2021,1
TULARE,SQF COMPLEX,2020-08-19,2021-01-07,0.0,13,0,2020,8
TULARE,SQF COMPLEX,2020-08-19,2021-01-07,0.0,30,0,2020,9
TULARE,SQF COMPLEX,2020-08-19,2021-01-07,0.0,31,0,2020,10
TULARE,MORAINE,2020-08-21,2020-12-31,0.0,31,0,2020,12
TULARE,MORAINE,2020-08-21,2020-12-31,0.0,30,0,2020,11
TULARE,MORAINE,2020-08-21,2020-12-31,0.0,31,0,2020,10
TULARE,MORAINE,2020-08-21,2020-12-31,0.0,30,0,2020,9
TULARE,MORAINE,2020-08-21,2020-12-31,5264.0,11,0,2020,8
MONO,SLINK,2020-08-29,2020-10-15,53518.0,3,0,2020,8
MONO,SLINK,2020-08-29,2020-10-15,0.0,30,0,2020,9
MONO,SLINK,2020-08-29,2020-10-15,0.0,15,0,2020,10
FRESNO,CREEK,2020-09-04,2020-12-31,1139685.0,27,0,2020,9
FRESNO,CREEK,2020-09-04,2020-12-31,0.0,31,0,2020,10
FRESNO,CREEK,2020-09-04,2020-12-31,0.0,31,0,2020,12
FRESNO,CREEK,2020-09-04,2020-12-31,0.0,30,0,2020,11
SAN BERNARDINO,EL DORADO,2020-09-05,2020-11-16,0.0,16,0,2020,11
SAN BERNARDINO,EL DORADO,2020-09-05,2020-11-16,45488.0,26,2,2020,9
SAN BERNARDINO,EL DORADO,2020-09-05,2020-11-16,0.0,31,0,2020,10
LOS ANGELES,BOBCAT,2020-09-06,2020-11-30,0.0,30,0,2020,11
LOS ANGELES,BOBCAT,2020-09-06,2020-11-30,0.0,31,0,2020,10
LOS ANGELES,BOBCAT,2020-09-06,2020-11-30,231994.0,25,0,2020,9
FRESNO,BULLFROG,2020-09-08,2020-11-15,2370.0,23,0,2020,9
SISKIYOU,SLATER,2020-09-08,2020-11-15,0.0,15,0,2020,11
SISKIYOU,SLATER,2020-09-08,2020-11-15,0.0,31,0,2020,10
FRESNO,BULLFROG,2020-09-08,2020-11-15,0.0,31,0,2020,10
EL DORADO,FORK,2020-09-08,2020-11-08,0.0,8,0,2020,11
EL DORADO,FORK,2020-09-08,2020-11-08,0.0,31,0,2020,10
EL DORADO,FORK,2020-09-08,2020-11-08,3346.0,23,0,2020,9
SISKIYOU,SLATER,2020-09-08,2020-11-15,314540.0,23,4,2020,9
FRESNO,BULLFROG,2020-09-08,2020-11-15,0.0,15,0,2020,11
SISKIYOU,DEVIL,2020-09-09,2020-11-07,17714.0,22,0,2020,9
SISKIYOU,DEVIL,2020-09-09,2020-11-07,0.0,31,0,2020,10
SISKIYOU,DEVIL,2020-09-09,2020-11-07,0.0,7,0,2020,11
SHASTA,ZOGG,2020-09-27,2020-10-14,0.0,14,0,2020,10
NAPA,GLASS,2020-09-27,2020-10-20,0.0,20,0,2020,10
NAPA,GLASS,2020-09-27,2020-10-20,67484.0,4,0,2020,9
SHASTA,ZOGG,2020-09-27,2020-10-14,56338.0,4,4,2020,9
MONTEREY,COLEMAN,2020-10-18,2020-11-15,574.0,14,0,2020,10
MONTEREY,COLEMAN,2020-10-18,2020-11-15,0.0,15,0,2020,11
ORANGE,BLUE RIDGE,2020-10-26,2020-11-07,13694.0,6,0,2020,10
ORANGE,SILVERADO,2020-10-26,2020-11-07,0.0,7,0,2020,11
ORANGE,BLUE RIDGE,2020-10-26,2020-11-07,0.0,7,0,2020,11
ORANGE,SILVERADO,2020-10-26,2020-11-07,12466.0,6,0,2020,10
LOS ANGELES,NORTH,2021-04-28,2021-05-02,0.0,2,0,2021,5
LOS ANGELES,NORTH,2021-04-28,2021-05-02,650.0,3,0,2021,4
MONTEREY,SARGENTS,2021-05-30,2021-06-02,0.0,2,0,2021,6
MONTEREY,SARGENTS,2021-05-30,2021-06-02,1118.0,2,0,2021,5
MONTEREY,WILLOW,2021-06-17,2021-07-11,2877.0,14,0,2021,6
MONTEREY,WILLOW,2021-06-17,2021-07-11,0.0,11,0,2021,7
TULARE,NETTLE,2021-06-18,2021-07-01,1265.0,13,0,2021,6
TULARE,NETTLE,2021-06-18,2021-07-01,0.0,1,0,2021,7
INYO,INYO CREEK,2021-06-19,2021-07-06,592.0,12,0,2021,6
INYO,INYO CREEK,2021-06-19,2021-07-06,0.0,6,0,2021,7
SISKIYOU,LAVA,2021-06-24,2021-09-01,79227.0,7,0,2021,6
SISKIYOU,LAVA,2021-06-24,2021-09-01,0.0,31,0,2021,7
SISKIYOU,LAVA,2021-06-24,2021-09-01,0.0,31,0,2021,8
SISKIYOU,LAVA,2021-06-24,2021-09-01,0.0,1,0,2021,9
ALPINE,HENRY,2021-06-25,2021-08-27,2640.0,6,0,2021,6
ALPINE,HENRY,2021-06-25,2021-08-27,0.0,31,0,2021,7
ALPINE,HENRY,2021-06-25,2021-08-27,0.0,27,0,2021,8
KERN,SHELL,2021-06-27,2021-07-01,1984.0,4,0,2021,6
KERN,SHELL,2021-06-27,2021-07-01,0.0,1,0,2021,7
SISKIYOU,TENNANT,2021-06-28,2021-07-31,10580.0,3,0,2021,6
SISKIYOU,TENNANT,2021-06-28,2021-07-31,0.0,31,0,2021,7
SHASTA,SALT,2021-06-30,2021-07-19,0.0,19,0,2021,7
SHASTA,SALT,2021-06-30,2021-07-19,12660.0,1,0,2021,6
TUOLUMNE,LUKENS,2021-07-01,2021-08-15,0.0,15,0,2021,8
TUOLUMNE,LUKENS,2021-07-01,2021-08-15,867.0,31,0,2021,7
PLUMAS,"BECKWOURTH
COMPLEX",2021-07-03,2021-10-01,0.0,30,0,2021,9
PLUMAS,"BECKWOURTH
COMPLEX",2021-07-03,2021-10-01,0.0,1,0,2021,10
PLUMAS,"BECKWOURTH
COMPLEX",2021-07-03,2021-10-01,0.0,31,0,2021,8
PLUMAS,"BECKWOURTH
COMPLEX",2021-07-03,2021-10-01,317010.0,29,0,2021,7
ALPINE,TAMARACK,2021-07-04,2021-10-15,0.0,15,0,2021,10
ALPINE,TAMARACK,2021-07-04,2021-10-15,0.0,31,0,2021,8
ALPINE,TAMARACK,2021-07-04,2021-10-15,205911.0,28,0,2021,7
ALPINE,TAMARACK,2021-07-04,2021-10-15,0.0,30,0,2021,9
PLUMAS,DIXIE,2021-07-13,2021-10-26,2889927.0,19,0,2021,7
PLUMAS,DIXIE,2021-07-13,2021-10-26,0.0,30,0,2021,9
PLUMAS,DIXIE,2021-07-13,2021-10-26,0.0,26,0,2021,10
PLUMAS,DIXIE,2021-07-13,2021-10-26,0.0,31,0,2021,8
KERN,PEAK,2021-07-20,2021-08-03,2098.0,12,0,2021,7
KERN,PEAK,2021-07-20,2021-08-03,0.0,3,0,2021,8
SHASTA,MCFARLAND,2021-07-29,2021-09-09,0.0,9,0,2021,9
SHASTA,MCFARLAND,2021-07-29,2021-09-09,245306.0,3,0,2021,7
SHASTA,MCFARLAND,2021-07-29,2021-09-09,0.0,31,0,2021,8
TRINITY,MONUMENT,2021-07-30,2021-11-01,0.0,31,0,2021,10
TRINITY,MONUMENT,2021-07-30,2021-11-01,0.0,30,0,2021,9
TRINITY,MONUMENT,2021-07-30,2021-11-01,0.0,31,0,2021,8
TRINITY,MONUMENT,2021-07-30,2021-11-01,892496.0,2,0,2021,7
SISKIYOU,RIVER COMPLEX,2021-07-30,2021-11-01,0.0,1,0,2021,11
SISKIYOU,RIVER COMPLEX,2021-07-30,2021-11-01,0.0,30,0,2021,9
SISKIYOU,RIVER COMPLEX,2021-07-30,2021-11-01,0.0,31,0,2021,8
SISKIYOU,RIVER COMPLEX,2021-07-30,2021-11-01,797436.0,2,0,2021,7
SISKIYOU,RIVER COMPLEX,2021-07-30,2021-11-01,0.0,31,0,2021,10
TRINITY,MONUMENT,2021-07-30,2021-11-01,0.0,1,0,2021,11
LOS ANGELES,HUNGRY,2021-07-31,2021-08-02,364.0,1,0,2021,7
LOS ANGELES,HUNGRY,2021-07-31,2021-08-02,0.0,2,0,2021,8
TUOLUMNE,TILTILL,2021-07-31,2021-10-22,0.0,22,0,2021,10
SISKIYOU,MCCASH,2021-07-31,2021-10-31,0.0,31,0,2021,8
SISKIYOU,MCCASH,2021-07-31,2021-10-31,284886.0,1,0,2021,7
TUOLUMNE,TILTILL,2021-07-31,2021-10-22,0.0,31,0,2021,8
TUOLUMNE,TILTILL,2021-07-31,2021-10-22,0.0,30,0,2021,9
TUOLUMNE,TILTILL,2021-07-31,2021-10-22,7050.0,1,0,2021,7
SISKIYOU,MCCASH,2021-07-31,2021-10-31,0.0,31,0,2021,10
SISKIYOU,MCCASH,2021-07-31,2021-10-31,0.0,30,0,2021,9
SISKIYOU,ANTELOPE,2021-08-01,2021-10-13,0.0,13,0,2021,10
SISKIYOU,ANTELOPE,2021-08-01,2021-10-13,291264.0,31,0,2021,8
SISKIYOU,ANTELOPE,2021-08-01,2021-10-13,0.0,30,0,2021,9
PLACER,RIVER,2021-08-04,2021-09-22,0.0,22,0,2021,9
PLACER,RIVER,2021-08-04,2021-09-22,2619.0,28,0,2021,8
EL DORADO,CALDOR,2021-08-14,2021-10-21,0.0,21,0,2021,10
EL DORADO,CALDOR,2021-08-14,2021-10-21,443670.0,18,0,2021,8
EL DORADO,CALDOR,2021-08-14,2021-10-21,0.0,30,0,2021,9
TULARE,WALKERS,2021-08-15,2021-10-02,17554.0,17,0,2021,8
TULARE,WALKERS,2021-08-15,2021-10-02,0.0,2,0,2021,10
TULARE,WALKERS,2021-08-15,2021-10-02,0.0,30,0,2021,9
KERN,FRENCH,2021-08-18,2021-10-20,0.0,20,0,2021,10
KERN,FRENCH,2021-08-18,2021-10-20,0.0,30,0,2021,9
KERN,FRENCH,2021-08-18,2021-10-20,53070.0,14,0,2021,8
CALAVERAS,AIROLA,2021-08-25,2021-09-02,0.0,2,0,2021,9
CALAVERAS,AIROLA,2021-08-25,2021-09-02,639.0,7,0,2021,8
SAN BERNARDINO,SOUTH,2021-08-25,2021-09-01,680.0,7,0,2021,8
SAN BERNARDINO,SOUTH,2021-08-25,2021-09-01,0.0,1,0,2021,9
RIVERSIDE,CHAPARRAL,2021-08-28,2021-09-08,1427.0,4,0,2021,8
RIVERSIDE,CHAPARRAL,2021-08-28,2021-09-08,0.0,8,0,2021,9
HUMBOLDT,KNOB,2021-08-29,2021-09-12,2421.0,3,0,2021,8
HUMBOLDT,KNOB,2021-08-29,2021-09-12,0.0,12,0,2021,9
SAN BERNARDINO,POND,2021-08-30,2021-09-04,0.0,4,0,2021,9
SAN BERNARDINO,POND,2021-08-30,2021-09-04,491.0,2,0,2021,8
TULARE,WINDY,2021-09-09,2021-11-11,0.0,11,0,2021,11
TULARE,WINDY,2021-09-09,2021-11-11,195056.0,22,0,2021,9
TULARE,WINDY,2021-09-09,2021-11-11,0.0,31,0,2021,10
TULARE,"KNP
COMPLEX",2021-09-11,2021-12-17,0.0,17,0,2021,12
TULARE,"KNP
COMPLEX",2021-09-11,2021-12-17,0.0,31,0,2021,10
TULARE,"KNP
COMPLEX",2021-09-11,2021-12-17,264921.0,20,0,2021,9
TULARE,"KNP
COMPLEX",2021-09-11,2021-12-17,0.0,30,0,2021,11
SHASTA,FAWN,2021-09-22,2021-10-02,0.0,2,0,2021,10
SHASTA,FAWN,2021-09-22,2021-10-02,8578.0,9,0,2021,9
SANTA BARBARA,ALISAL,2021-10-11,2021-11-21,16970.0,21,0,2021,10
SANTA BARBARA,ALISAL,2021-10-11,2021-11-21,0.0,21,0,2021,11
MONTEREY,COLORADO,2022-01-21,2022-02-02,0.0,2,0,2022,2
MONTEREY,COLORADO,2022-01-21,2022-02-02,687.0,11,0,2022,1
NAPA,OLD,2022-05-31,2022-06-05,0.0,5,0,2022,6
NAPA,OLD,2022-05-31,2022-06-05,570.0,1,0,2022,5
SAN LUIS OBISPO,CAMINO,2022-06-28,2022-07-03,387.0,3,0,2022,6
NEVADA,RICES,2022-06-28,2022-07-05,904.0,3,0,2022,6
SAN LUIS OBISPO,CAMINO,2022-06-28,2022-07-03,0.0,3,0,2022,7
GLENN,BURROWS,2022-06-28,2022-07-03,0.0,3,0,2022,7
GLENN,BURROWS,2022-06-28,2022-07-03,317.0,3,0,2022,6
NEVADA,RICES,2022-06-28,2022-07-05,0.0,5,0,2022,7
MARIPOSA,OAK,2022-07-22,2022-09-02,0.0,31,0,2022,8
MARIPOSA,OAK,2022-07-22,2022-09-02,38488.0,10,0,2022,7
MARIPOSA,OAK,2022-07-22,2022-09-02,0.0,2,0,2022,9
SAN DIEGO,BORDER 32,2022-08-31,2022-09-05,4456.0,1,0,2022,8
SAN DIEGO,BORDER 32,2022-08-31,2022-09-05,0.0,5,0,2022,9
LOS ANGELES,ROUTE,2022-08-31,2022-09-06,0.0,6,0,2022,9
LOS ANGELES,ROUTE,2022-08-31,2022-09-06,5208.0,1,0,2022,8
SISKIYOU,MOUNTAIN,2022-09-02,2022-10-30,13440.0,29,0,2022,9
SISKIYOU,MOUNTAIN,2022-09-02,2022-10-30,0.0,30,0,2022,10
PLACER,MOSQUITO,2022-09-06,2022-10-22,0.0,22,0,2022,10
PLACER,MOSQUITO,2022-09-06,2022-10-22,76788.0,25,0,2022,9
MODOC,BARNES,2022-09-07,2022-09-28,5843.0,22,0,2022,9
