County,Fire Name,Start,Contained,Acres,Deaths_FF,Deaths_Civil,Duration,Strux_Destr,Strux_Dmgd
Lake,"CONTROL BURN, GEYSERS",2008-02-13,2008-02-13,400,0,0,1,0,0
San Bernardino,Bluff,2008-03-16,2008-03-20,680,0,0,5,0,0
Mariposa,WAWONA NW,2008-04-09,2008-04-19,1130,0,0,11,0,0
Los Angeles,SANTA ANITA,2008-04-26,2008-05-02,584,0,0,7,0,0
Riverside,APACHE,2008-04-29,2008-05-04,769,0,0,6,0,0
Tehama,Colyear,2008-05-06,2008-05-09,1331,0,0,4,0,0
Tulare,HONEY BEE,2008-05-06,2008-05-23,1225,0,0,18,0,0
Los Angeles,BIGHORN,2008-05-14,2008-05-21,490,0,0,8,0,0
Fresno,Avocado,2008-05-20,2008-05-21,1100,0,0,2,0,0
Fresno,Gatos,2008-05-22,2008-05-22,331,0,0,1,0,0
Santa Clara,Summit,2008-05-22,2008-06-15,4270,0,0,25,0,0
Riverside,Johnson VMP,2008-05-28,2008-05-29,424,0,0,2,0,0
Tulare,CLOVER,2008-05-28,2008-07-20,15300,0,0,54,0,0
Sonoma,85,2008-06-05,2008-06-05,322,0,0,1,0,0
Kern,GRAPEVINE,2008-06-06,2008-06-08,507,0,0,3,0,0
Kern,RICHBAR,2008-06-07,2008-06-08,312,0,0,2,0,0
San Bernardino,ACOMA,2008-06-07,2008-06-10,356,0,0,4,0,0
Monterey,INDIANS,2008-06-08,2008-07-10,81378,0,0,33,0,0
Madera,41,2008-06-10,2008-06-11,3300,0,0,2,0,0
Butte,Ophir,2008-06-10,2008-06-11,1600,0,0,2,0,0
Tuolumne,LaGrange,2008-06-10,2008-06-12,1346,0,0,3,0,0
Sacramento,JACKSON,2008-06-10,2008-06-12,6400,0,0,3,0,0
Sonoma,Pine,2008-06-10,2008-10-14,989,0,0,127,0,0
Butte,Humboldt,2008-06-11,2008-06-16,23344,0,0,6,0,0
San Mateo,Martin Fire,2008-06-11,2008-06-30,520,0,0,20,0,0
Tehama,WHISKEY,2008-06-12,2008-06-22,7783,0,0,11,0,0
San Mateo,Trabing,2008-06-20,2008-06-22,630,0,0,3,0,0
Mendocino,Albion River Lightning,2008-06-20,2008-06-30,1000,0,0,11,0,0
Humboldt,MAD COMPLEX,2008-06-20,2008-07-21,3705,0,0,32,0,0
Humboldt,HELLS HALF COMPLEX,2008-06-20,2008-07-28,15146,0,0,39,0,0
Trinity,LIME COMPLEX,2008-06-20,2008-08-15,98715,0,0,57,0,0
Humboldt,UKONOM-SOUTH COMPLEX,2008-06-20,2008-09-15,29327,0,0,88,0,0
Mendocino,Wagers Lightning,2008-06-21,2008-06-21,3000,0,0,1,0,0
Butte,West Branch,2008-06-21,2008-06-21,3206,0,0,1,0,0
Butte,Flea Valley,2008-06-21,2008-06-21,1248,0,0,1,0,0
Butte,Lynch,2008-06-21,2008-06-21,800,0,0,1,0,0
Santa Clara,Humming Bird,2008-06-21,2008-06-24,750,0,0,4,0,0
San Benito,Brown Complex,2008-06-21,2008-06-25,3870,0,0,5,0,0
Sonoma,Wild,2008-06-21,2008-06-26,4200,0,0,6,0,0
Mendocino,Brushy 1 Lightning,2008-06-21,2008-06-26,391,0,0,6,0,0
Madera,"OLIVER COMPLEX
(MERGED WITH OLIVER)",2008-06-21,2008-06-26,1000,0,0,6,0,0
Lake,"(MERGED WITH YOLLA
BOLLY COMPLEX)",2008-06-21,2008-06-29,3000,0,0,9,0,0
Shasta,Coleman Fish Hatchery,2008-06-21,2008-07-02,388,0,0,12,0,0
Shasta,Donkey Mine Rd/Oak RU,2008-06-21,2008-07-02,557,0,0,12,0,0
Shasta,PETERSON COMPLEX,2008-06-21,2008-07-02,7842,0,0,12,0,0
Mariposa,SILVER KNOB,2008-06-21,2008-07-02,1161,0,0,12,0,0
Tuolumne,NORTH MOUNTAIN,2008-06-21,2008-07-03,2889,0,0,13,0,0
Shasta,Plantina 4,2008-06-21,2008-07-04,12980,0,0,14,0,0
Shasta,EO2A,2008-06-21,2008-07-06,1200,0,0,16,0,0
Shasta,Stein,2008-06-21,2008-07-07,1148,0,0,17,0,0
Butte,Breakneck,2008-06-21,2008-07-09,715,0,0,19,0,0
Mendocino,Brushy 3 Lightning,2008-06-21,2008-07-13,327,0,0,23,0,0
Mendocino,Oso Lightning,2008-06-21,2008-07-13,373,0,0,23,0,0
Mendocino,Jack Smith Lightning,2008-06-21,2008-07-13,3000,0,0,23,0,0
Mendocino,Daugherty Gate,2008-06-21,2008-07-13,3000,0,0,23,0,0
Mendocino,Squaw 1 Lightning 2,2008-06-21,2008-07-13,3000,0,0,23,0,0
Shasta,Whitmore Rd/Old Cow C2,2008-06-21,2008-07-15,2054,0,0,25,0,0
Yuba,YUBA RIVER COMPLEX,2008-06-21,2008-07-15,4254,0,0,25,0,0
Mendocino,Mallo-B Lightning,2008-06-21,2008-07-17,4466,0,0,27,0,0
Shasta,WHISKEYTOWN COMPLEX,2008-06-21,2008-07-19,6420,0,0,29,0,0
Lassen,CUB COMPLEX,2008-06-21,2008-07-20,19718,0,0,30,0,0
Shasta,Lewiston 8,2008-06-21,2008-07-23,1311,0,0,33,0,0
Shasta,STA 57 ONO CDF IGO 2,2008-06-21,2008-07-24,4000,0,0,34,0,0
Shasta,IGO 6,2008-06-21,2008-07-24,4200,0,0,34,0,0
Shasta,IGO 13,2008-06-21,2008-07-24,600,0,0,34,0,0
Shasta,IGO 15,2008-06-21,2008-07-24,1200,0,0,34,0,0
Shasta,IGO 16,2008-06-21,2008-07-24,4800,0,0,34,0,0
Shasta,IGO 17,2008-06-21,2008-07-24,2400,0,0,34,0,0
Shasta,IGO 18,2008-06-21,2008-07-24,4200,0,0,34,0,0
Lake,SODA COMPLEX,2008-06-21,2008-07-26,8632,0,0,36,0,0
Monterey,BASIN COMPLEX,2008-06-21,2008-07-27,162818,0,0,37,0,0
Butte,Frey,2008-06-21,2008-07-28,4000,0,0,38,0,0
Placer,"AMERICAN RIVER
COMPLEX",2008-06-21,2008-07-30,20541,0,0,40,0,0
Mendocino,Red Mtn 1 Lightning,2008-06-21,2008-08-01,7515,0,0,42,0,0
Humboldt,Paradise,2008-06-21,2008-08-01,1076,0,0,42,0,0
Shasta,Moon,2008-06-21,2008-08-09,6030,0,0,50,0,0
Shasta,Lakehead,2008-06-21,2008-08-23,27936,0,0,64,0,0
Trinity,"IRON COMPLEX & ALPS
COMPLEX",2008-06-21,2008-09-09,105805,9,0,81,0,0
Plumas,CANYON COMPLEX,2008-06-21,2008-09-30,47680,0,0,102,0,0
Tehama,ANTELOPE,2008-06-22,2008-06-26,600,0,0,5,0,0
San Mateo,Quarry,2008-06-22,2008-06-29,300,0,0,8,0,0
Sonoma,Walker,2008-06-22,2008-06-29,15000,0,0,8,0,0
Tehama,MILL COMPLEX,2008-06-22,2008-06-29,2100,0,0,8,0,0
Shasta,Venture,2008-06-22,2008-07-04,1912,0,0,13,0,0
Lassen,Popcorn,2008-06-22,2008-07-08,3000,0,0,17,0,0
Mendocino,Orr Incident,2008-06-22,2008-07-10,3000,0,0,19,0,0
Mendocino,Cliff Ridge B Lightning,2008-06-22,2008-07-12,999,0,0,21,0,0
Mendocino,Shamrock East Lightning,2008-06-22,2008-07-12,469,0,0,21,0,0
Mendocino,5-8 Cliff Lightning,2008-06-22,2008-07-13,1000,0,0,22,0,0
Siskiyou,"BEAR WALLOW COMPLEX
(KLAMATH THEATER)",2008-06-22,2008-09-30,192038,2,0,101,0,0
Madera,Oliver / MRP 588,2008-06-23,2008-07-06,2789,0,0,14,0,0
Lassen,Corral,2008-06-23,2008-07-07,12500,0,0,15,0,0
Tehama,Mill Creek,2008-06-24,2008-07-01,13580,0,0,8,0,0
Mendocino,Juan Creek Lightning,2008-06-27,2008-07-15,450,0,0,19,0,0
Kern,PIUTE,2008-06-28,2008-07-25,37026,0,0,28,0,0
Mendocino,Hardy,2008-06-30,2008-06-30,5581,0,0,1,0,0
Tulare,Wiggle,2008-07-01,2008-07-02,450,0,0,2,0,0
Santa Barbara,GAP,2008-07-01,2008-07-28,9443,0,0,28,0,0
Lassen,Dixie,2008-07-02,2008-07-04,350,0,0,3,0,0
Mendocino,Orr Springs Rd Orr 3,2008-07-03,2008-07-03,3000,0,0,1,0,0
Mendocino,Travis 3 Lightning,2008-07-04,2008-07-04,750,0,0,1,0,0
Mendocino,Casoose Creek Lightning,2008-07-04,2008-07-04,550,0,0,1,0,0
Mendocino,Butch Lightning,2008-07-04,2008-07-04,2800,0,0,1,0,0
Mendocino,Albion Lightning,2008-07-04,2008-07-08,3000,0,0,5,0,0
Mendocino,Horse Lightning,2008-07-04,2008-07-08,1000,0,0,5,0,0
Mendocino,Lost Pipe Lightning,2008-07-04,2008-07-10,1200,0,0,7,0,0
Mendocino,Burger Ck Lightning,2008-07-04,2008-07-12,528,0,0,9,0,0
Mendocino,Orr Series Lightning,2008-07-04,2008-07-13,3000,0,0,10,0,0
Mendocino,Jameson Lightning,2008-07-04,2008-07-13,925,0,0,10,0,0
Mendocino,Montgomery Flat Lightning,2008-07-04,2008-07-15,3000,0,0,12,0,0
Mendocino,Brushy Lightning,2008-07-04,2008-07-15,391,0,0,12,0,0
Mendocino,Jack Smith Lightning,2008-07-04,2008-07-15,2000,0,0,12,0,0
Mendocino,Low Gap 1 Lightning,2008-07-04,2008-07-15,1700,0,0,12,0,0
Mendocino,Travis 1 Lightning,2008-07-05,2008-07-05,650,0,0,1,0,0
Mendocino,Alder Creek Beach Rd Man,2008-07-07,2008-07-07,1000,0,0,1,0,0
Madera,Dino IC,2008-07-10,2008-07-11,800,0,0,2,0,0
Fresno,TEHIPITE,2008-07-19,2008-11-11,11596,0,0,116,0,0
Madera,Hwy 152,2008-07-21,2008-07-21,700,0,0,1,0,0
Madera,Telegraph,2008-07-25,2008-09-15,34091,0,0,53,0,0
Plumas,RICH,2008-07-29,2008-08-10,6112,0,0,13,0,0
Mono,SHERWIN,2008-08-03,2008-08-08,347,0,0,6,0,0
Butte,Craig,2008-08-03,2008-08-11,2001,0,0,9,0,0
San Benito,Turkey,2008-08-07,2008-08-07,400,0,0,1,0,0
Butte,Smokey,2008-08-13,2008-08-13,1324,0,0,1,0,0
Butte,Rim,2008-08-13,2008-08-13,1651,0,0,1,0,0
Butte,Empire,2008-08-13,2008-08-13,2000,0,0,1,0,0
Butte,Camp,2008-08-13,2008-08-13,47647,0,0,1,0,0
Tulare,Rodeo,2008-08-14,2008-08-14,500,0,0,1,0,0
Tulare,Elk,2008-08-14,2008-08-15,600,0,0,2,0,0
Tulare,Rodeo 2,2008-08-14,2008-08-15,500,0,0,2,0,0
Siskiyou,SLINKARD,2008-08-17,2008-08-21,374,0,0,5,0,0
Siskiyou,JACK,2008-08-17,2008-08-22,6900,0,0,6,0,0
Fresno,Avenal,2008-08-19,2008-08-20,946,0,0,2,0,0
Nevada,Gladding,2008-09-01,2008-09-03,1000,0,0,3,0,0
Shasta,ELMORE,2008-09-07,2008-09-09,343,0,0,3,0,0
Shasta,GULCH,2008-09-07,2008-09-11,2847,0,0,5,0,0
Humboldt,DEERHORN,2008-09-08,2008-09-14,381,0,0,7,0,0
Tulare,HIDDEN,2008-09-10,2008-09-30,3668,0,0,21,0,0
San Diego,ROBLAR,2008-09-25,2008-09-29,400,0,0,5,0,0
Monterey,CHALK,2008-09-25,2008-10-29,16269,0,0,35,0,0
Tuolumne,DOME ROCK,2008-09-30,2008-11-15,919,0,0,47,0,0
San Diego,NOVEMBER,2008-10-08,2008-10-09,1400,0,0,2,0,0
Sonoma,Deer Park,2008-10-10,2008-10-14,300,0,0,5,0,0
Marin,ANGEL,2008-10-12,2008-10-14,303,0,0,3,0,0
Los Angeles,MAREK,2008-10-12,2008-10-16,4824,0,0,5,0,0
San Diego,JULIETT,2008-10-13,2008-10-17,4026,0,0,5,0,0
Los Angeles,SESNON,2008-10-13,2008-10-18,14703,0,0,6,0,0
Mariposa,WAWONA NW,2008-10-14,2008-10-19,450,0,0,6,0,0
San Bernardino,Foxborough,2008-10-22,2008-10-22,324,0,0,1,0,0
Butte,Lackerman,2008-10-23,2008-10-23,1310,0,0,1,0,0
Butte,Long,2008-10-23,2008-10-23,420,0,0,1,0,0
Santa Barbara,TEA INCIDENT,2008-11-13,2008-11-17,1940,0,0,5,0,0
Los Angeles,SAYRE,2008-11-14,2008-11-21,11262,0,0,8,0,0
Riverside,Freeway,2008-11-15,2008-11-22,30305,0,0,8,0,0
San Bernardino,Fort,2009-02-05,2009-02-07,945,0,0,3,0,0
Santa Barbara,JESUSITA,2009-05-05,2009-05-20,8733,0,0,16,0,0
Stanislaus,Mustang,2009-05-13,2009-05-16,570,0,0,4,0,0
Riverside,LOST HORSE,2009-05-24,2009-06-02,450,0,0,10,0,0
Riverside,Oliver,2009-05-27,2009-05-27,500,0,0,1,0,0
Tulare,TUU Lightning Complex,2009-05-28,2009-05-31,495,0,0,4,0,0
Mariposa,GROUSE,2009-05-30,2009-08-12,3007,0,0,75,0,0
Tuolumne,HARDEN,2009-06-08,2009-08-09,1654,0,0,63,0,0
Tulare,SHOTGUN,2009-06-17,2009-07-11,900,0,0,25,0,0
San Joaquin,Explosive,2009-06-19,2009-06-19,2163,0,0,1,0,0
Kern,PARKWAY,2009-06-22,2009-06-22,690,0,0,1,0,0
Calaveras,Rock,2009-06-28,2009-06-28,410,0,0,1,0,0
Yolo,Rumsey,2009-06-29,2009-07-02,716,0,0,4,0,0
Tulare,LION,2009-06-30,2009-08-21,2577,0,0,53,0,0
Tulare,GRANITE,2009-06-30,2009-08-21,1417,0,0,53,0,0
Trinity,REDSPOT,2009-07-01,2009-07-24,1120,0,0,24,0,0
Trinity,BACKBONE,2009-07-07,2009-07-24,5065,1,0,18,0,0
Ventura,SULPHUR,2009-07-11,2009-07-13,343,0,0,3,0,0
San Diego,YANKEE,2009-07-11,2009-07-14,2200,0,0,4,0,0
Los Angeles,OSITO,2009-07-13,2009-07-15,304,0,0,3,0,0
Placer,Mammoth,2009-07-16,2009-07-18,650,0,0,3,0,0
Inyo,FORK,2009-07-18,2009-07-27,3268,0,0,10,0,0
Siskiyou,TENNANT,2009-07-19,2009-07-27,3226,0,0,9,0,0
Tuolumne,KNIGHT,2009-07-26,2009-08-11,6130,0,0,17,0,0
Madera,Ash,2009-07-27,2009-07-29,300,0,0,3,0,0
Tuolumne,WILDCAT,2009-07-29,2009-08-31,1255,0,0,34,0,0
Lassen,"DODGE COMPLEX
(SIX FIRES)",2009-08-01,2009-08-03,1600,0,0,3,0,0
Monterey,PONDEROSA,2009-08-01,2009-08-07,458,0,0,7,0,0
Shasta,SUGAR LOAF,2009-08-01,2009-08-12,9356,0,0,12,0,0
Shasta,BROWN (H-31),2009-08-02,2009-08-12,1865,0,0,11,0,0
Shasta,Cassel (SHU Complex),2009-08-03,2009-08-14,6319,0,0,12,0,0
Shasta,Chalk (SHU Complex),2009-08-03,2009-08-16,6895,0,0,14,0,0
Shasta,One-Eleven (SHU Complex),2009-08-03,2009-08-17,50,0,0,15,0,0
Shasta,Goose (SHU Complex),2009-08-03,2009-08-17,3918,0,0,15,0,0
Shasta,Gomez (SHU Complex),2009-08-03,2009-08-17,404,0,0,15,0,0
Shasta,FAIRFIELD,2009-08-03,2009-09-30,1664,0,0,59,0,0
Santa Barbara,LA BREA,2009-08-08,2009-08-23,91622,0,0,16,0,0
Trinity,Coffin,2009-08-12,2009-08-15,1300,0,0,4,0,0
Santa Cruz,Lockheed,2009-08-12,2009-08-23,7817,0,0,12,0,0
San Joaquin,Corral,2009-08-13,2009-08-16,12200,0,0,4,0,0
Yuba,Yuba,2009-08-14,2009-08-24,3891,0,0,11,0,0
Plumas,ELEPHANT,2009-08-16,2009-08-31,445,0,0,16,0,0
Siskiyou,RED ROCK,2009-08-21,2009-09-05,1364,0,0,16,0,0
Los Angeles,MORRIS,2009-08-25,2009-09-03,2163,0,0,10,0,0
Monterey,Bryson,2009-08-26,2009-08-29,3383,0,0,4,0,0
San Diego,RIDGE,2009-08-26,2009-08-29,500,0,0,4,0,0
Mariposa,BIG MEADOWS,2009-08-26,2009-09-07,7425,0,0,13,0,0
Los Angeles,STATION,2009-08-26,2009-10-16,160577,2,0,52,0,0
Lassen,Day,2009-08-27,2009-08-30,853,0,0,4,0,0
Riverside,COTTONWOOD,2009-08-27,2009-08-31,2409,0,0,5,0,0
Monterey,Gloria,2009-08-27,2009-09-01,6437,0,0,6,0,0
Santa Clara,Pacheco,2009-08-29,2009-08-30,1600,0,0,2,0,0
Placer,Forty Nine,2009-08-30,2009-09-01,311,0,0,3,0,0
San Bernardino,Oak Glen III,2009-08-30,2009-09-08,1159,0,0,10,0,0
San Bernardino,PENDLETON,2009-08-31,2009-09-04,860,0,0,5,0,0
Lake,Oasis,2009-09-07,2009-09-12,1500,0,0,6,0,0
Riverside,Vail,2009-09-19,2009-09-20,398,0,0,2,0,0
Plumas,SILVER,2009-09-19,2009-09-21,307,0,0,3,0,0
Ventura,GUIBERSON,2009-09-22,2009-10-01,17500,0,0,10,0,0
San Bernardino,CRAFTON,2009-09-23,2009-09-26,347,0,0,4,0,0
Yolo,SIX (NOT IN NFIRS),2009-10-01,2009-10-01,1235,0,0,1,0,0
Santa Barbara,HIGHWAY,2009-10-01,2009-10-03,617,0,0,3,0,0
San Bernardino,SHEEP,2009-10-03,2009-10-10,7128,0,0,8,0,0
Humboldt,MILL CREEK #4,2009-10-07,2009-10-17,3800,0,0,11,0,0
Santa Cruz,Loma,2009-10-25,2009-10-27,485,0,0,3,0,0
San Luis Obispo,Hernrick VMP,2009-11-14,2009-11-14,600,0,0,1,0,0
Glenn,DOE,2009-11-28,2009-11-29,550,0,0,2,0,0
Riverside,PEDLEY,2010-05-12,2010-05-13,850,0,0,2,0,0
Kern,METZEN,2010-05-15,2010-05-15,360,0,0,1,1,0
San Luis Obispo,COTTON,2010-05-15,2010-05-17,2044,0,0,3,0,0
Riverside,MCKINLEY,2010-05-20,2010-05-22,1000,0,0,3,0,0
Tulare,BALE,2010-06-04,2010-06-04,485,0,0,1,0,0
Merced,CHILDS,2010-06-05,2010-06-05,462,0,0,1,0,0
Fresno,WHITES,2010-06-07,2010-06-07,350,0,0,1,0,0
Stanislaus,STUHR,2010-06-08,2010-06-10,586,0,0,3,0,0
Merced,ROBINSON,2010-06-11,2010-06-12,1600,0,0,2,0,0
Alameda,DIABLO,2010-06-18,2010-06-19,475,0,0,2,1,0
Butte,PALERMO,2010-07-04,2010-07-05,900,0,0,2,0,0
Santa Barbara,166,2010-07-12,2010-07-12,350,0,0,1,1,0
San Diego,ALISO,2010-07-13,2010-07-15,3225,0,0,3,0,0
Riverside,SKINNER,2010-07-15,2010-07-18,503,0,0,4,0,0
Riverside,CACTUS,2010-07-15,2010-07-18,720,0,0,4,1,0
Kern,BODFISH,2010-07-15,2010-07-18,552,0,0,4,0,0
Kern,SAND 2,2010-07-16,2010-07-22,1254,0,0,7,0,0
Fresno,SHEEP,2010-07-16,2010-10-25,9020,0,0,102,0,0
Kern,INDIAN,2010-07-18,2010-07-24,1822,0,0,7,0,0
Mono,PATATO,2010-07-24,2010-07-27,686,0,0,4,0,0
Tuolumne,SLOPE,2010-07-25,2010-08-23,1711,0,0,30,0,0
Mono,MONO,2010-07-26,2010-07-29,1205,0,0,4,0,0
Kern,BULL,2010-07-26,2010-08-10,16442,0,0,16,14,0
Kern,WEST,2010-07-27,2010-08-06,1658,0,0,11,50,13
Lassen,MCDONALD,2010-07-27,2010-08-10,9408,0,0,15,0,0
Los Angeles,BRIGGS,2010-07-29,2010-07-30,510,0,0,2,0,0
Los Angeles,CROWN,2010-07-29,2010-08-03,14000,0,0,6,10,6
Siskiyou,DUTCH,2010-07-31,2010-08-04,371,0,0,5,0,0
Plumas,BAR,2010-07-31,2010-08-10,1040,0,0,11,0,0
Madera,BUCKHORN,2010-08-07,2010-10-30,466,0,0,85,0,0
Tuolumne,VERNON,2010-08-08,2010-10-31,909,0,0,85,0,0
Tuolumne,PINECREST,2010-08-09,2010-10-15,799,0,0,68,0,0
Tulare,STOKES 2,2010-08-17,2010-08-18,879,0,0,2,0,0
Placer,BASELINE,2010-08-20,2010-08-21,434,0,0,2,0,0
San Luis Obispo,POZO,2010-08-21,2010-08-22,1200,0,0,2,0,0
San Diego,MONTE,2010-08-21,2010-08-23,2000,0,0,3,0,0
Lake,INDIAN,2010-08-24,2010-08-26,450,0,0,3,0,0
Kern,POST,2010-08-25,2010-08-28,1312,0,0,4,0,0
Yuba,BULLARD,2010-08-27,2010-08-31,1307,0,0,5,0,0
Nevada,BULLARDS,2010-08-27,2010-09-13,1500,0,0,18,0,0
San Diego,COWBOY,2010-09-02,2010-09-07,827,0,0,6,0,0
Kern,CANYON,2010-09-12,2010-09-19,9820,0,0,8,1,0
Santa Barbara,BEAR CREEK,2010-10-28,2010-10-30,1253,0,0,3,0,0
Inyo,WINTERTON,2011-03-09,2011-03-09,395,0,0,1,0,0
Inyo,CENTER,2011-03-18,2011-03-23,850,0,0,6,19,0
Monterey,METZ,2011-05-12,2011-05-14,832,0,0,3,0,0
Kern,COVE,2011-05-27,2011-06-02,1122,0,0,7,0,0
Monterey,CATTLEMAN,2011-05-29,2011-05-30,382,0,0,2,0,0
Modoc,COUGAR,2011-06-08,2011-06-13,1800,0,0,6,0,0
Kern,IKEA,2011-06-12,2011-06-12,640,0,0,1,0,0
Kern,ANTELOPE,2011-06-19,2011-06-21,5200,0,0,3,2,0
Kern,QUINN,2011-06-21,2011-06-22,3154,0,0,2,0,0
Stanislaus,EASTMAN,2011-06-24,2011-06-24,330,0,0,1,0,0
San Luis Obispo,HIGHWAY,2011-06-24,2011-06-24,387,0,0,1,0,0
Merced,REST,2011-06-26,2011-06-27,575,0,0,2,0,0
Tulare,STAGE,2011-06-27,2011-07-02,1213,0,0,6,0,0
Humboldt,SPANISH,2011-07-01,2011-07-04,498,0,0,4,0,0
San Joaquin,CHRISMAN,2011-07-05,2011-07-06,400,0,0,2,0,0
Orange,"CARBON
CANYON",2011-07-07,2011-07-08,508,0,0,2,0,0
Tulare,LION,2011-07-08,2011-11-08,20500,0,0,124,0,0
Yuba,KRISTA,2011-07-09,2011-07-10,360,0,0,2,0,0
Tulare,GRANITE,2011-07-09,2011-07-12,780,0,0,4,7,0
Alameda,FLYNN,2011-07-14,2011-07-14,500,0,0,1,0,0
Modoc,MAMMOTH,2011-07-15,2011-09-05,1194,0,0,53,0,0
Modoc,"SCORPION
COMPLEX",2011-07-15,2011-09-05,1418,0,0,53,0,0
Alameda,FLYNN,2011-07-21,2011-07-22,545,0,0,2,0,0
San Diego,EAGLE,2011-07-21,2011-07-29,14100,0,0,9,0,0
Merced,ROMERO,2011-07-23,2011-07-23,489,0,0,1,0,0
Mariposa,AVALANCHE,2011-07-31,2011-10-01,1069,0,0,63,0,0
Mendocino,PASS,2011-08-03,2011-08-07,616,0,0,5,0,0
Riverside,GILMAN,2011-08-06,2011-08-07,945,0,0,2,0,0
Napa,KNOXVILLE,2011-08-13,2011-08-15,506,0,0,3,0,0
Modoc,ANNIE,2011-08-18,2011-09-16,2076,0,0,30,0,0
Siskiyou,ONION,2011-08-19,2011-10-11,560,0,0,54,0,0
San Bernardino,KEN,2011-08-22,2011-08-30,350,0,0,9,1,0
Mariposa,MOTOR,2011-08-25,2011-10-01,5230,0,0,38,0,0
Los Angeles,OASIS,2011-08-27,2011-08-29,375,0,0,3,0,0
Solano,BEACON,2011-08-27,2011-08-30,715,0,0,4,0,0
San Bernardino,WELLS,2011-08-28,2011-08-30,1784,0,0,3,0,0
Riverside,KELLER,2011-08-29,2011-08-31,450,0,0,3,0,0
San Bernardino,HILL,2011-09-02,2011-09-08,1153,0,0,7,3,2
San Luis Obispo,SODA,2011-09-03,2011-09-04,1528,0,0,2,1,0
Santa Barbara,FIGUEROA,2011-09-03,2011-09-12,698,0,0,10,0,0
Tulare,ROADRUNNER,2011-09-04,2011-09-05,335,0,0,2,0,0
Kern,CANYON,2011-09-04,2011-09-11,14585,0,0,8,100,0
Tulare,WILLOWS,2011-09-04,2011-09-12,310,0,0,9,0,0
Los Angeles,"WAGON
WHEEL",2011-09-05,2011-09-08,500,0,0,4,8,0
San Joaquin,MILTON,2011-09-09,2011-09-11,1122,0,0,3,0,0
Kern,"KEENE
COMPLEX",2011-09-10,2011-09-14,10470,0,0,5,0,0
Kern,"COMANCHE
COMPLEX",2011-09-10,2011-09-17,29338,0,0,8,0,0
Kern,"BRECKENRIDGE
COMPLEX",2011-09-10,2011-09-17,25213,0,0,8,0,0
Tulare,TENNESSEE,2011-09-11,2011-09-12,380,0,0,2,0,0
El Dorado,LONG,2011-09-12,2011-11-11,483,0,0,61,0,0
Inyo,JOHN,2011-09-13,2011-09-16,5300,0,0,4,0,0
Mariposa,TAMARACK,2011-09-13,2011-10-17,1015,0,0,35,0,0
Tuolumne,BURST COMPLEX,2011-09-15,2011-09-15,508,0,0,1,0,0
Los Angeles,MINT,2011-09-17,2011-09-30,634,0,0,14,0,0
Tulare,"TUU SEPT
LIGHTNING",2011-09-23,2011-09-24,350,0,0,2,0,0
Kern,OLD FIRE,2011-09-23,2011-09-24,410,0,0,2,0,0
Kern,65 FIRE,2011-09-23,2011-09-24,2005,0,0,2,0,0
Trinity,RUTH,2011-09-23,2011-11-15,1460,0,0,54,31,0
Riverside,WINDY POINT,2011-09-25,2011-10-03,541,0,0,9,0,0
San Diego,GREAT,2011-10-01,2011-10-07,2135,0,0,7,0,0
Calaveras,BLUE,2011-12-01,2011-12-06,698,0,0,6,0,0
El Dorado,SALT,2011-12-01,2012-01-04,342,0,0,35,0,0
Mariposa,RIVER,2012-05-18,2012-05-22,320,0,0,5,0,0
San Diego,BANNER 4,2012-05-24,2012-05-29,5320,0,0,6,0,0
Merced,BILLY,2012-05-31,2012-05-31,434,0,0,1,0,0
Tulare,GEORGE,2012-06-01,2012-06-15,1707,0,0,15,0,0
Los Angeles,5 MILE,2012-06-08,2012-06-09,525,0,0,2,0,0
Fresno,LASSEN,2012-06-12,2012-06-13,418,0,0,2,0,0
Mariposa,GAINES,2012-06-12,2012-06-14,1700,0,0,3,0,0
Ventura,OZENA,2012-06-16,2012-06-17,361,0,0,2,0,0
Riverside,HIGHLAND,2012-06-16,2012-06-18,2171,0,0,3,0,0
Mariposa,CASCADE,2012-06-18,2012-11-26,1705,0,0,162,0,0
Riverside,VIEW,2012-06-17,2012-06-18,375,0,0,2,0,0
San Diego,OLD 2,2012-06-17,2012-06-20,995,0,0,4,2,0
Kern,GULCH,2012-06-19,2012-06-21,385,0,0,3,1,0
Ventura,HILL,2012-06-23,2012-06-27,689,0,0,5,0,0
Shasta,DALE,2012-07-05,2012-07-07,1083,0,0,3,2,5
Inyo,FISH,2012-07-07,2012-07-09,1103,0,0,3,0,0
Colusa,MILL,2012-07-07,2012-07-18,29502,0,0,12,5,0
Colusa,SITES,2012-07-08,2012-07-09,365,0,0,2,0,0
Colusa,GRAPEVINE,2012-07-08,2012-07-12,1870,0,0,5,0,0
Monterey,TURKEY,2012-07-09,2012-07-10,2529,0,0,2,0,0
Colusa,RAIL,2012-07-09,2012-07-12,1870,0,0,4,0,0
Tuolumne,SEVEN,2012-07-10,2012-07-11,840,0,0,2,1,0
Trinity,FLAT,2012-07-11,2012-07-17,1688,0,0,7,0,0
Placer,ROBBERS,2012-07-11,2012-07-21,2650,0,0,11,8,0
Fresno,WOODS CREEK,2012-07-15,2012-07-21,325,0,0,7,0,0
San Luis Obispo,CALF,2012-07-16,2012-07-18,640,0,0,3,0,0
Kern,SAND,2012-07-17,2012-07-19,1428,0,0,3,1,0
Lassen,SPANISH,2012-07-18,2012-07-21,1169,0,0,4,0,0
Yolo,FOREST,2012-07-21,2012-07-24,520,0,0,4,0,0
Shasta,READING,2012-07-23,2012-08-21,28079,0,0,30,0,0
Tehama,PASKENTA,2012-07-25,2012-07-25,300,0,0,1,0,0
Kern,GRAPE,2012-07-28,2012-07-29,370,0,0,2,0,0
Mendocino,NORTH,2012-07-28,2012-07-30,383,0,0,3,0,0
Plumas,PEAK,2012-07-29,2012-08-02,800,0,0,5,0,0
Plumas,CHIPS,2012-07-29,2012-08-31,75217,0,0,34,9,0
Shasta,SALT CREEK,2012-08-01,2012-08-04,980,0,0,4,1,0
Riverside,VOLCANO,2012-08-01,2012-08-05,356,0,0,5,1,0
Siskiyou,DILLON,2012-08-03,2012-08-07,318,0,0,5,0,0
Riverside,RUSHMORE,2012-08-04,2012-08-04,1000,0,0,1,0,0
Kern,PIUTE COMLEX,2012-08-04,2012-08-11,1783,0,0,8,0,0
Modoc,LAKE COMPLEX,2012-08-05,2012-08-09,1668,0,0,5,0,0
Fresno,BEAR,2012-08-05,2012-08-12,835,0,0,8,0,0
Siskiyou,FORT COMPLEX,2012-08-05,2012-09-10,23653,0,0,37,0,0
Modoc,"BARRYPOINT
(CA LAND)",2012-08-06,2012-08-28,38394,0,0,23,3,0
Mono,INDIAN,2012-08-08,2012-08-15,12574,0,0,8,0,0
San Diego,CHIHUAHUA 2,2012-08-09,2012-08-12,2006,0,0,4,0,0
Kern,"JAWBONE
COMPLEX",2012-08-10,2012-08-22,1218,0,0,13,19,9
Inyo,SOUTH COMPLEX,2012-08-10,2012-10-16,453,0,0,68,0,0
Calaveras,RAMSEY,2012-08-11,2012-08-31,1137,0,0,21,0,0
Lake,WALKER,2012-08-12,2012-08-14,5000,0,0,3,0,0
Lake,WYE,2012-08-12,2012-08-18,2934,0,0,7,3,2
Lassen,RUSH,2012-08-12,2012-08-31,271911,0,0,20,0,1
San Diego,"VALLECITO
LIGHTNING
COMPLEX",2012-08-13,2012-08-20,22829,0,0,8,0,0
Tehama,MILL,2012-08-13,2012-08-23,1641,0,0,11,0,0
Riverside,BUCK,2012-08-14,2012-08-18,2681,0,0,5,4,0
Modoc,NELSON (W-1),2012-08-17,2012-08-21,3661,0,0,5,0,0
Shasta,BAGLEY COMPLEX,2012-08-18,2012-08-22,1000,0,0,5,0,0
Tehama,PONDEROSA,2012-08-18,2012-09-02,27676,0,0,16,133,6
Shasta,BAGLEY,2012-08-18,2012-09-15,46011,0,0,29,0,0
Mendocino,NORTH PASS,2012-08-18,2012-09-16,41983,0,0,30,26,4
Riverside,VISTA,2012-08-20,2012-08-21,500,0,0,2,0,0
Modoc,ANTELOPE,2012-08-21,2012-08-25,650,0,0,5,0,0
Los Angeles,WILLIAMS,2012-09-02,2012-09-11,4192,0,0,10,0,0
Colusa,"SIXTEEN
COMPLEX",2012-09-04,2012-09-11,19000,0,0,8,0,0
Trinity,STAFFORD,2012-09-05,2012-09-13,4407,0,0,9,0,0
Lassen,LIKELY,2012-09-05,2012-09-14,9838,0,0,10,0,0
Lake,SCOTTS,2012-09-07,2012-09-14,4517,0,0,8,0,0
Shasta,WARD,2012-09-11,2012-09-14,550,0,0,4,0,0
San Diego,SHOCKEY,2012-09-23,2012-09-27,2555,0,0,5,39,2
Riverside,RANGE,2012-09-29,2012-10-01,351,0,0,3,3,0
Lake,TWENTY NINE,2012-10-18,2012-10-21,300,0,0,4,8,0
San Bernardino,DEVORE,2012-11-05,2012-11-06,335,0,0,2,1,0
Lake,BECKS,2013-01-22,2013-01-23,335,0,0,2,0,0
Inyo,RIVER,2013-02-24,2013-02-28,407,0,0,5,0,0
Riverside,JURUPA,2013-02-28,2013-03-02,300,0,0,3,0,2
Riverside,SUMMIT,2013-05-01,2013-05-04,2956,0,0,4,2,0
Tehama,PANTHER,2013-05-01,2013-05-09,6896,0,0,9,0,0
Ventura,SPRINGS,2013-05-02,2013-05-09,24251,0,0,8,10,12
San Benito,TRES PINOS,2013-05-03,2013-05-04,354,0,0,2,0,0
Mendocino,FOSTER,2013-05-03,2013-05-05,300,0,0,3,0,0
Riverside,GORGONIO,2013-05-04,2013-05-04,650,0,0,1,0,0
Kern,GRAND,2013-05-15,2013-05-22,4346,0,0,8,0,0
Los Angeles,LAKE,2013-05-17,2013-05-20,712,0,0,4,0,0
San Diego,FELIPE,2013-05-23,2013-05-29,2650,0,0,7,0,0
Merced,RIVER,2013-05-26,2013-05-27,450,0,0,2,0,0
San Diego,GENERAL,2013-05-26,2013-05-31,2500,0,0,6,0,0
Santa Barbara,WHITE,2013-05-27,2013-06-05,1984,0,0,10,0,1
San Joaquin,SHELTON,2013-05-30,2013-05-30,303,0,0,1,0,0
Los Angeles,POWERHOUSE,2013-05-30,2013-06-10,30274,0,0,12,58,4
San Luis Obispo,BRANCH,2013-06-01,2013-06-04,486,0,0,4,0,0
Riverside,HATHAWAY,2013-06-09,2013-10-15,3870,0,0,129,1,0
Madera,ROLLING,2013-06-16,2013-06-18,480,0,0,3,1,0
Mariposa,CARSTENS,2013-06-16,2013-06-26,1708,0,0,11,0,0
San Bernardino,MILL,2013-06-28,2013-07-02,534,0,0,5,0,3
Contra Costa,KIRKER,2013-07-01,2013-07-02,492,0,0,2,2,0
Modoc,FOX,2013-07-03,2013-07-07,502,0,0,5,0,0
San Diego,CHARIOT,2013-07-06,2013-07-15,7055,0,0,10,149,9
El Dorado,KYBURZ,2013-07-08,2013-07-11,572,0,0,4,2,0
Riverside,MOUNTAIN,2013-07-15,2013-07-31,27531,0,0,17,23,1
Kern,RANCHO,2013-07-19,2013-07-22,500,0,0,4,0,0
Fresno,ASPEN,2013-07-22,2013-09-08,22992,0,0,49,0,0
Kern,WATER,2013-07-23,2013-07-25,612,0,0,3,0,0
Humboldt,DANCE,2013-07-29,2013-08-02,577,0,0,5,3,0
Siskiyou,FORKS COMPLEX,2013-07-31,2013-10-01,37246,0,0,63,0,0
Riverside,FALLS,2013-08-05,2013-08-09,1383,0,0,5,0,0
Tuolumne,POWER,2013-08-05,2013-08-13,1070,0,0,9,0,2
Riverside,SILVER,2013-08-07,2013-08-15,20292,0,0,9,48,8
Humboldt,CORRAL COMPLEX,2013-08-10,2013-10-02,12503,0,0,54,0,0
Placer,AMERICAN,2013-08-11,2013-08-29,27440,0,0,19,5,2
Butte,SWEDES,2013-08-16,2013-08-22,2264,0,0,7,8,0
Tuolumne,RIM,2013-08-17,2013-10-27,257314,0,0,72,112,7
Kern,SHIRLEY COMPLEX,2013-08-18,2013-08-22,794,0,0,5,0,0
Plumas,HOUGH COMPLEX,2013-08-18,2013-08-24,513,0,0,7,0,0
San Bernardino,GOBBLERS,2013-08-20,2013-08-30,413,0,0,11,0,0
Monterey,MISSION,2013-08-22,2013-08-25,4500,0,0,4,0,0
Tehama,DEER,2013-08-23,2013-08-29,11429,0,0,7,0,0
Tulare,FISH,2013-08-23,2013-09-05,2060,0,0,14,0,0
Fresno,WINDY PEAK,2013-08-23,2013-10-20,681,0,0,59,0,0
Contra Costa,MORGAN,2013-09-08,2013-09-14,3100,0,0,7,0,0
Shasta,CLOVER,2013-09-09,2013-09-15,8073,0,1,7,196,15
Napa,PUTAH,2013-10-03,2013-10-04,376,0,0,2,0,0
Butte,SUMMIT,2013-10-04,2013-10-05,305,0,0,2,54,6
San Diego,DELUZ,2013-10-05,2013-10-09,2236,0,0,5,0,1
Sonoma,MCCABE,2013-11-22,2013-11-28,3505,0,0,7,1,0
Lake,HIGHGLADE,2013-11-23,2013-11-29,305,0,0,7,0,0
Monterey,PFEIFFER,2013-12-16,2013-12-20,917,0,0,5,38,0
Tehama,CAMPBELL,2014-01-02,2014-01-10,865,0,0,9,0,0
Humboldt,RED,2014-01-04,2014-01-12,333,0,0,9,0,0
Tulare,SODA,2014-01-14,2014-04-19,1612,0,0,96,0,0
Los Angeles,COLBY,2014-01-16,2014-01-24,1952,0,0,9,15,8
Riverside,PIERCE,2014-03-15,2014-03-16,350,0,0,2,0,0
San Bernardino,ETIWANDA,2014-04-30,2014-05-01,2200,0,0,2,0,0
Santa Barbara,MIGUELITO,2014-05-13,2014-05-16,632,0,0,4,0,0
San Diego,BERNARDO,2014-05-13,2014-05-21,1548,0,0,9,0,0
San Diego,POINSETTIA,2014-05-14,2014-05-17,600,0,0,4,28,0
San Diego,"SAN DIEGO
COMPLEX",2014-05-14,2014-05-22,2438,0,0,9,48,5
San Diego,"BASILONE
COMPLEX",2014-05-17,2014-05-19,21240,0,0,3,0,1
Mariposa,HUNTER,2014-05-26,2014-06-04,677,0,0,10,3,0
Tuolumne,59,2014-06-04,2014-06-09,402,0,0,6,0,0
Kern,SHIRLEY,2014-06-13,2014-06-21,2545,0,0,9,4,0
Merced,GUN CLUB,2014-06-19,2014-06-19,400,0,0,1,0,0
Monterey,STONY,2014-06-19,2014-06-22,4840,0,0,4,0,0
Monterey,LOOP,2014-06-30,2014-06-30,500,0,0,1,0,0
Modoc,"MODOC JULY
COMPLEX",2014-07-01,2014-07-07,2566,0,0,7,0,0
Napa,BUTTS,2014-07-01,2014-07-10,4300,0,0,10,9,0
Yolo,MONTICELLO,2014-07-04,2014-07-13,6488,0,0,10,0,0
Kern,NICOLLS,2014-07-11,2014-07-19,1680,0,0,9,0,0
Shasta,BULLY,2014-07-11,2014-07-23,12661,0,1,13,18,1
Mariposa,DARK HOLE,2014-07-16,2014-08-20,1077,0,0,36,0,0
Merced,GUN CLUB,2014-07-24,2014-08-02,422,0,0,10,0,0
El Dorado,SAND,2014-07-25,2014-08-03,4240,0,0,10,47,0
Merced,KELLEY,2014-07-26,2014-07-26,1000,0,0,1,0,0
Mariposa,EL PORTAL,2014-07-26,2014-08-04,4689,0,0,10,2,2
Madera,FRENCH,2014-07-28,2014-08-18,13838,0,0,22,0,0
Butte,WEB,2014-07-29,2014-08-27,378,0,0,30,0,0
Modoc,DAY,2014-07-30,2014-08-13,13153,0,0,15,10,0
Shasta,BALD,2014-07-30,2014-08-16,39736,0,0,18,0,0
Siskiyou,KNF BEAVER,2014-07-30,2014-08-30,32496,0,0,32,6,0
Trinity,COFFEE COMPLEX,2014-07-30,2014-08-31,6258,0,0,33,0,0
Mendocino,"LODGE
COMPLEX",2014-07-30,2014-09-21,12535,0,0,54,0,0
Siskiyou,LITTLE DEER,2014-07-31,2014-08-11,5503,0,0,12,1,0
Shasta,EILER,2014-07-31,2014-08-24,32416,0,0,25,21,0
Siskiyou,JULY COMPLEX,2014-08-03,2014-09-25,50042,0,0,54,2,0
Yolo,THIRTY ONE 2,2014-08-09,2014-08-09,370,0,0,1,0,0
Siskiyou,"HAPPY CAMP
COMPLEX",2014-08-14,2014-10-31,134056,0,0,79,6,2
Mariposa,MEADOW,2014-08-15,2014-09-29,4772,0,0,46,0,0
Madera,JUNCTION,2014-08-18,2014-08-25,612,0,0,8,47,6
Kern,WAY,2014-08-18,2014-08-28,4045,0,0,11,12,4
Trinity,OREGON,2014-08-24,2014-08-30,461,0,0,7,1,0
Shasta,GULCH,2014-09-10,2014-09-15,1300,0,0,6,4,0
Orange,SILVERADO,2014-09-12,2014-09-20,985,0,0,9,0,0
Mendocino,BLACK,2014-09-13,2014-09-17,403,0,0,5,11,0
El Dorado,KING,2014-09-13,2014-10-09,97717,0,0,27,80,1
Madera,COURTNEY,2014-09-14,2014-09-22,320,0,0,9,49,7
Glenn,TRACT 17,2014-09-17,2014-09-19,395,0,0,3,0,0
Butte,NELSON,2014-09-18,2014-09-21,500,0,0,4,0,0
Mariposa,DOG ROCK,2014-10-07,2014-10-12,311,1,0,6,0,0
Placer,APPLEGATE,2014-10-08,2014-10-22,459,0,0,15,10,0
Mono,VAN DYKE,2015-02-06,2015-02-10,509,0,0,5,0,0
Inyo,ROUND,2015-02-06,2015-02-13,7000,0,0,8,43,5
Riverside,HIGHWAY,2015-04-18,2015-04-24,1049,0,0,7,0,0
San Diego,CARL,2015-04-28,2015-04-29,4000,0,0,2,0,0
San Diego,MORTAR,2015-04-28,2015-04-29,800,0,0,2,0,0
San Diego,GRENADE,2015-04-29,2015-05-05,2025,0,0,7,0,0
Merced,FOREBAY,2015-05-11,2015-05-12,692,0,0,2,0,0
Trinity,SADDLE,2015-06-09,2015-06-25,1542,0,0,17,0,0
Monterey,PEANUT,2015-06-11,2015-06-11,1532,0,0,1,0,0
San Bernardino,LAKE,2015-06-17,2015-07-05,31359,0,0,19,4,0
Madera,CORRINE,2015-06-18,2015-06-24,920,0,0,7,2,0
Madera,SKY,2015-06-18,2015-06-26,500,0,0,9,0,0
San Luis Obispo,PARKHILL,2015-06-20,2015-06-20,1791,0,0,1,18,3
Los Angeles,CALGROVE,2015-06-24,2015-06-26,415,0,0,3,0,1
Sacramento,IONE,2015-07-02,2015-07-05,357,0,0,4,0,0
Siskiyou,YORK,2015-07-04,2015-07-06,395,0,0,3,0,0
San Bernardino,NORTH,2015-07-17,2015-07-21,4250,0,0,5,23,5
Merced,MCCABE,2015-07-18,2015-07-22,1600,0,0,5,0,0
Tulare,CABIN,2015-07-19,2015-09-05,6980,0,0,49,0,0
Tulare,TRIPLE 3,2015-07-21,2015-07-21,430,0,0,1,0,0
Napa,WRAGG,2015-07-22,2015-08-06,8051,0,0,16,2,5
Nevada,LOWELL,2015-07-25,2015-08-12,2304,0,0,19,3,1
Madera,WILLOW,2015-07-25,2015-08-15,5702,0,0,22,0,0
Lake,ROCKY,2015-07-29,2015-08-14,69636,0,0,17,96,8
Butte,SWEDES,2015-07-29,2015-08-16,400,0,0,19,16,0
Modoc,FROG,2015-07-30,2015-08-06,4863,1,0,8,0,0
Humboldt,HUMBOLDT COMPLEX,2015-07-30,2015-08-21,4883,0,0,23,7,0
Trinity,FORK COMPLEX,2015-07-30,2015-08-29,36499,0,0,31,12,0
Humboldt,ROUTE COMPLEX,2015-07-30,2015-08-31,35675,0,0,33,2,0
Trinity,MAD RIVER COMPLEX,2015-07-30,2015-09-03,37462,0,0,36,4,0
Trinity,RIVER COMPLEX,2015-07-30,2015-10-15,77081,0,0,78,0,0
Merced,CREEK,2015-07-31,2015-07-31,1450,0,0,1,0,0
Del Norte,GASQUET COMPLEX,2015-07-31,2015-10-15,30361,0,0,77,0,0
Fresno,ROUGH,2015-07-31,2015-12-01,151623,0,0,124,4,0
Del Norte,NICKOWITZ,2015-08-01,2015-09-30,7509,0,0,61,0,0
Trinity,SOUTH COMPLEX,2015-08-01,2015-10-01,29416,0,0,62,3,0
Lassen,DODGE,2015-08-03,2015-08-17,10570,0,0,15,0,0
Lake,JERUSALEM,2015-08-09,2015-08-25,25118,0,0,17,27,0
Riverside,ANZA,2015-08-10,2015-08-15,500,0,0,6,0,0
San Diego,HORNO,2015-08-13,2015-08-17,1846,0,0,5,0,0
Los Angeles,CABIN,2015-08-14,2015-08-20,1723,0,0,7,3,0
Mono,WALKER,2015-08-14,2015-08-31,3676,0,0,18,0,0
Los Angeles,WARM,2015-08-16,2015-08-19,300,0,0,4,3,3
San Luis Obispo,CUESTA,2015-08-16,2015-09-03,2446,0,0,19,1,0
Kern,DEER,2015-08-18,2015-08-20,311,0,0,3,0,0
Alameda,TESLA,2015-08-19,2015-08-25,2850,0,0,7,1,0
Lake,ELK,2015-09-02,2015-09-06,700,0,0,5,0,0
Mariposa,TENAYA,2015-09-07,2015-09-16,415,0,0,10,0,0
Amador,BUTTE,2015-09-09,2015-10-23,70868,0,2,45,965,0
Butte,LUMPKIN,2015-09-11,2015-09-21,1040,0,0,11,0,0
Lake,VALLEY,2015-09-12,2015-10-15,76067,0,4,34,0,93
Monterey,TASSAJARA,2015-09-19,2015-09-29,1086,0,0,11,20,1
Butte,MERIDIAN,2015-10-03,2015-10-04,860,0,0,2,0,0
San Benito,CIENEGA,2015-10-12,2015-10-16,690,0,0,5,0,0
Ventura,SOLIMAR,2015-12-25,2015-12-28,1288,0,0,4,0,0
San Luis Obispo,CAMP ROBERTS,2016-05-18,2016-05-20,3712,0,0,3,0,0
Monterey,METZ,2016-05-22,2016-05-25,3876,0,0,4,0,0
Monterey,METZ,2016-05-22,2016-05-25,3876,0,0,4,0,0
Tulare,CHIMNEY,2016-06-01,2016-06-07,1324,0,0,7,0,0
Monterey,STONY,2016-06-02,2016-06-17,3000,0,0,16,0,0
San Luis Obispo,SODA,2016-06-04,2016-06-06,2003,0,0,3,0,0
Los Angeles,OLD,2016-06-04,2016-06-10,465,0,0,7,9,1
Monterey,COLEMAN,2016-06-04,2016-06-17,2520,0,0,14,1,0
Siskiyou,PONY,2016-06-07,2016-10-02,2860,0,0,118,0,0
Santa Barbara,SHERPA,2016-06-15,2016-06-23,7474,0,0,9,5,0
San Diego,BORDER 3,2016-06-19,2016-07-01,7609,0,2,13,16,3
Los Angeles,RESERVOIR,2016-06-20,2016-07-05,1146,0,1,16,0,0
Los Angeles,FISH,2016-06-20,2016-07-05,4253,0,0,16,0,0
Kern,ERSKINE,2016-06-23,2016-07-09,48019,0,2,17,286,12
Mono,MARINA,2016-06-24,2016-07-04,654,0,0,11,1,0
Merced,DINOSAUR,2016-06-25,2016-06-26,1246,0,0,2,0,0
Mariposa,LAKES,2016-06-26,2016-10-31,1001,0,0,128,0,0
Sacramento,RANCHO,2016-06-28,2016-06-30,372,0,0,3,0,0
Placer,TRAILHEAD,2016-06-28,2016-08-14,5645,0,0,48,0,0
Tehama,COLYEAR,2016-06-30,2016-07-06,464,0,0,7,0,0
Ventura,PINE,2016-06-30,2016-07-17,2304,0,0,18,0,0
Fresno,CURRY,2016-07-01,2016-07-04,2944,0,0,4,0,0
Kern,DEER,2016-07-01,2016-07-10,1785,0,0,10,0,0
Calaveras,APPALOOSA,2016-07-02,2016-07-15,310,0,0,14,1,0
Shasta,FIDDLER,2016-07-08,2016-07-09,303,0,0,2,1,1
Kern,FORT,2016-07-08,2016-07-09,554,0,0,2,0,0
Los Angeles,SAGE,2016-07-09,2016-07-16,1100,0,0,8,0,2
Calaveras,PACHECO,2016-07-12,2016-07-18,341,0,0,7,2,0
San Diego,ROBLAR,2016-07-21,2016-07-27,1245,0,0,7,0,0
Los Angeles,SAND,2016-07-22,2016-08-06,41383,0,1,16,116,20
Monterey,SOBERANES,2016-07-22,2016-10-13,132127,1,0,84,68,5
Fresno,GOOSE,2016-07-30,2016-08-09,2241,0,0,11,9,1
Butte,99,2016-08-02,2016-08-08,520,0,0,7,0,0
Yolo,COLD,2016-08-02,2016-08-12,5731,0,0,11,2,0
Mono,CLARK,2016-08-04,2016-08-12,2819,0,0,9,0,0
San Bernardino,PILOT,2016-08-07,2016-08-16,8110,0,0,10,0,0
Fresno,MINERAL,2016-08-08,2016-08-19,7050,0,0,12,2,0
Inyo,HORSESHOE,2016-08-09,2016-08-17,369,0,0,9,0,0
Lake,CLAYTON,2016-08-13,2016-09-03,3929,0,0,22,300,28
San Luis Obispo,CHIMNEY,2016-08-13,2016-09-07,46235,0,0,26,70,8
San Bernardino,BLUECUT,2016-08-16,2016-09-08,36274,0,0,24,321,8
Kern,CEDAR,2016-08-16,2016-09-24,29322,0,0,40,6,0
Yuba,BEALE,2016-08-18,2016-08-19,389,0,0,2,0,0
Santa Barbara,REY,2016-08-18,2016-09-15,32606,0,0,29,5,0
Alpine,MOKELUMNE,2016-08-19,2016-09-20,655,0,0,33,0,0
Tulare,TULE,2016-08-22,2016-08-22,395,0,0,1,0,0
Humboldt,TULLY,2016-08-22,2016-09-09,599,0,0,19,3,0
Siskiyou,GRADE,2016-08-24,2016-09-10,710,0,0,18,10,1
Kern,RANGE,2016-08-26,2016-08-31,600,0,0,6,0,0
Kern,HAVILA,2016-08-27,2016-08-31,304,0,0,5,0,0
Siskiyou,GAP,2016-08-27,2016-09-16,33867,0,0,21,14,0
Calaveras,WILLOW,2016-08-28,2016-09-04,450,0,0,8,0,1
Riverside,BOGART,2016-08-30,2016-09-05,1470,0,0,7,1,0
Butte,SADDLE,2016-09-05,2016-09-22,800,0,0,18,3,0
Modoc,HOWARD,2016-09-11,2016-09-15,380,0,0,5,0,0
Lassen,WILLARD,2016-09-11,2016-10-12,2575,0,0,32,7,0
Tehama,HOG,2016-09-13,2016-09-13,321,0,0,1,0,0
Fresno,CROWN,2016-09-15,2016-10-31,800,0,0,47,0,0
Santa Barbara,CANYON,2016-09-17,2016-09-24,12742,1,0,8,0,0
Mono,OWENS RIVER,2016-09-17,2016-10-15,5443,0,0,29,4,0
Modoc,SOUP COMPLEX,2016-09-17,2016-10-31,2722,0,0,45,0,0
Kern,FLAT,2016-09-19,2016-09-22,307,0,0,4,0,0
Sonoma,SAWMILL,2016-09-25,2016-10-01,1547,0,0,7,0,0
Tuolumne,MARSHES,2016-09-26,2016-10-04,1080,0,0,9,0,0
Santa Clara,LOMA,2016-09-26,2016-11-08,4474,0,0,44,28,1
Tulare,SLATE,2016-10-04,2016-11-05,2160,0,0,33,0,0
Fresno,SACATA,2016-10-11,2016-10-19,2100,0,0,9,0,0
Tulare,JACOBSON,2016-10-20,2016-11-01,1702,0,0,13,0,0
Tulare,MEADOW,2016-10-29,2016-11-22,4347,0,0,25,0,0
Tulare,HIDDEN,2016-11-02,2016-11-23,2768,0,0,22,0,0
Modoc,WEST,2017-04-01,2017-04-01,401,0,0,1,0,0
Fresno,JAYNE,2017-04-20,2017-04-21,4532,0,0,2,0,0
Fresno,EL DORADO,2017-04-28,2017-04-28,750,0,0,1,0,0
Riverside,OPERA,2017-04-30,2017-05-02,1350,0,0,3,0,0
Merced,WRIGHT,2017-05-12,2017-05-13,1733,0,0,2,0,0
Fresno,ELM 2,2017-05-18,2017-05-21,10000,0,0,4,0,0
San Diego,DELUZ,2017-05-19,2017-05-22,486,0,0,4,0,0
Kern,MING,2017-05-20,2017-05-22,506,0,0,3,0,0
San Diego,GATE,2017-05-20,2017-05-22,2056,0,0,3,0,0
Monterey,RANGE,2017-06-04,2017-06-11,1972,0,0,8,0,0
Tulare,DINELY,2017-06-07,2017-06-10,339,0,0,4,0,0
Madera,OAKWOOD,2017-06-10,2017-06-13,1417,0,0,4,0,0
Fresno,MONTEREY,2017-06-11,2017-06-11,450,0,0,1,0,0
Los Angeles,LAKE,2017-06-17,2017-06-23,850,0,0,7,0,2
Kern,HIGHWAY,2017-06-21,2017-06-25,1522,0,0,5,0,0
San Bernardino,HOLCOMB,2017-06-21,2017-06-29,1503,0,0,9,0,0
Fresno,CREEK,2017-06-23,2017-06-27,357,0,0,5,4,0
Tulare,SCHAEFFER,2017-06-24,2017-08-05,16031,0,0,43,0,0
Los Angeles,PLACERITA,2017-06-25,2017-06-28,760,0,0,4,1,1
San Luis Obispo,HILL,2017-06-26,2017-06-28,1626,0,0,3,7,0
Riverside,MANZANITA,2017-06-26,2017-06-30,6309,0,0,5,0,0
San Bernardino,MART,2017-06-27,2017-07-01,670,0,0,5,0,0
Modoc,BATTLE,2017-06-28,2017-07-01,640,0,0,4,0,0
San Diego,CRISTIANITOS,2017-06-28,2017-07-01,761,0,0,4,0,0
Mariposa,BEN,2017-06-28,2017-07-06,558,0,0,9,0,0
Kern,TARINA,2017-06-30,2017-07-01,1200,0,0,2,0,0
Fresno,DERRICK,2017-07-02,2017-07-05,1562,0,0,4,0,0
Siskiyou,FAY,2017-07-05,2017-07-31,496,0,0,27,1,0
Kern,QUIAL COMPLEX,2017-07-06,2017-07-06,1626,0,0,1,0,0
Yolo,WINTER,2017-07-06,2017-07-14,1700,0,0,9,0,0
San Luis Obispo,ALAMO,2017-07-06,2017-07-18,28687,0,0,13,14,1
Butte,WALL,2017-07-07,2017-08-03,6033,0,0,28,91,10
Monterey,PARKFIELD,2017-07-08,2017-07-08,1816,0,0,1,0,1
Santa Barbara,WHITTIER,2017-07-08,2017-10-05,18430,0,0,90,40,7
San Luis Obispo,STONE,2017-07-09,2017-07-11,340,0,0,3,3,0
Kings,GARZA,2017-07-09,2017-07-25,48660,0,0,17,1,0
Tehama,DALE,2017-06-24,2017-06-26,856,0,0,3,0,0
Nevada,FARAD,2017-07-10,2017-07-16,747,0,0,7,0,0
San Diego,JENNINGS 2,2017-07-11,2017-07-14,400,0,0,4,0,0
Lassen,LONG VALLEY,2017-07-11,2017-07-25,83733,0,0,15,8,3
Modoc,DOBE,2017-07-13,2017-07-31,410,0,0,19,0,0
San Bernardino,BRIDGE 2,2017-07-14,2017-07-18,460,0,0,5,0,0
Mendocino,GRADE,2017-07-16,2017-07-18,900,0,0,3,1,0
Mariposa,DETWILER,2017-07-16,2017-08-31,81826,0,0,47,134,21
Fresno,PARK,2017-07-17,2017-07-30,1649,0,0,14,0,0
Kern,HUDSON,2017-07-18,2017-07-18,1083,0,0,1,0,0
Siskiyou,MARBLE,2017-07-19,2017-07-28,319,0,0,10,0,0
Tulare,ELEPHANT 2,2017-07-20,2017-07-21,416,0,0,2,0,0
Modoc,MODOC JULY COMPLEX,2017-07-24,2017-08-13,83120,0,0,21,0,0
Siskiyou,ORLEANS COMPLEX,2017-07-25,2017-10-12,27276,0,0,80,0,0
Washoe (Nv),R-21,2017-07-26,2017-07-27,589,0,0,2,0,0
Sacramento,LATROBE,2017-07-26,2017-07-28,1268,0,0,3,0,0
Tuolumne,JACKSONVILLE,2017-07-29,2017-08-04,675,0,0,7,1,0
Plumas,MINERVA 5,2017-07-29,2017-08-16,4310,0,0,19,0,0
Tulare,ROADRUNNER,2017-07-30,2017-07-31,2289,0,0,2,0,0
Kern,GARDEN,2017-07-30,2017-08-09,450,0,0,11,0,0
Mono,GRANT,2017-07-31,2017-08-03,400,0,0,4,0,0
Tuolumne,SUMMIT COMPLEX,2017-07-31,2017-11-30,5248,0,0,123,0,0
Mariposa,EMPIRE,2017-08-01,2017-10-31,6370,0,0,92,0,0
San Luis Obispo,RED,2017-08-02,2017-08-03,450,0,0,2,0,0
San Bernardino,BRYANT 2,2017-08-03,2017-08-14,325,0,0,12,1,0
Modoc,PARKER 2,2017-08-03,2017-08-14,7697,0,0,12,1,0
Tulare,INDIAN,2017-08-03,2017-08-29,2295,0,0,27,0,0
Plumas,CHILCOOT,2017-08-06,2017-08-08,1021,0,0,3,0,0
Lassen,POSLIN,2017-08-06,2017-08-09,860,0,0,4,0,0
Madera,BUTTE,2017-08-07,2017-08-17,635,0,0,11,0,0
Del Norte,YOUNG,2017-08-07,2017-10-15,21377,0,0,70,0,0
Trinity,RUTH COMPLEX,2017-08-09,2017-08-25,4736,0,0,17,0,0
Kern,ROSE,2017-08-10,2017-08-10,338,0,0,1,0,0
Riverside,BLAINE,2017-08-13,2017-08-16,1500,0,0,4,0,46
Siskiyou,SALMON AUGUST COMPLEX,2017-08-13,2017-10-20,65889,0,0,69,1,0
Mariposa,SOUTH FORK,2017-08-13,2017-11-30,7000,0,0,110,0,0
Riverside,MIAS,2017-08-14,2017-08-18,600,0,0,5,0,0
Jackson (Or),MILLER COMPLEX,2017-08-14,2017-11-30,39716,0,0,109,0,0
Siskiyou,ECLIPSE COMPLEX,2017-08-15,2017-10-10,78698,0,0,57,0,0
Yuba,BEALE,2017-08-20,2017-08-20,950,0,0,1,0,0
Modoc,JONES,2017-08-23,2017-08-27,375,0,0,5,0,0
Modoc,BOLES,2017-08-23,2017-09-04,371,0,0,13,0,0
Lassen,MUD,2017-08-29,2017-09-01,6042,0,0,4,0,0
Mono,SLINKARD,2017-08-29,2017-09-11,8925,0,0,14,0,0
Madera,RAILROAD,2017-08-29,2017-09-15,12407,1,0,18,8,1
Tulare,PIER,2017-08-29,2017-09-24,36556,0,0,27,2,0
Butte,PONDEROSA,2017-08-29,2017-10-28,4016,0,0,61,55,0
Nevada,PLEASANT,2017-08-30,2017-09-06,392,0,0,8,1,1
Washoe (Nv),R-4,2017-08-30,2017-09-18,18618,0,0,20,0,0
Trinity,HELENA,2017-08-30,2017-10-19,21449,0,0,51,131,0
Kern,CALDWELL,2017-09-01,2017-09-06,1319,0,0,6,0,0
Los Angeles,LA TUNA,2017-09-01,2017-09-08,7194,0,0,8,5,0
Riverside,PALMER,2017-09-02,2017-09-09,3800,0,0,8,0,1
Madera,PEAK,2017-09-03,2017-09-09,680,0,0,7,4,0
Madera,MISSION,2017-09-03,2017-09-13,1037,0,0,11,7,4
Tuolumne,CREEK,2017-09-03,2017-11-20,1749,0,0,79,0,0
Plumas,EUREKA,2017-09-05,2017-10-31,437,0,0,57,0,0
El Dorado,TABLE,2017-09-08,2017-10-17,426,0,0,40,0,0
Shasta,BERRY,2017-09-12,2017-10-04,900,0,0,23,0,0
Trinity,BUCK,2017-09-12,2017-11-05,13434,0,0,55,0,0
Madera,EASTMAN,2017-09-18,2017-09-19,483,0,0,2,0,0
Tulare,LION,2017-09-24,2017-11-27,19215,0,0,65,0,0
Orange,CANYON,2017-09-25,2017-10-03,2662,0,0,9,0,7
Santa Barbara,RUCKER,2017-09-29,2017-10-04,444,0,0,6,0,0
Yuba,CASCADE (NEU WIND COMPLEX)*,2017-10-08,2017-10-19,9989,0,4,12,264,10
Nevada,MCCOURTNEY (NEU WIND COMPLEX),2017-10-08,2017-10-21,76,0,0,14,13,2
Nevada,LOBO (NEU WIND COMPLEX),2017-10-08,2017-10-22,821,0,0,15,47,2
Mendocino,"REDWOOD VALLEY
(MENDOCINO LAKE COMPLEX)",2017-10-08,2017-10-26,36523,0,9,19,543,41
Napa,TUBBS (CENTRAL LNU COMPLEX),2017-10-08,2017-10-31,36807,1,21,24,0,317
Sonoma,ADOBE (CENTRAL LNU COMPLEX -NUNS),2017-10-08,2017-10-31,3700,0,0,24,0,0
Napa,PARTRICK (CENTRAL LNU COMPLEX -NUNS),2017-10-08,2017-10-31,8283,0,0,24,0,0
Butte,CHEROKEE,2017-10-08,2017-11-05,8500,0,0,29,6,1
Marin,THIRTY SEVEN,2017-10-09,2017-10-12,1660,0,0,4,3,1
Orange,CANYON 2,2017-10-09,2017-10-17,9217,0,0,9,25,55
Butte,LA PORTE (NEU WIND COMPLEX),2017-10-09,2017-10-20,6151,0,0,12,74,2
Lake,"SULPHUR
(MENDOCINO LAKE COMPLEX)",2017-10-09,2017-10-26,2207,0,0,18,162,8
Napa,ATLAS (SOUTHERN LNU COMPLEX),2017-10-09,2017-10-28,51624,0,6,20,783,120
Sonoma,NUNS (CENTRAL LNU COMPLEX),2017-10-09,2017-10-31,44573,0,3,23,0,172
Sonoma,POCKET 2 (CENTRAL LNU COMPLEX),2017-10-09,2017-10-31,17357,0,0,23,6,2
Santa Cruz,BEAR,2017-10-16,2017-10-29,391,0,0,14,6,0
San Diego,BUFFALO,2017-10-17,2017-10-19,1088,0,0,3,0,0
Riverside,WILDOMAR,2017-10-26,2017-11-01,866,0,0,7,0,0
Mono,CHRIS,2017-11-13,2017-11-16,370,0,0,4,0,0
Ventura,THOMAS,2017-12-04,2018-01-12,281893,1,1,40,0,274
Los Angeles,RYE,2017-12-05,2017-12-15,6049,0,0,11,6,3
Los Angeles,CREEK,2017-12-05,2017-12-29,15619,0,0,25,123,81
Los Angeles,SKIRBALL,2017-12-06,2017-12-17,422,0,0,12,9,13
Riverside,LIBERTY,2017-12-07,2017-12-09,300,0,0,3,3,1
San Diego,LILAC 5,2017-12-07,2017-12-16,4088,0,0,10,157,64
Inyo,PLEASANT,2018-02-18,2018-02-25,2070,0,0,8,0,0
Inyo,MOFFAT,2018-04-19,2018-04-24,1065,0,0,6,0,0
Merced,NEES,2018-05-02,2018-05-02,1756,0,0,1,0,0
San Diego,ALPHA,2018-05-04,2018-05-05,300,0,0,2,0,0
Riverside,PATTERSON,2018-05-17,2018-05-18,1261,0,0,2,0,0
Madera,CANAL,2018-05-19,2018-05-20,300,0,0,2,0,0
Madera,O'NEALS,2018-06-04,2018-06-07,300,0,0,4,0,0
Los Angeles,STONE,2018-06-04,2018-06-08,1352,0,0,5,0,0
San Benito,AIRLINE 2,2018-06-04,2018-06-12,1314,0,0,9,0,0
San Benito,EASTERN 2,2018-06-04,2018-06-12,513,0,0,9,0,0
Tehama,APPLE,2018-06-09,2018-06-12,2956,0,0,4,9,3
Glenn,CHROME,2018-06-09,2018-06-22,2290,0,0,14,1,0
Madera,LIONS,2018-06-11,2018-07-14,12990,0,0,34,0,0
Lassen,TUMBLEWEED,2018-06-14,2018-06-17,646,0,0,4,0,0
Merced,PLANADA,2018-06-15,2018-06-19,4563,0,0,5,0,0
San Luis Obispo,YANKEE,2018-06-20,2018-06-22,1500,0,0,3,0,0
Tehama,LANE,2018-06-23,2018-07-04,3392,0,0,12,0,0
Lake,PAWNEE,2018-06-23,2018-07-08,15180,0,0,16,22,6
Shasta,PANTHER,2018-06-24,2018-06-26,386,0,0,3,0,0
Butte,SHIPPEE,2018-06-26,2018-06-27,460,0,0,2,0,0
Lassen,HYATT,2018-06-27,2018-06-29,383,0,0,3,4,0
San Joaquin,WAVERLY,2018-06-29,2018-07-12,11789,0,0,14,1,0
Yolo,COUNTY,2018-06-30,2018-07-14,90000,0,0,15,29,4
El Dorado,SHINGLE,2018-07-04,2018-07-05,316,0,0,2,0,0
Siskiyou,KLAMATHON,2018-07-05,2018-07-21,38008,0,1,17,83,12
Amador,IRISH,2018-07-06,2018-07-09,825,0,0,4,1,1
San Diego,PENDLETON COMPLEX,2018-07-06,2018-07-10,1520,0,0,5,0,0
San Diego,WEST,2018-07-06,2018-07-10,505,0,0,5,48,14
San Bernardino,VALLEY,2018-07-06,2018-07-12,1350,0,0,7,0,0
Alameda,GRANT,2018-07-08,2018-07-09,480,0,0,2,1,0
Inyo,GEORGES,2018-07-08,2018-07-23,2941,0,0,16,0,0
Butte,STONEY,2018-07-12,2018-07-20,1000,0,0,9,0,0
Modoc,EAGLE,2018-07-13,2018-07-20,2100,0,0,8,0,0
Mariposa,FERGUSON,2018-07-13,2018-08-22,96901,2,0,41,11,0
Yolo,EIGHTY EIGHT,2018-07-18,2018-07-21,822,0,0,4,0,0
Santa Clara,COUNTRY,2018-07-22,2018-07-24,320,0,0,3,0,0
Shasta,CARR,2018-07-23,2018-09-01,229651,3,4,41,0,279
Riverside,CRANSTON,2018-07-25,2018-08-09,13139,0,0,16,12,5
San Diego,PASQUAL,2018-07-27,2018-07-31,365,0,0,5,0,0
Lassen,WHALEBACK,2018-07-27,2018-08-06,18703,0,0,11,0,0
Colusa,"RANCH - MENDOCINO
COMPLEX",2018-07-27,2018-08-17,410203,1,0,22,246,27
Colusa,"RIVER - MENDOCINO
COMPLEX",2018-07-27,2018-09-27,48920,0,0,63,35,11
Sutter,BUTTE,2018-07-31,2018-08-02,1000,0,0,3,0,0
Mono,OWENS,2018-07-31,2018-08-05,338,0,0,6,0,0
Mono,HOTCREEK,2018-07-31,2018-08-05,419,0,0,6,0,0
Mendocino,EEL,2018-07-31,2018-08-08,972,0,0,9,10,0
Placer,SUNSET,2018-08-01,2018-08-03,695,0,0,3,0,0
Tuolumne,DONNELL,2018-08-01,2018-10-31,36450,0,0,92,135,0
Kern,TARINA,2018-08-03,2018-08-05,3516,0,0,3,0,0
Monterey,TURKEY,2018-08-06,2018-08-07,2225,0,0,2,0,0
Orange,HOLY,2018-08-06,2018-09-14,23025,0,0,40,24,18
Shasta,HAT,2018-08-09,2018-08-23,1900,0,0,15,0,0
Shasta,HIRZ,2018-08-09,2018-09-12,46051,0,0,35,0,0
Solano,NELSON,2018-08-10,2018-08-14,2162,0,0,5,1,1
Monterey,GULCH,2018-08-11,2018-08-11,700,0,0,1,0,0
Tulare,RIVER 7,2018-08-15,2018-08-19,496,0,0,5,0,0
Modoc,STONE,2018-08-15,2018-09-01,39387,0,0,18,2,0
Humboldt,MILL CREEK 1,2018-08-16,2018-08-30,3674,0,0,15,0,0
Kern,CALL,2018-08-18,2018-08-21,367,0,0,4,0,0
San Luis Obispo,FRONT,2018-08-19,2018-08-29,1014,0,0,11,0,0
Placer,NORTH,2018-09-03,2018-09-16,1120,0,0,14,0,0
Trinity,KERLIN,2018-09-04,2018-09-17,1751,0,0,14,5,0
Shasta,DELTA,2018-09-05,2018-10-11,63311,0,0,37,42,4
Tuolumne,TULLOCH,2018-09-08,2018-09-10,573,0,0,3,0,0
Napa,SNELL,2018-09-08,2018-09-15,2490,0,0,8,0,0
Monterey,METZ,2018-09-13,2018-09-15,411,0,0,3,0,0
Madera,OAK,2018-09-22,2018-09-29,360,0,0,8,0,0
Los Angeles,CHARLIE,2018-09-22,2018-09-30,3380,0,0,9,0,0
Monterey,NACIMIENTO,2018-10-02,2018-10-03,450,0,0,2,0,0
Tulare,ALDER,2018-10-04,2018-12-22,4654,0,0,80,0,0
Tehama,SUN,2018-10-07,2018-10-07,3889,0,0,1,0,0
Solano,BRANSCOMBE,2018-10-07,2018-10-08,4500,0,0,2,2,0
Tulare,MOUNTAINEER,2018-10-13,2018-12-22,1270,0,0,71,0,0
Butte,JUNES,2018-10-30,2018-11-12,550,0,0,14,0,0
Ventura,HILL,2018-11-08,2018-11-16,4381,0,0,9,4,2
Ventura,WOOLSEY,2018-11-08,2018-11-22,96949,0,3,15,0,364
Butte,CAMP,2018-11-08,2018-12-20,153336,0,85,43,0,754
Riverside,LINCOLN,2019-03-15,2019-03-20,560,0,0,6,0,0
Kern,REFUGE,2019-05-07,2019-05-08,2500,0,0,2,0,0
Tuolumne,ROSASCO,2019-05-23,2019-09-11,731,0,0,112,0,0
San Luis Obispo,BELMONT,2019-05-29,2019-05-29,835,0,0,1,0,0
San Luis Obispo,BOULDER,2019-06-05,2019-06-05,1075,0,0,1,0,0
Stanislaus,STUHR,2019-06-07,2019-06-07,581,0,0,1,0,0
Sutter,WEST BUTTE,2019-06-08,2019-06-09,1300,0,0,2,7,0
Colusa,SAND,2019-06-08,2019-06-15,2220,0,0,8,4,0
Tulare,JORDAN,2019-06-09,2019-07-01,591,0,0,23,0,0
San Luis Obispo,MCMILLAN,2019-06-12,2019-06-13,1763,0,0,2,0,0
Trinity,EAST,2019-06-17,2019-07-18,410,0,0,32,0,0
Riverside,JERRY,2019-06-21,2019-06-21,500,0,0,1,0,0
Monterey,LONOAK,2019-06-25,2019-06-26,2546,0,0,2,0,0
Stanislaus,ROCK,2019-06-25,2019-06-27,2420,0,0,3,0,0
San Luis Obispo,GILLIS,2019-07-08,2019-07-09,1010,0,0,2,1,1
Tulare,COW,2019-07-25,2019-10-11,2025,0,0,79,0,0
Mono,SPRINGS,2019-07-26,2019-10-01,4840,0,0,68,0,0
Modoc,TUCKER,2019-07-28,2019-08-04,14150,0,0,8,0,0
Monterey,LAKE,2019-07-29,2019-08-01,306,0,0,4,0,0
Monterey,MILL,2019-07-30,2019-08-08,310,0,0,10,0,0
San Diego,CALIENTE,2019-08-01,2019-08-03,448,0,0,3,0,0
Contra Costa,MARSH CREEK 3,2019-08-03,2019-08-07,340,0,0,5,0,0
Lassen,W-1 MCDONALD,2019-08-08,2019-08-11,1020,0,0,4,0,0
Tulare,BRODER,2019-08-08,2019-09-20,381,0,0,44,0,0
San Bernardino,BARSTOW,2019-08-11,2019-08-12,685,0,0,2,0,0
Mariposa,HUNTER,2019-08-15,2019-08-15,433,0,0,1,0,0
Mariposa,GAINES,2019-08-16,2019-08-20,1300,0,0,5,0,0
Shasta,MOUNTAIN,2019-08-22,2019-08-31,600,0,0,10,14,7
Lassen,LONG VALLEY,2019-08-24,2019-08-27,2438,0,0,4,1,4
Lassen,R-1 RANCH,2019-08-28,2019-09-04,3380,0,0,8,0,0
Tulare,CREEK,2019-08-31,2019-09-04,756,0,0,5,0,0
Riverside,TENAJA,2019-09-04,2019-09-14,1926,0,0,11,0,3
Plumas,WALKER,2019-09-04,2019-09-25,54608,0,0,22,9,0
Inyo,TABOOSE,2019-09-04,2019-11-21,10400,0,0,79,0,0
Tehama,RED BANK,2019-09-05,2019-09-17,8836,0,0,13,2,0
Modoc,LONE,2019-09-05,2019-09-17,5737,0,0,13,0,0
Siskiyou,LIME,2019-09-05,2019-09-25,1872,0,0,21,0,0
Trinity,MIDDLE,2019-09-05,2019-10-11,1339,0,0,37,0,0
Tehama,SOUTH,2019-09-05,2019-11-27,5332,0,0,84,2,0
Butte,SWEDES,2019-09-07,2019-09-09,496,0,0,3,2,1
Riverside,HORSESHOE,2019-09-14,2019-09-17,503,0,0,4,0,0
Placer,BASELINE,2019-09-20,2019-09-21,640,0,0,2,0,0
Napa,AMERICAN,2019-10-06,2019-10-07,526,0,0,2,1,0
Mariposa,BRICEBURG,2019-10-06,2019-10-20,5563,0,0,15,1,0
Riverside,RECHE,2019-10-10,2019-10-12,350,0,0,3,1,1
Riverside,SANDALWOOD,2019-10-10,2019-10-15,1011,0,2,6,73,16
Los Angeles,SADDLE RIDGE,2019-10-10,2019-10-26,8799,0,1,17,24,91
El Dorado,CAPLES,2019-10-10,2019-10-31,3435,0,0,22,0,0
Santa Barbara,REAL,2019-10-17,2019-10-21,420,0,0,5,0,0
Sonoma,KINCADE,2019-10-23,2019-11-10,77758,0,0,19,374,60
Los Angeles,TICK,2019-10-24,2019-10-31,3950,0,0,8,29,46
Tehama,RAWSON,2019-10-26,2019-10-27,605,0,0,2,1,3
Mendocino,BURRIS,2019-10-27,2019-11-02,703,0,0,7,0,0
Los Angeles,GETTY,2019-10-28,2019-11-14,745,0,0,18,13,19
Ventura,EASY,2019-10-30,2019-11-08,2375,0,0,10,1,1
Riverside,46TH,2019-10-31,2019-10-31,328,0,0,1,7,7
Riverside,HILL,2019-10-31,2019-11-03,628,0,0,4,0,0
Ventura,MARIA,2019-10-31,2019-11-06,9999,0,0,7,4,0
Tehama,RANCH,2019-11-03,2019-11-06,2534,0,0,4,0,1
Placer,FOOTHILLS,2019-11-25,2019-11-25,308,0,0,1,0,0
Santa Barbara,CAVE,2019-11-25,2019-12-13,3126,0,0,19,0,1
Kings,INTERSTATE 5,2020-05-03,2020-05-03,2060,0,0,1,0,0
San Luis Obispo,RANGE,2020-05-27,2020-05-28,5000,0,0,2,0,0
Santa Barbara,SCORPION,2020-05-31,2020-06-05,1395,0,0,6,0,0
Placer,AMORUSO,2020-06-01,2020-06-01,670,0,0,1,0,0
Solano,QUAIL,2020-06-06,2020-06-13,1837,0,0,8,5,12
San Diego,INDIA,2020-06-09,2020-06-16,1100,0,0,8,0,0
San Luis Obispo,SODA,2020-06-10,2020-06-10,1680,0,0,1,0,0
Ventura,ELIZABETH,2020-06-10,2020-06-12,300,0,0,3,0,0
Ventura,LIME,2020-06-10,2020-06-16,803,0,0,7,0,0
Sacramento,GRANT,2020-06-12,2020-06-19,5042,0,0,8,0,1
Fresno,HOG,2020-06-14,2020-06-15,533,0,0,2,0,0
Santa Barbara,DRUM,2020-06-14,2020-06-17,696,0,0,4,0,0
Fresno,EAGLE,2020-06-15,2020-06-15,300,0,0,1,0,0
San Luis Obispo,AVILA,2020-06-15,2020-06-20,445,0,0,6,0,1
San Benito,BITTER,2020-06-16,2020-06-20,813,0,0,5,0,0
Calaveras,WALKER,2020-06-16,2020-06-21,1455,0,0,6,2,2
Tulare,SUCCESS 2,2020-06-18,2020-06-19,800,0,0,2,0,0
Monterey,RICO,2020-06-22,2020-06-23,348,0,0,2,0,0
Tulare,GRADE,2020-06-22,2020-06-25,1050,0,0,4,0,0
San Bernardino,IVANPAH,2020-06-22,2020-06-26,1088,0,0,5,0,0
Lassen,R-2,2020-06-23,2020-06-25,563,0,0,3,0,0
Merced,PASS,2020-06-28,2020-06-30,2192,0,0,3,0,0
Kern,BENA,2020-07-01,2020-07-05,4000,0,0,5,0,0
Los Angeles,ROWHER,2020-07-01,2020-07-09,616,0,0,9,0,0
Madera,BONADELLE,2020-07-02,2020-07-03,500,0,0,2,0,0
San Luis Obispo,LAKE,2020-07-04,2020-07-05,583,0,0,2,1,0
Santa Clara,PARK,2020-07-04,2020-07-08,353,0,0,5,0,0
Los Angeles,SOLEDAD,2020-07-05,2020-07-06,1525,0,0,2,0,0
Santa Clara,CREWS,2020-07-05,2020-07-20,5513,0,0,16,4,0
Fresno,MINERAL,2020-07-13,2020-07-26,29667,0,0,14,7,0
Yuba,VALLEY,2020-07-15,2020-07-15,500,0,0,1,0,0
San Benito,COYOTE,2020-07-15,2020-07-18,1485,0,0,4,1,0
Siskiyou,BADGER,2020-07-18,2020-07-28,557,0,0,11,0,0
Lassen,HOG,2020-07-18,2020-08-28,9564,0,0,42,2,0
Shasta,PLATINA,2020-07-19,2020-07-27,333,0,0,9,0,0
Lassen,GOLD,2020-07-20,2020-09-29,22614,0,0,72,13,5
Siskiyou,JULY COMPLEX,2020-07-22,2020-08-22,83261,0,0,32,15,0
Mariposa,BLUEJAY,2020-07-24,2020-11-19,6922,0,0,119,0,0
Fresno,WILD,2020-07-25,2020-07-25,1040,0,0,1,0,0
Lassen,ADAMS,2020-07-26,2020-07-31,918,0,0,6,0,0
Los Angeles,RIDGE,2020-07-27,2020-07-27,321,0,0,1,0,0
Merced,COTTONWOOD,2020-07-27,2020-07-29,788,0,0,3,0,0
San Luis Obispo,BRANCH,2020-07-28,2020-08-03,3222,0,0,7,8,0
Humboldt,RED SALMON COMPLEX,2020-07-28,2020-11-16,144698,0,0,112,0,0
Sacramento,CLAY,2020-07-29,2020-07-29,741,0,0,1,0,0
Fresno,LINCOLN,2020-07-29,2020-07-29,640,0,0,1,0,0
Riverside,APPLE,2020-07-31,2020-11-18,33424,0,0,111,13,6
San Luis Obispo,POND,2020-08-01,2020-08-09,2005,0,0,9,4,1
Tehama,STUMP,2020-08-01,2020-08-13,684,0,0,13,0,0
Yuba,BEALE,2020-08-02,2020-08-03,600,0,0,2,0,0
Colusa,SITES,2020-08-02,2020-08-06,560,0,0,5,1,1
Lassen,NORTH,2020-08-02,2020-08-08,6882,0,0,7,0,1
Kern,STAGECOACH,2020-08-03,2020-08-14,7760,1,0,12,31,4
Fresno,TRIMMER,2020-08-03,2020-09-01,594,0,0,30,0,0
San Luis Obispo,PASS,2020-08-04,2020-08-05,322,0,0,2,0,0
Tuolumne,WOLF,2020-08-11,2020-11-19,2057,0,0,101,0,0
Los Angeles,LAKE,2020-08-12,2020-09-30,31089,0,0,50,34,6
Sacramento,MEISS,2020-08-13,2020-08-15,512,0,0,3,0,0
Los Angeles,RANCH 2,2020-08-13,2020-09-03,4237,0,0,22,0,0
Sierra,LOYALTON,2020-08-14,2020-08-30,47029,0,0,17,35,0
San Luis Obispo,WHALE,2020-08-15,2020-08-18,320,0,0,4,0,0
San Bernardino,DOME,2020-08-15,2020-08-22,43273,0,0,8,6,0
Fresno,HILLS,2020-08-15,2020-09-27,2121,1,0,44,0,0
Mono,BEACH,2020-08-16,2020-08-28,3780,0,0,13,0,0
Monterey,RIVER,2020-08-16,2020-09-04,48088,0,0,20,30,13
Contra Costa,"SCU LIGHTNING
COMPLEX",2020-08-16,2020-09-15,396625,0,0,31,225,26
San Mateo,"CZU AUGUST LIGHTNING
COMPLEX",2020-08-16,2020-09-22,86509,0,1,38,0,140
Tulare,RATTLESNAKE,2020-08-16,2020-12-31,8419,0,0,138,0,0
Lassen,R-5,2020-08-17,2020-08-19,471,0,0,3,0,0
Ventura,HOLSER,2020-08-17,2020-08-22,2189,0,0,6,0,0
Nevada,JONES,2020-08-17,2020-09-06,705,0,0,21,18,3
Plumas,SHEEP,2020-08-17,2020-09-09,29570,0,0,24,26,2
Butte,"BUTTE TEHAMA GLENN
COMPLEX",2020-08-17,2020-09-16,19609,0,0,31,0,0
Napa,"LNU LIGHTNING
COMPLEX",2020-08-17,2020-09-22,363220,0,5,37,0,232
Trinity,"AUGUST COMPLEX WEST
ZONE",2020-08-17,2020-10-15,143181,0,0,60,55,6
Trinity,AUGUST COMPLEX,2020-08-17,2020-11-15,889467,1,0,91,34,4
Plumas,NORTH COMPLEX,2020-08-17,2020-11-30,318935,0,16,106,0,119
Calaveras,SALT,2020-08-18,2020-08-24,1783,0,0,7,0,0
Mendocino,CREEK,2020-08-18,2020-08-26,820,0,0,9,3,0
Monterey,CARMEL,2020-08-18,2020-09-06,6901,0,0,20,73,7
Lassen,W-5 COLD SPRINGS,2020-08-18,2020-09-13,84817,0,0,27,1,0
Marin,WOODWARD,2020-08-18,2020-10-01,4929,0,0,45,0,0
Monterey,DOLAN,2020-08-18,2020-12-31,124924,0,0,136,19,4
Tulare,SQF COMPLEX,2020-08-19,2021-01-07,175019,0,0,142,232,12
Tuolumne,MOC,2020-08-20,2020-08-31,2857,0,0,12,2,1
Tulare,MORAINE,2020-08-21,2020-12-31,1316,0,0,133,0,0
Mono,SLINK,2020-08-29,2020-10-15,26759,0,0,48,2,0
Madera,HENSLEY #2,2020-08-30,2020-08-30,400,0,0,1,0,0
Trinity,HOBO,2020-09-01,2020-09-10,413,0,0,10,0,0
Fresno,CREEK,2020-09-04,2020-12-31,379895,0,0,119,858,71
San Diego,VALLEY,2020-09-05,2020-09-24,16390,0,0,20,64,11
San Bernardino,EL DORADO,2020-09-05,2020-11-16,22744,1,0,73,14,2
Los Angeles,BOBCAT,2020-09-06,2020-11-30,115997,0,0,86,169,47
Mendocino,OAK,2020-09-07,2020-09-25,1100,0,0,19,56,1
El Dorado,FORK,2020-09-08,2020-11-08,1673,0,0,62,0,0
Siskiyou,SLATER,2020-09-08,2020-11-15,157270,0,2,69,353,24
Fresno,BULLFROG,2020-09-08,2020-11-15,1185,0,0,69,0,0
Yuba,WILLOW,2020-09-09,2020-09-09,1311,0,0,1,11,5
Siskiyou,DEVIL,2020-09-09,2020-11-07,8857,0,0,60,0,0
Siskiyou,FOX,2020-09-14,2020-09-30,2188,0,0,17,0,0
Riverside,SNOW,2020-09-17,2020-09-24,6254,0,0,8,0,0
Shasta,ZOGG,2020-09-27,2020-10-14,56338,0,4,18,204,27
Napa,GLASS,2020-09-27,2020-10-20,67484,0,0,24,0,282
Riverside,CANDY,2020-09-29,2020-09-30,454,0,0,2,0,0
Monterey,COLEMAN,2020-10-18,2020-11-15,574,0,0,29,0,0
Orange,SILVERADO,2020-10-26,2020-11-07,12466,0,0,13,5,11
Orange,BLUE RIDGE,2020-10-26,2020-11-07,13694,0,0,13,1,12
Lassen,LAURA 2,2020-11-17,2020-11-23,2800,0,0,7,42,7
Mono,MOUNTAIN VIEW,2020-11-17,2020-11-30,20385,0,1,14,97,0
Riverside,AIRPORT,2020-12-01,2020-12-17,1087,0,0,17,0,0
Orange,BOND,2020-12-02,2020-12-11,6686,0,0,10,31,21
Riverside,SANDERSON,2020-12-13,2020-12-13,1954,0,0,1,0,0
San Diego,CREEK 5,2020-12-23,2020-12-28,4276,0,0,6,0,0
Riverside,BONITA,2021-01-15,2021-01-30,681,0,0,16,0,0
Kern,WOLF,2021-01-19,2021-01-20,865,0,0,2,0,0
Tuolumne,ABERNATHY,2021-01-19,2021-01-23,374,0,0,5,0,0
Siskiyou,REFUGE,2021-03-27,2021-03-28,873,0,0,2,0,0
Los Angeles,NORTH,2021-04-28,2021-05-02,650,0,0,5,0,0
Kern,OWENS,2021-05-01,2021-05-06,1512,0,0,6,0,0
San Diego,SOUTHERN,2021-05-01,2021-05-07,5366,0,0,7,3,0
Butte,GUNNISON,2021-05-08,2021-05-08,550,0,0,1,2,1
Los Angeles,PINE,2021-05-12,2021-05-15,442,0,0,4,5,1
Los Angeles,PALISADES,2021-05-14,2021-05-26,1202,0,0,13,0,0
Riverside,DAVIS,2021-05-18,2021-05-18,300,0,0,1,0,0
Los Angeles,WEEVILL,2021-05-20,2021-05-22,300,0,0,3,0,0
Stanislaus,MILE,2021-05-27,2021-05-28,508,0,0,2,0,0
Monterey,SARGENTS,2021-05-30,2021-06-02,1118,0,0,4,0,0
Yuba,INTANKO,2021-06-08,2021-06-16,939,0,0,9,2,0
San Diego,SIERRA,2021-06-09,2021-06-11,1000,0,0,3,0,0
Riverside,FLATS,2021-06-13,2021-06-20,341,0,0,8,3,1
Butte,PARK,2021-06-17,2021-06-19,402,0,0,3,0,0
San Bernardino,MOJAVE,2021-06-17,2021-06-25,2490,0,0,9,0,0
Monterey,WILLOW,2021-06-17,2021-07-11,2877,0,0,25,0,0
Inyo,ALABAMA,2021-06-18,2021-06-23,560,0,0,6,0,0
Tulare,NETTLE,2021-06-18,2021-07-01,1265,0,0,14,0,0
San Diego,OVERLAND,2021-06-19,2021-06-23,515,0,0,5,0,0
Inyo,INYO CREEK,2021-06-19,2021-07-06,592,0,0,18,0,0
Shasta,COW,2021-06-20,2021-06-26,761,0,0,7,2,0
San Diego,MESA,2021-06-23,2021-06-30,350,0,0,8,0,0
Siskiyou,LAVA,2021-06-24,2021-09-01,26409,0,0,70,23,2
Alpine,HENRY,2021-06-25,2021-08-27,1320,0,0,64,0,0
Kern,SHELL,2021-06-27,2021-07-01,1984,0,0,5,0,0
Siskiyou,TENNANT,2021-06-28,2021-07-31,10580,0,0,34,9,1
Shasta,SALT,2021-06-30,2021-07-19,12660,0,0,20,43,4
Tuolumne,LUKENS,2021-07-01,2021-08-15,867,0,0,46,0,0
Tulare,MAIN,2021-07-03,2021-07-04,384,0,0,2,0,0
Plumas,"BECKWOURTH
COMPLEX",2021-07-03,2021-10-01,105670,0,0,91,148,23
Los Angeles,TUMBLEWEED,2021-07-04,2021-07-09,868,0,0,6,0,0
Alpine,TAMARACK,2021-07-04,2021-10-15,68637,0,0,104,15,2
Modoc,JUNIPER,2021-07-05,2021-07-10,1011,0,0,6,0,0
Siskiyou,BRADLEY,2021-07-11,2021-07-17,357,0,0,7,0,0
Mariposa,RIVER,2021-07-11,2021-07-21,9656,0,0,11,12,2
Mono,DEXTER,2021-07-12,2021-07-28,2965,0,0,17,0,0
Plumas,DIXIE,2021-07-13,2021-10-26,963309,0,0,106,0,94
Kern,PEAK,2021-07-20,2021-08-03,2098,0,0,15,1,1
Shasta,MCFARLAND,2021-07-29,2021-09-09,122653,0,0,43,46,1
Trinity,MONUMENT,2021-07-30,2021-11-01,223124,0,0,95,28,2
Siskiyou,RIVER COMPLEX,2021-07-30,2021-11-01,199359,0,0,95,122,2
Los Angeles,HUNGRY,2021-07-31,2021-08-02,364,0,0,3,0,0
Tuolumne,TILTILL,2021-07-31,2021-10-22,2350,0,0,84,0,0
Siskiyou,MCCASH,2021-07-31,2021-10-31,94962,0,0,93,0,0
Siskiyou,ANTELOPE,2021-08-01,2021-10-13,145632,0,0,74,20,4
Placer,RIVER,2021-08-04,2021-09-22,2619,0,0,50,142,21
El Dorado,CALDOR,2021-08-14,2021-10-21,221835,0,0,69,0,81
Tulare,WALKERS,2021-08-15,2021-10-02,8777,0,0,49,0,0
Kern,FRENCH,2021-08-18,2021-10-20,26535,0,0,64,49,6
San Bernardino,SOUTH,2021-08-25,2021-09-01,680,0,0,8,9,28
Calaveras,AIROLA,2021-08-25,2021-09-02,639,0,0,9,0,0
Riverside,CHAPARRAL,2021-08-28,2021-09-08,1427,0,0,12,3,2
Humboldt,KNOB,2021-08-29,2021-09-12,2421,0,0,15,0,0
San Bernardino,POND,2021-08-30,2021-09-04,491,0,0,6,0,0
Placer,BRIDGE,2021-09-05,2021-09-16,411,0,0,12,0,0
Tulare,WINDY,2021-09-09,2021-11-11,97528,0,0,64,21,0
Los Angeles,ROUTE,2021-09-11,2021-09-17,464,0,0,7,0,0
Tulare,"KNP
COMPLEX",2021-09-11,2021-12-17,88307,0,0,98,4,1
Shasta,FAWN,2021-09-22,2021-10-02,8578,0,0,11,185,26
Kings,KETTLE,2021-10-11,2021-10-12,447,0,0,2,0,0
Santa Barbara,ALISAL,2021-10-11,2021-11-21,16970,0,0,42,12,1
Monterey,COLORADO,2022-01-21,2022-02-02,687,0,0,13,1,1
Inyo,AIRPORT,2022-02-16,2022-02-26,4136,0,0,11,0,0
Madera,VALLEY,2022-04-13,2022-04-13,680,0,0,1,0,0
Merced,SANDY,2022-05-15,2022-05-15,457,0,0,1,0,1
Kern,EDMONSTON,2022-05-19,2022-05-24,682,0,0,6,0,0
Napa,OLD,2022-05-31,2022-06-05,570,0,0,6,0,0
Kern,PLANT,2022-06-11,2022-06-14,517,0,0,4,0,0
San Diego,BORDER 13,2022-06-13,2022-06-17,577,0,0,5,0,0
Tehama,RANCHO,2022-06-13,2022-06-18,593,0,0,6,7,2
Kern,THUNDER,2022-06-22,2022-06-27,2500,0,0,6,0,0
Alameda,TESLA,2022-06-23,2022-06-23,552,0,0,1,0,0
Merced,ROMERO,2022-06-23,2022-06-24,349,0,0,2,0,0
Glenn,BURROWS,2022-06-28,2022-07-03,317,0,0,6,0,0
San Luis Obispo,CAMINO,2022-06-28,2022-07-03,387,0,0,6,0,0
Nevada,RICES,2022-06-28,2022-07-05,904,0,0,8,4,0
Butte,NELSON,2022-06-30,2022-06-30,328,0,0,1,0,0
Amador,ELECTRA,2022-07-04,2022-07-23,4470,0,0,20,0,0
Shasta,PETER,2022-07-14,2022-07-19,304,0,0,6,16,4
Mariposa,AGUA,2022-07-18,2022-07-22,421,0,0,5,3,0
Mariposa,OAK,2022-07-22,2022-09-02,19244,0,0,43,194,10
San Diego,BORDER 32,2022-08-31,2022-09-05,4456,0,0,6,30,8
Los Angeles,ROUTE,2022-08-31,2022-09-06,5208,0,0,7,2,0
Siskiyou,MILL,2022-09-02,2022-09-14,3939,0,2,13,118,26
Siskiyou,MOUNTAIN,2022-09-02,2022-10-30,13440,0,0,59,4,0
Riverside,FAIRVIEW,2022-09-05,2022-09-22,28098,0,2,18,37,8
Placer,MOSQUITO,2022-09-06,2022-10-22,76788,0,0,47,78,14
Madera,FORK,2022-09-07,2022-09-14,819,0,0,8,43,1
Modoc,BARNES,2022-09-07,2022-09-28,5843,0,0,22,2,0
