County,Fire Name,Start,Contained,Acres,Deaths_FF,Deaths_Civil,Duration,Strux_Destr,Strux_Dmgd,Year
LAKE,"CONTROL BURN, GEYSERS",2008-02-13,2008-02-13,400,0,0,1,0,0,2008
SAN BERNARDINO,Bluff,2008-03-16,2008-03-20,680,0,0,5,0,0,2008
MARIPOSA,WAWONA NW,2008-04-09,2008-04-19,1130,0,0,11,0,0,2008
LOS ANGELES,SANTA ANITA,2008-04-26,2008-05-02,584,0,0,7,0,0,2008
RIVERSIDE,APACHE,2008-04-29,2008-05-04,769,0,0,6,0,0,2008
TEHAMA,Colyear,2008-05-06,2008-05-09,1331,0,0,4,0,0,2008
TULARE,HONEY BEE,2008-05-06,2008-05-23,1225,0,0,18,0,0,2008
LOS ANGELES,BIGHORN,2008-05-14,2008-05-21,490,0,0,8,0,0,2008
FRESNO,Avocado,2008-05-20,2008-05-21,1100,0,0,2,0,0,2008
FRESNO,Gatos,2008-05-22,2008-05-22,331,0,0,1,0,0,2008
SANTA CLARA,Summit,2008-05-22,2008-06-15,4270,0,0,25,0,0,2008
RIVERSIDE,Johnson VMP,2008-05-28,2008-05-29,424,0,0,2,0,0,2008
TULARE,CLOVER,2008-05-28,2008-07-20,15300,0,0,54,0,0,2008
SONOMA,85,2008-06-05,2008-06-05,322,0,0,1,0,0,2008
KERN,GRAPEVINE,2008-06-06,2008-06-08,507,0,0,3,0,0,2008
KERN,RICHBAR,2008-06-07,2008-06-08,312,0,0,2,0,0,2008
SAN BERNARDINO,ACOMA,2008-06-07,2008-06-10,356,0,0,4,0,0,2008
MONTEREY,INDIANS,2008-06-08,2008-07-10,81378,0,0,33,0,0,2008
MADERA,41,2008-06-10,2008-06-11,3300,0,0,2,0,0,2008
BUTTE,Ophir,2008-06-10,2008-06-11,1600,0,0,2,0,0,2008
TUOLUMNE,LaGrange,2008-06-10,2008-06-12,1346,0,0,3,0,0,2008
SACRAMENTO,JACKSON,2008-06-10,2008-06-12,6400,0,0,3,0,0,2008
SONOMA,Pine,2008-06-10,2008-10-14,989,0,0,127,0,0,2008
BUTTE,Humboldt,2008-06-11,2008-06-16,23344,0,0,6,0,0,2008
SAN MATEO,Martin Fire,2008-06-11,2008-06-30,520,0,0,20,0,0,2008
TEHAMA,WHISKEY,2008-06-12,2008-06-22,7783,0,0,11,0,0,2008
SAN MATEO,Trabing,2008-06-20,2008-06-22,630,0,0,3,0,0,2008
MENDOCINO,Albion River Lightning,2008-06-20,2008-06-30,1000,0,0,11,0,0,2008
HUMBOLDT,MAD COMPLEX,2008-06-20,2008-07-21,3705,0,0,32,0,0,2008
HUMBOLDT,HELLS HALF COMPLEX,2008-06-20,2008-07-28,15146,0,0,39,0,0,2008
TRINITY,LIME COMPLEX,2008-06-20,2008-08-15,98715,0,0,57,0,0,2008
HUMBOLDT,UKONOM-SOUTH COMPLEX,2008-06-20,2008-09-15,29327,0,0,88,0,0,2008
MENDOCINO,Wagers Lightning,2008-06-21,2008-06-21,3000,0,0,1,0,0,2008
BUTTE,West Branch,2008-06-21,2008-06-21,3206,0,0,1,0,0,2008
BUTTE,Flea Valley,2008-06-21,2008-06-21,1248,0,0,1,0,0,2008
BUTTE,Lynch,2008-06-21,2008-06-21,800,0,0,1,0,0,2008
SANTA CLARA,Humming Bird,2008-06-21,2008-06-24,750,0,0,4,0,0,2008
SAN BENITO,Brown Complex,2008-06-21,2008-06-25,3870,0,0,5,0,0,2008
SONOMA,Wild,2008-06-21,2008-06-26,4200,0,0,6,0,0,2008
MENDOCINO,Brushy 1 Lightning,2008-06-21,2008-06-26,391,0,0,6,0,0,2008
MADERA,"OLIVER COMPLEX
(MERGED WITH OLIVER)",2008-06-21,2008-06-26,1000,0,0,6,0,0,2008
LAKE,"(MERGED WITH YOLLA
BOLLY COMPLEX)",2008-06-21,2008-06-29,3000,0,0,9,0,0,2008
SHASTA,Coleman Fish Hatchery,2008-06-21,2008-07-02,388,0,0,12,0,0,2008
SHASTA,Donkey Mine Rd/Oak RU,2008-06-21,2008-07-02,557,0,0,12,0,0,2008
SHASTA,PETERSON COMPLEX,2008-06-21,2008-07-02,7842,0,0,12,0,0,2008
MARIPOSA,SILVER KNOB,2008-06-21,2008-07-02,1161,0,0,12,0,0,2008
TUOLUMNE,NORTH MOUNTAIN,2008-06-21,2008-07-03,2889,0,0,13,0,0,2008
SHASTA,Plantina 4,2008-06-21,2008-07-04,12980,0,0,14,0,0,2008
SHASTA,EO2A,2008-06-21,2008-07-06,1200,0,0,16,0,0,2008
SHASTA,Stein,2008-06-21,2008-07-07,1148,0,0,17,0,0,2008
BUTTE,Breakneck,2008-06-21,2008-07-09,715,0,0,19,0,0,2008
MENDOCINO,Brushy 3 Lightning,2008-06-21,2008-07-13,327,0,0,23,0,0,2008
MENDOCINO,Oso Lightning,2008-06-21,2008-07-13,373,0,0,23,0,0,2008
MENDOCINO,Jack Smith Lightning,2008-06-21,2008-07-13,3000,0,0,23,0,0,2008
MENDOCINO,Daugherty Gate,2008-06-21,2008-07-13,3000,0,0,23,0,0,2008
MENDOCINO,Squaw 1 Lightning 2,2008-06-21,2008-07-13,3000,0,0,23,0,0,2008
SHASTA,Whitmore Rd/Old Cow C2,2008-06-21,2008-07-15,2054,0,0,25,0,0,2008
YUBA,YUBA RIVER COMPLEX,2008-06-21,2008-07-15,4254,0,0,25,0,0,2008
MENDOCINO,Mallo-B Lightning,2008-06-21,2008-07-17,4466,0,0,27,0,0,2008
SHASTA,WHISKEYTOWN COMPLEX,2008-06-21,2008-07-19,6420,0,0,29,0,0,2008
LASSEN,CUB COMPLEX,2008-06-21,2008-07-20,19718,0,0,30,0,0,2008
SHASTA,Lewiston 8,2008-06-21,2008-07-23,1311,0,0,33,0,0,2008
SHASTA,STA 57 ONO CDF IGO 2,2008-06-21,2008-07-24,4000,0,0,34,0,0,2008
SHASTA,IGO 6,2008-06-21,2008-07-24,4200,0,0,34,0,0,2008
SHASTA,IGO 13,2008-06-21,2008-07-24,600,0,0,34,0,0,2008
SHASTA,IGO 15,2008-06-21,2008-07-24,1200,0,0,34,0,0,2008
SHASTA,IGO 16,2008-06-21,2008-07-24,4800,0,0,34,0,0,2008
SHASTA,IGO 17,2008-06-21,2008-07-24,2400,0,0,34,0,0,2008
SHASTA,IGO 18,2008-06-21,2008-07-24,4200,0,0,34,0,0,2008
LAKE,SODA COMPLEX,2008-06-21,2008-07-26,8632,0,0,36,0,0,2008
MONTEREY,BASIN COMPLEX,2008-06-21,2008-07-27,162818,0,0,37,0,0,2008
BUTTE,Frey,2008-06-21,2008-07-28,4000,0,0,38,0,0,2008
PLACER,"AMERICAN RIVER
COMPLEX",2008-06-21,2008-07-30,20541,0,0,40,0,0,2008
MENDOCINO,Red Mtn 1 Lightning,2008-06-21,2008-08-01,7515,0,0,42,0,0,2008
HUMBOLDT,Paradise,2008-06-21,2008-08-01,1076,0,0,42,0,0,2008
SHASTA,Moon,2008-06-21,2008-08-09,6030,0,0,50,0,0,2008
SHASTA,Lakehead,2008-06-21,2008-08-23,27936,0,0,64,0,0,2008
TRINITY,"IRON COMPLEX & ALPS
COMPLEX",2008-06-21,2008-09-09,105805,9,0,81,0,0,2008
PLUMAS,CANYON COMPLEX,2008-06-21,2008-09-30,47680,0,0,102,0,0,2008
TEHAMA,ANTELOPE,2008-06-22,2008-06-26,600,0,0,5,0,0,2008
SAN MATEO,Quarry,2008-06-22,2008-06-29,300,0,0,8,0,0,2008
SONOMA,Walker,2008-06-22,2008-06-29,15000,0,0,8,0,0,2008
TEHAMA,MILL COMPLEX,2008-06-22,2008-06-29,2100,0,0,8,0,0,2008
SHASTA,Venture,2008-06-22,2008-07-04,1912,0,0,13,0,0,2008
LASSEN,Popcorn,2008-06-22,2008-07-08,3000,0,0,17,0,0,2008
MENDOCINO,Orr Incident,2008-06-22,2008-07-10,3000,0,0,19,0,0,2008
MENDOCINO,Cliff Ridge B Lightning,2008-06-22,2008-07-12,999,0,0,21,0,0,2008
MENDOCINO,Shamrock East Lightning,2008-06-22,2008-07-12,469,0,0,21,0,0,2008
MENDOCINO,5-8 Cliff Lightning,2008-06-22,2008-07-13,1000,0,0,22,0,0,2008
SISKIYOU,"BEAR WALLOW COMPLEX
(KLAMATH THEATER)",2008-06-22,2008-09-30,192038,2,0,101,0,0,2008
MADERA,Oliver / MRP 588,2008-06-23,2008-07-06,2789,0,0,14,0,0,2008
LASSEN,Corral,2008-06-23,2008-07-07,12500,0,0,15,0,0,2008
TEHAMA,Mill Creek,2008-06-24,2008-07-01,13580,0,0,8,0,0,2008
MENDOCINO,Juan Creek Lightning,2008-06-27,2008-07-15,450,0,0,19,0,0,2008
KERN,PIUTE,2008-06-28,2008-07-25,37026,0,0,28,0,0,2008
MENDOCINO,Hardy,2008-06-30,2008-06-30,5581,0,0,1,0,0,2008
TULARE,Wiggle,2008-07-01,2008-07-02,450,0,0,2,0,0,2008
SANTA BARBARA,GAP,2008-07-01,2008-07-28,9443,0,0,28,0,0,2008
LASSEN,Dixie,2008-07-02,2008-07-04,350,0,0,3,0,0,2008
MENDOCINO,Orr Springs Rd Orr 3,2008-07-03,2008-07-03,3000,0,0,1,0,0,2008
MENDOCINO,Travis 3 Lightning,2008-07-04,2008-07-04,750,0,0,1,0,0,2008
MENDOCINO,Casoose Creek Lightning,2008-07-04,2008-07-04,550,0,0,1,0,0,2008
MENDOCINO,Butch Lightning,2008-07-04,2008-07-04,2800,0,0,1,0,0,2008
MENDOCINO,Albion Lightning,2008-07-04,2008-07-08,3000,0,0,5,0,0,2008
MENDOCINO,Horse Lightning,2008-07-04,2008-07-08,1000,0,0,5,0,0,2008
MENDOCINO,Lost Pipe Lightning,2008-07-04,2008-07-10,1200,0,0,7,0,0,2008
MENDOCINO,Burger Ck Lightning,2008-07-04,2008-07-12,528,0,0,9,0,0,2008
MENDOCINO,Orr Series Lightning,2008-07-04,2008-07-13,3000,0,0,10,0,0,2008
MENDOCINO,Jameson Lightning,2008-07-04,2008-07-13,925,0,0,10,0,0,2008
MENDOCINO,Montgomery Flat Lightning,2008-07-04,2008-07-15,3000,0,0,12,0,0,2008
MENDOCINO,Brushy Lightning,2008-07-04,2008-07-15,391,0,0,12,0,0,2008
MENDOCINO,Jack Smith Lightning,2008-07-04,2008-07-15,2000,0,0,12,0,0,2008
MENDOCINO,Low Gap 1 Lightning,2008-07-04,2008-07-15,1700,0,0,12,0,0,2008
MENDOCINO,Travis 1 Lightning,2008-07-05,2008-07-05,650,0,0,1,0,0,2008
MENDOCINO,Alder Creek Beach Rd Man,2008-07-07,2008-07-07,1000,0,0,1,0,0,2008
MADERA,Dino IC,2008-07-10,2008-07-11,800,0,0,2,0,0,2008
FRESNO,TEHIPITE,2008-07-19,2008-11-11,11596,0,0,116,0,0,2008
MADERA,Hwy 152,2008-07-21,2008-07-21,700,0,0,1,0,0,2008
MADERA,Telegraph,2008-07-25,2008-09-15,34091,0,0,53,0,0,2008
PLUMAS,RICH,2008-07-29,2008-08-10,6112,0,0,13,0,0,2008
MONO,SHERWIN,2008-08-03,2008-08-08,347,0,0,6,0,0,2008
BUTTE,Craig,2008-08-03,2008-08-11,2001,0,0,9,0,0,2008
SAN BENITO,Turkey,2008-08-07,2008-08-07,400,0,0,1,0,0,2008
BUTTE,Smokey,2008-08-13,2008-08-13,1324,0,0,1,0,0,2008
BUTTE,Rim,2008-08-13,2008-08-13,1651,0,0,1,0,0,2008
BUTTE,Empire,2008-08-13,2008-08-13,2000,0,0,1,0,0,2008
BUTTE,Camp,2008-08-13,2008-08-13,47647,0,0,1,0,0,2008
TULARE,Rodeo,2008-08-14,2008-08-14,500,0,0,1,0,0,2008
TULARE,Elk,2008-08-14,2008-08-15,600,0,0,2,0,0,2008
TULARE,Rodeo 2,2008-08-14,2008-08-15,500,0,0,2,0,0,2008
SISKIYOU,SLINKARD,2008-08-17,2008-08-21,374,0,0,5,0,0,2008
SISKIYOU,JACK,2008-08-17,2008-08-22,6900,0,0,6,0,0,2008
FRESNO,Avenal,2008-08-19,2008-08-20,946,0,0,2,0,0,2008
NEVADA,Gladding,2008-09-01,2008-09-03,1000,0,0,3,0,0,2008
SHASTA,ELMORE,2008-09-07,2008-09-09,343,0,0,3,0,0,2008
SHASTA,GULCH,2008-09-07,2008-09-11,2847,0,0,5,0,0,2008
HUMBOLDT,DEERHORN,2008-09-08,2008-09-14,381,0,0,7,0,0,2008
TULARE,HIDDEN,2008-09-10,2008-09-30,3668,0,0,21,0,0,2008
SAN DIEGO,ROBLAR,2008-09-25,2008-09-29,400,0,0,5,0,0,2008
MONTEREY,CHALK,2008-09-25,2008-10-29,16269,0,0,35,0,0,2008
TUOLUMNE,DOME ROCK,2008-09-30,2008-11-15,919,0,0,47,0,0,2008
SAN DIEGO,NOVEMBER,2008-10-08,2008-10-09,1400,0,0,2,0,0,2008
SONOMA,Deer Park,2008-10-10,2008-10-14,300,0,0,5,0,0,2008
MARIN,ANGEL,2008-10-12,2008-10-14,303,0,0,3,0,0,2008
LOS ANGELES,MAREK,2008-10-12,2008-10-16,4824,0,0,5,0,0,2008
SAN DIEGO,JULIETT,2008-10-13,2008-10-17,4026,0,0,5,0,0,2008
LOS ANGELES,SESNON,2008-10-13,2008-10-18,14703,0,0,6,0,0,2008
MARIPOSA,WAWONA NW,2008-10-14,2008-10-19,450,0,0,6,0,0,2008
SAN BERNARDINO,Foxborough,2008-10-22,2008-10-22,324,0,0,1,0,0,2008
BUTTE,Lackerman,2008-10-23,2008-10-23,1310,0,0,1,0,0,2008
BUTTE,Long,2008-10-23,2008-10-23,420,0,0,1,0,0,2008
SANTA BARBARA,TEA INCIDENT,2008-11-13,2008-11-17,1940,0,0,5,0,0,2008
LOS ANGELES,SAYRE,2008-11-14,2008-11-21,11262,0,0,8,0,0,2008
RIVERSIDE,Freeway,2008-11-15,2008-11-22,30305,0,0,8,0,0,2008
SAN BERNARDINO,Fort,2009-02-05,2009-02-07,945,0,0,3,0,0,2009
SANTA BARBARA,JESUSITA,2009-05-05,2009-05-20,8733,0,0,16,0,0,2009
STANISLAUS,Mustang,2009-05-13,2009-05-16,570,0,0,4,0,0,2009
RIVERSIDE,LOST HORSE,2009-05-24,2009-06-02,450,0,0,10,0,0,2009
RIVERSIDE,Oliver,2009-05-27,2009-05-27,500,0,0,1,0,0,2009
TULARE,TUU Lightning Complex,2009-05-28,2009-05-31,495,0,0,4,0,0,2009
MARIPOSA,GROUSE,2009-05-30,2009-08-12,3007,0,0,75,0,0,2009
TUOLUMNE,HARDEN,2009-06-08,2009-08-09,1654,0,0,63,0,0,2009
TULARE,SHOTGUN,2009-06-17,2009-07-11,900,0,0,25,0,0,2009
SAN JOAQUIN,Explosive,2009-06-19,2009-06-19,2163,0,0,1,0,0,2009
KERN,PARKWAY,2009-06-22,2009-06-22,690,0,0,1,0,0,2009
CALAVERAS,Rock,2009-06-28,2009-06-28,410,0,0,1,0,0,2009
YOLO,Rumsey,2009-06-29,2009-07-02,716,0,0,4,0,0,2009
TULARE,LION,2009-06-30,2009-08-21,2577,0,0,53,0,0,2009
TULARE,GRANITE,2009-06-30,2009-08-21,1417,0,0,53,0,0,2009
TRINITY,REDSPOT,2009-07-01,2009-07-24,1120,0,0,24,0,0,2009
TRINITY,BACKBONE,2009-07-07,2009-07-24,5065,1,0,18,0,0,2009
VENTURA,SULPHUR,2009-07-11,2009-07-13,343,0,0,3,0,0,2009
SAN DIEGO,YANKEE,2009-07-11,2009-07-14,2200,0,0,4,0,0,2009
LOS ANGELES,OSITO,2009-07-13,2009-07-15,304,0,0,3,0,0,2009
PLACER,Mammoth,2009-07-16,2009-07-18,650,0,0,3,0,0,2009
INYO,FORK,2009-07-18,2009-07-27,3268,0,0,10,0,0,2009
SISKIYOU,TENNANT,2009-07-19,2009-07-27,3226,0,0,9,0,0,2009
TUOLUMNE,KNIGHT,2009-07-26,2009-08-11,6130,0,0,17,0,0,2009
MADERA,Ash,2009-07-27,2009-07-29,300,0,0,3,0,0,2009
TUOLUMNE,WILDCAT,2009-07-29,2009-08-31,1255,0,0,34,0,0,2009
LASSEN,"DODGE COMPLEX
(SIX FIRES)",2009-08-01,2009-08-03,1600,0,0,3,0,0,2009
MONTEREY,PONDEROSA,2009-08-01,2009-08-07,458,0,0,7,0,0,2009
SHASTA,SUGAR LOAF,2009-08-01,2009-08-12,9356,0,0,12,0,0,2009
SHASTA,BROWN (H-31),2009-08-02,2009-08-12,1865,0,0,11,0,0,2009
SHASTA,Cassel (SHU Complex),2009-08-03,2009-08-14,6319,0,0,12,0,0,2009
SHASTA,Chalk (SHU Complex),2009-08-03,2009-08-16,6895,0,0,14,0,0,2009
SHASTA,One-Eleven (SHU Complex),2009-08-03,2009-08-17,50,0,0,15,0,0,2009
SHASTA,Goose (SHU Complex),2009-08-03,2009-08-17,3918,0,0,15,0,0,2009
SHASTA,Gomez (SHU Complex),2009-08-03,2009-08-17,404,0,0,15,0,0,2009
SHASTA,FAIRFIELD,2009-08-03,2009-09-30,1664,0,0,59,0,0,2009
SANTA BARBARA,LA BREA,2009-08-08,2009-08-23,91622,0,0,16,0,0,2009
TRINITY,Coffin,2009-08-12,2009-08-15,1300,0,0,4,0,0,2009
SANTA CRUZ,Lockheed,2009-08-12,2009-08-23,7817,0,0,12,0,0,2009
SAN JOAQUIN,Corral,2009-08-13,2009-08-16,12200,0,0,4,0,0,2009
YUBA,Yuba,2009-08-14,2009-08-24,3891,0,0,11,0,0,2009
PLUMAS,ELEPHANT,2009-08-16,2009-08-31,445,0,0,16,0,0,2009
SISKIYOU,RED ROCK,2009-08-21,2009-09-05,1364,0,0,16,0,0,2009
LOS ANGELES,MORRIS,2009-08-25,2009-09-03,2163,0,0,10,0,0,2009
MONTEREY,Bryson,2009-08-26,2009-08-29,3383,0,0,4,0,0,2009
SAN DIEGO,RIDGE,2009-08-26,2009-08-29,500,0,0,4,0,0,2009
MARIPOSA,BIG MEADOWS,2009-08-26,2009-09-07,7425,0,0,13,0,0,2009
LOS ANGELES,STATION,2009-08-26,2009-10-16,160577,2,0,52,0,0,2009
LASSEN,Day,2009-08-27,2009-08-30,853,0,0,4,0,0,2009
RIVERSIDE,COTTONWOOD,2009-08-27,2009-08-31,2409,0,0,5,0,0,2009
MONTEREY,Gloria,2009-08-27,2009-09-01,6437,0,0,6,0,0,2009
SANTA CLARA,Pacheco,2009-08-29,2009-08-30,1600,0,0,2,0,0,2009
PLACER,Forty Nine,2009-08-30,2009-09-01,311,0,0,3,0,0,2009
SAN BERNARDINO,Oak Glen III,2009-08-30,2009-09-08,1159,0,0,10,0,0,2009
SAN BERNARDINO,PENDLETON,2009-08-31,2009-09-04,860,0,0,5,0,0,2009
LAKE,Oasis,2009-09-07,2009-09-12,1500,0,0,6,0,0,2009
RIVERSIDE,Vail,2009-09-19,2009-09-20,398,0,0,2,0,0,2009
PLUMAS,SILVER,2009-09-19,2009-09-21,307,0,0,3,0,0,2009
VENTURA,GUIBERSON,2009-09-22,2009-10-01,17500,0,0,10,0,0,2009
SAN BERNARDINO,CRAFTON,2009-09-23,2009-09-26,347,0,0,4,0,0,2009
YOLO,SIX (NOT IN NFIRS),2009-10-01,2009-10-01,1235,0,0,1,0,0,2009
SANTA BARBARA,HIGHWAY,2009-10-01,2009-10-03,617,0,0,3,0,0,2009
SAN BERNARDINO,SHEEP,2009-10-03,2009-10-10,7128,0,0,8,0,0,2009
HUMBOLDT,MILL CREEK #4,2009-10-07,2009-10-17,3800,0,0,11,0,0,2009
SANTA CRUZ,Loma,2009-10-25,2009-10-27,485,0,0,3,0,0,2009
SAN LUIS OBISPO,Hernrick VMP,2009-11-14,2009-11-14,600,0,0,1,0,0,2009
GLENN,DOE,2009-11-28,2009-11-29,550,0,0,2,0,0,2009
RIVERSIDE,PEDLEY,2010-05-12,2010-05-13,850,0,0,2,0,0,2010
KERN,METZEN,2010-05-15,2010-05-15,360,0,0,1,1,0,2010
SAN LUIS OBISPO,COTTON,2010-05-15,2010-05-17,2044,0,0,3,0,0,2010
RIVERSIDE,MCKINLEY,2010-05-20,2010-05-22,1000,0,0,3,0,0,2010
TULARE,BALE,2010-06-04,2010-06-04,485,0,0,1,0,0,2010
MERCED,CHILDS,2010-06-05,2010-06-05,462,0,0,1,0,0,2010
FRESNO,WHITES,2010-06-07,2010-06-07,350,0,0,1,0,0,2010
STANISLAUS,STUHR,2010-06-08,2010-06-10,586,0,0,3,0,0,2010
MERCED,ROBINSON,2010-06-11,2010-06-12,1600,0,0,2,0,0,2010
ALAMEDA,DIABLO,2010-06-18,2010-06-19,475,0,0,2,1,0,2010
BUTTE,PALERMO,2010-07-04,2010-07-05,900,0,0,2,0,0,2010
SANTA BARBARA,166,2010-07-12,2010-07-12,350,0,0,1,1,0,2010
SAN DIEGO,ALISO,2010-07-13,2010-07-15,3225,0,0,3,0,0,2010
RIVERSIDE,SKINNER,2010-07-15,2010-07-18,503,0,0,4,0,0,2010
RIVERSIDE,CACTUS,2010-07-15,2010-07-18,720,0,0,4,1,0,2010
KERN,BODFISH,2010-07-15,2010-07-18,552,0,0,4,0,0,2010
KERN,SAND 2,2010-07-16,2010-07-22,1254,0,0,7,0,0,2010
FRESNO,SHEEP,2010-07-16,2010-10-25,9020,0,0,102,0,0,2010
KERN,INDIAN,2010-07-18,2010-07-24,1822,0,0,7,0,0,2010
MONO,PATATO,2010-07-24,2010-07-27,686,0,0,4,0,0,2010
TUOLUMNE,SLOPE,2010-07-25,2010-08-23,1711,0,0,30,0,0,2010
MONO,MONO,2010-07-26,2010-07-29,1205,0,0,4,0,0,2010
KERN,BULL,2010-07-26,2010-08-10,16442,0,0,16,14,0,2010
KERN,WEST,2010-07-27,2010-08-06,1658,0,0,11,50,13,2010
LASSEN,MCDONALD,2010-07-27,2010-08-10,9408,0,0,15,0,0,2010
LOS ANGELES,BRIGGS,2010-07-29,2010-07-30,510,0,0,2,0,0,2010
LOS ANGELES,CROWN,2010-07-29,2010-08-03,14000,0,0,6,10,6,2010
SISKIYOU,DUTCH,2010-07-31,2010-08-04,371,0,0,5,0,0,2010
PLUMAS,BAR,2010-07-31,2010-08-10,1040,0,0,11,0,0,2010
MADERA,BUCKHORN,2010-08-07,2010-10-30,466,0,0,85,0,0,2010
TUOLUMNE,VERNON,2010-08-08,2010-10-31,909,0,0,85,0,0,2010
TUOLUMNE,PINECREST,2010-08-09,2010-10-15,799,0,0,68,0,0,2010
TULARE,STOKES 2,2010-08-17,2010-08-18,879,0,0,2,0,0,2010
PLACER,BASELINE,2010-08-20,2010-08-21,434,0,0,2,0,0,2010
SAN LUIS OBISPO,POZO,2010-08-21,2010-08-22,1200,0,0,2,0,0,2010
SAN DIEGO,MONTE,2010-08-21,2010-08-23,2000,0,0,3,0,0,2010
LAKE,INDIAN,2010-08-24,2010-08-26,450,0,0,3,0,0,2010
KERN,POST,2010-08-25,2010-08-28,1312,0,0,4,0,0,2010
YUBA,BULLARD,2010-08-27,2010-08-31,1307,0,0,5,0,0,2010
NEVADA,BULLARDS,2010-08-27,2010-09-13,1500,0,0,18,0,0,2010
SAN DIEGO,COWBOY,2010-09-02,2010-09-07,827,0,0,6,0,0,2010
KERN,CANYON,2010-09-12,2010-09-19,9820,0,0,8,1,0,2010
SANTA BARBARA,BEAR CREEK,2010-10-28,2010-10-30,1253,0,0,3,0,0,2010
INYO,WINTERTON,2011-03-09,2011-03-09,395,0,0,1,0,0,2011
INYO,CENTER,2011-03-18,2011-03-23,850,0,0,6,19,0,2011
MONTEREY,METZ,2011-05-12,2011-05-14,832,0,0,3,0,0,2011
KERN,COVE,2011-05-27,2011-06-02,1122,0,0,7,0,0,2011
MONTEREY,CATTLEMAN,2011-05-29,2011-05-30,382,0,0,2,0,0,2011
MODOC,COUGAR,2011-06-08,2011-06-13,1800,0,0,6,0,0,2011
KERN,IKEA,2011-06-12,2011-06-12,640,0,0,1,0,0,2011
KERN,ANTELOPE,2011-06-19,2011-06-21,5200,0,0,3,2,0,2011
KERN,QUINN,2011-06-21,2011-06-22,3154,0,0,2,0,0,2011
STANISLAUS,EASTMAN,2011-06-24,2011-06-24,330,0,0,1,0,0,2011
SAN LUIS OBISPO,HIGHWAY,2011-06-24,2011-06-24,387,0,0,1,0,0,2011
MERCED,REST,2011-06-26,2011-06-27,575,0,0,2,0,0,2011
TULARE,STAGE,2011-06-27,2011-07-02,1213,0,0,6,0,0,2011
HUMBOLDT,SPANISH,2011-07-01,2011-07-04,498,0,0,4,0,0,2011
SAN JOAQUIN,CHRISMAN,2011-07-05,2011-07-06,400,0,0,2,0,0,2011
ORANGE,"CARBON
CANYON",2011-07-07,2011-07-08,508,0,0,2,0,0,2011
TULARE,LION,2011-07-08,2011-11-08,20500,0,0,124,0,0,2011
YUBA,KRISTA,2011-07-09,2011-07-10,360,0,0,2,0,0,2011
TULARE,GRANITE,2011-07-09,2011-07-12,780,0,0,4,7,0,2011
ALAMEDA,FLYNN,2011-07-14,2011-07-14,500,0,0,1,0,0,2011
MODOC,MAMMOTH,2011-07-15,2011-09-05,1194,0,0,53,0,0,2011
MODOC,"SCORPION
COMPLEX",2011-07-15,2011-09-05,1418,0,0,53,0,0,2011
ALAMEDA,FLYNN,2011-07-21,2011-07-22,545,0,0,2,0,0,2011
SAN DIEGO,EAGLE,2011-07-21,2011-07-29,14100,0,0,9,0,0,2011
MERCED,ROMERO,2011-07-23,2011-07-23,489,0,0,1,0,0,2011
MARIPOSA,AVALANCHE,2011-07-31,2011-10-01,1069,0,0,63,0,0,2011
MENDOCINO,PASS,2011-08-03,2011-08-07,616,0,0,5,0,0,2011
RIVERSIDE,GILMAN,2011-08-06,2011-08-07,945,0,0,2,0,0,2011
NAPA,KNOXVILLE,2011-08-13,2011-08-15,506,0,0,3,0,0,2011
MODOC,ANNIE,2011-08-18,2011-09-16,2076,0,0,30,0,0,2011
SISKIYOU,ONION,2011-08-19,2011-10-11,560,0,0,54,0,0,2011
SAN BERNARDINO,KEN,2011-08-22,2011-08-30,350,0,0,9,1,0,2011
MARIPOSA,MOTOR,2011-08-25,2011-10-01,5230,0,0,38,0,0,2011
LOS ANGELES,OASIS,2011-08-27,2011-08-29,375,0,0,3,0,0,2011
SOLANO,BEACON,2011-08-27,2011-08-30,715,0,0,4,0,0,2011
SAN BERNARDINO,WELLS,2011-08-28,2011-08-30,1784,0,0,3,0,0,2011
RIVERSIDE,KELLER,2011-08-29,2011-08-31,450,0,0,3,0,0,2011
SAN BERNARDINO,HILL,2011-09-02,2011-09-08,1153,0,0,7,3,2,2011
SAN LUIS OBISPO,SODA,2011-09-03,2011-09-04,1528,0,0,2,1,0,2011
SANTA BARBARA,FIGUEROA,2011-09-03,2011-09-12,698,0,0,10,0,0,2011
TULARE,ROADRUNNER,2011-09-04,2011-09-05,335,0,0,2,0,0,2011
KERN,CANYON,2011-09-04,2011-09-11,14585,0,0,8,100,0,2011
TULARE,WILLOWS,2011-09-04,2011-09-12,310,0,0,9,0,0,2011
LOS ANGELES,"WAGON
WHEEL",2011-09-05,2011-09-08,500,0,0,4,8,0,2011
SAN JOAQUIN,MILTON,2011-09-09,2011-09-11,1122,0,0,3,0,0,2011
KERN,"KEENE
COMPLEX",2011-09-10,2011-09-14,10470,0,0,5,0,0,2011
KERN,"COMANCHE
COMPLEX",2011-09-10,2011-09-17,29338,0,0,8,0,0,2011
KERN,"BRECKENRIDGE
COMPLEX",2011-09-10,2011-09-17,25213,0,0,8,0,0,2011
TULARE,TENNESSEE,2011-09-11,2011-09-12,380,0,0,2,0,0,2011
EL DORADO,LONG,2011-09-12,2011-11-11,483,0,0,61,0,0,2011
INYO,JOHN,2011-09-13,2011-09-16,5300,0,0,4,0,0,2011
MARIPOSA,TAMARACK,2011-09-13,2011-10-17,1015,0,0,35,0,0,2011
TUOLUMNE,BURST COMPLEX,2011-09-15,2011-09-15,508,0,0,1,0,0,2011
LOS ANGELES,MINT,2011-09-17,2011-09-30,634,0,0,14,0,0,2011
TULARE,"TUU SEPT
LIGHTNING",2011-09-23,2011-09-24,350,0,0,2,0,0,2011
KERN,OLD FIRE,2011-09-23,2011-09-24,410,0,0,2,0,0,2011
KERN,65 FIRE,2011-09-23,2011-09-24,2005,0,0,2,0,0,2011
TRINITY,RUTH,2011-09-23,2011-11-15,1460,0,0,54,31,0,2011
RIVERSIDE,WINDY POINT,2011-09-25,2011-10-03,541,0,0,9,0,0,2011
SAN DIEGO,GREAT,2011-10-01,2011-10-07,2135,0,0,7,0,0,2011
CALAVERAS,BLUE,2011-12-01,2011-12-06,698,0,0,6,0,0,2011
EL DORADO,SALT,2011-12-01,2012-01-04,342,0,0,35,0,0,2011
MARIPOSA,RIVER,2012-05-18,2012-05-22,320,0,0,5,0,0,2012
SAN DIEGO,BANNER 4,2012-05-24,2012-05-29,5320,0,0,6,0,0,2012
MERCED,BILLY,2012-05-31,2012-05-31,434,0,0,1,0,0,2012
TULARE,GEORGE,2012-06-01,2012-06-15,1707,0,0,15,0,0,2012
LOS ANGELES,5 MILE,2012-06-08,2012-06-09,525,0,0,2,0,0,2012
FRESNO,LASSEN,2012-06-12,2012-06-13,418,0,0,2,0,0,2012
MARIPOSA,GAINES,2012-06-12,2012-06-14,1700,0,0,3,0,0,2012
VENTURA,OZENA,2012-06-16,2012-06-17,361,0,0,2,0,0,2012
RIVERSIDE,HIGHLAND,2012-06-16,2012-06-18,2171,0,0,3,0,0,2012
MARIPOSA,CASCADE,2012-06-18,2012-11-26,1705,0,0,162,0,0,2012
RIVERSIDE,VIEW,2012-06-17,2012-06-18,375,0,0,2,0,0,2012
SAN DIEGO,OLD 2,2012-06-17,2012-06-20,995,0,0,4,2,0,2012
KERN,GULCH,2012-06-19,2012-06-21,385,0,0,3,1,0,2012
VENTURA,HILL,2012-06-23,2012-06-27,689,0,0,5,0,0,2012
SHASTA,DALE,2012-07-05,2012-07-07,1083,0,0,3,2,5,2012
INYO,FISH,2012-07-07,2012-07-09,1103,0,0,3,0,0,2012
COLUSA,MILL,2012-07-07,2012-07-18,29502,0,0,12,5,0,2012
COLUSA,SITES,2012-07-08,2012-07-09,365,0,0,2,0,0,2012
COLUSA,GRAPEVINE,2012-07-08,2012-07-12,1870,0,0,5,0,0,2012
MONTEREY,TURKEY,2012-07-09,2012-07-10,2529,0,0,2,0,0,2012
COLUSA,RAIL,2012-07-09,2012-07-12,1870,0,0,4,0,0,2012
TUOLUMNE,SEVEN,2012-07-10,2012-07-11,840,0,0,2,1,0,2012
TRINITY,FLAT,2012-07-11,2012-07-17,1688,0,0,7,0,0,2012
PLACER,ROBBERS,2012-07-11,2012-07-21,2650,0,0,11,8,0,2012
FRESNO,WOODS CREEK,2012-07-15,2012-07-21,325,0,0,7,0,0,2012
SAN LUIS OBISPO,CALF,2012-07-16,2012-07-18,640,0,0,3,0,0,2012
KERN,SAND,2012-07-17,2012-07-19,1428,0,0,3,1,0,2012
LASSEN,SPANISH,2012-07-18,2012-07-21,1169,0,0,4,0,0,2012
YOLO,FOREST,2012-07-21,2012-07-24,520,0,0,4,0,0,2012
SHASTA,READING,2012-07-23,2012-08-21,28079,0,0,30,0,0,2012
TEHAMA,PASKENTA,2012-07-25,2012-07-25,300,0,0,1,0,0,2012
KERN,GRAPE,2012-07-28,2012-07-29,370,0,0,2,0,0,2012
MENDOCINO,NORTH,2012-07-28,2012-07-30,383,0,0,3,0,0,2012
PLUMAS,PEAK,2012-07-29,2012-08-02,800,0,0,5,0,0,2012
PLUMAS,CHIPS,2012-07-29,2012-08-31,75217,0,0,34,9,0,2012
SHASTA,SALT CREEK,2012-08-01,2012-08-04,980,0,0,4,1,0,2012
RIVERSIDE,VOLCANO,2012-08-01,2012-08-05,356,0,0,5,1,0,2012
SISKIYOU,DILLON,2012-08-03,2012-08-07,318,0,0,5,0,0,2012
RIVERSIDE,RUSHMORE,2012-08-04,2012-08-04,1000,0,0,1,0,0,2012
KERN,PIUTE COMLEX,2012-08-04,2012-08-11,1783,0,0,8,0,0,2012
MODOC,LAKE COMPLEX,2012-08-05,2012-08-09,1668,0,0,5,0,0,2012
FRESNO,BEAR,2012-08-05,2012-08-12,835,0,0,8,0,0,2012
SISKIYOU,FORT COMPLEX,2012-08-05,2012-09-10,23653,0,0,37,0,0,2012
MODOC,"BARRYPOINT
(CA LAND)",2012-08-06,2012-08-28,38394,0,0,23,3,0,2012
MONO,INDIAN,2012-08-08,2012-08-15,12574,0,0,8,0,0,2012
SAN DIEGO,CHIHUAHUA 2,2012-08-09,2012-08-12,2006,0,0,4,0,0,2012
KERN,"JAWBONE
COMPLEX",2012-08-10,2012-08-22,1218,0,0,13,19,9,2012
INYO,SOUTH COMPLEX,2012-08-10,2012-10-16,453,0,0,68,0,0,2012
CALAVERAS,RAMSEY,2012-08-11,2012-08-31,1137,0,0,21,0,0,2012
LAKE,WALKER,2012-08-12,2012-08-14,5000,0,0,3,0,0,2012
LAKE,WYE,2012-08-12,2012-08-18,2934,0,0,7,3,2,2012
LASSEN,RUSH,2012-08-12,2012-08-31,271911,0,0,20,0,1,2012
SAN DIEGO,"VALLECITO
LIGHTNING
COMPLEX",2012-08-13,2012-08-20,22829,0,0,8,0,0,2012
TEHAMA,MILL,2012-08-13,2012-08-23,1641,0,0,11,0,0,2012
RIVERSIDE,BUCK,2012-08-14,2012-08-18,2681,0,0,5,4,0,2012
MODOC,NELSON (W-1),2012-08-17,2012-08-21,3661,0,0,5,0,0,2012
SHASTA,BAGLEY COMPLEX,2012-08-18,2012-08-22,1000,0,0,5,0,0,2012
TEHAMA,PONDEROSA,2012-08-18,2012-09-02,27676,0,0,16,133,6,2012
SHASTA,BAGLEY,2012-08-18,2012-09-15,46011,0,0,29,0,0,2012
MENDOCINO,NORTH PASS,2012-08-18,2012-09-16,41983,0,0,30,26,4,2012
RIVERSIDE,VISTA,2012-08-20,2012-08-21,500,0,0,2,0,0,2012
MODOC,ANTELOPE,2012-08-21,2012-08-25,650,0,0,5,0,0,2012
LOS ANGELES,WILLIAMS,2012-09-02,2012-09-11,4192,0,0,10,0,0,2012
COLUSA,"SIXTEEN
COMPLEX",2012-09-04,2012-09-11,19000,0,0,8,0,0,2012
TRINITY,STAFFORD,2012-09-05,2012-09-13,4407,0,0,9,0,0,2012
LASSEN,LIKELY,2012-09-05,2012-09-14,9838,0,0,10,0,0,2012
LAKE,SCOTTS,2012-09-07,2012-09-14,4517,0,0,8,0,0,2012
SHASTA,WARD,2012-09-11,2012-09-14,550,0,0,4,0,0,2012
SAN DIEGO,SHOCKEY,2012-09-23,2012-09-27,2555,0,0,5,39,2,2012
RIVERSIDE,RANGE,2012-09-29,2012-10-01,351,0,0,3,3,0,2012
LAKE,TWENTY NINE,2012-10-18,2012-10-21,300,0,0,4,8,0,2012
SAN BERNARDINO,DEVORE,2012-11-05,2012-11-06,335,0,0,2,1,0,2012
LAKE,BECKS,2013-01-22,2013-01-23,335,0,0,2,0,0,2013
INYO,RIVER,2013-02-24,2013-02-28,407,0,0,5,0,0,2013
RIVERSIDE,JURUPA,2013-02-28,2013-03-02,300,0,0,3,0,2,2013
RIVERSIDE,SUMMIT,2013-05-01,2013-05-04,2956,0,0,4,2,0,2013
TEHAMA,PANTHER,2013-05-01,2013-05-09,6896,0,0,9,0,0,2013
VENTURA,SPRINGS,2013-05-02,2013-05-09,24251,0,0,8,10,12,2013
SAN BENITO,TRES PINOS,2013-05-03,2013-05-04,354,0,0,2,0,0,2013
MENDOCINO,FOSTER,2013-05-03,2013-05-05,300,0,0,3,0,0,2013
RIVERSIDE,GORGONIO,2013-05-04,2013-05-04,650,0,0,1,0,0,2013
KERN,GRAND,2013-05-15,2013-05-22,4346,0,0,8,0,0,2013
LOS ANGELES,LAKE,2013-05-17,2013-05-20,712,0,0,4,0,0,2013
SAN DIEGO,FELIPE,2013-05-23,2013-05-29,2650,0,0,7,0,0,2013
MERCED,RIVER,2013-05-26,2013-05-27,450,0,0,2,0,0,2013
SAN DIEGO,GENERAL,2013-05-26,2013-05-31,2500,0,0,6,0,0,2013
SANTA BARBARA,WHITE,2013-05-27,2013-06-05,1984,0,0,10,0,1,2013
SAN JOAQUIN,SHELTON,2013-05-30,2013-05-30,303,0,0,1,0,0,2013
LOS ANGELES,POWERHOUSE,2013-05-30,2013-06-10,30274,0,0,12,58,4,2013
SAN LUIS OBISPO,BRANCH,2013-06-01,2013-06-04,486,0,0,4,0,0,2013
RIVERSIDE,HATHAWAY,2013-06-09,2013-10-15,3870,0,0,129,1,0,2013
MADERA,ROLLING,2013-06-16,2013-06-18,480,0,0,3,1,0,2013
MARIPOSA,CARSTENS,2013-06-16,2013-06-26,1708,0,0,11,0,0,2013
SAN BERNARDINO,MILL,2013-06-28,2013-07-02,534,0,0,5,0,3,2013
CONTRA COSTA,KIRKER,2013-07-01,2013-07-02,492,0,0,2,2,0,2013
MODOC,FOX,2013-07-03,2013-07-07,502,0,0,5,0,0,2013
SAN DIEGO,CHARIOT,2013-07-06,2013-07-15,7055,0,0,10,149,9,2013
EL DORADO,KYBURZ,2013-07-08,2013-07-11,572,0,0,4,2,0,2013
RIVERSIDE,MOUNTAIN,2013-07-15,2013-07-31,27531,0,0,17,23,1,2013
KERN,RANCHO,2013-07-19,2013-07-22,500,0,0,4,0,0,2013
FRESNO,ASPEN,2013-07-22,2013-09-08,22992,0,0,49,0,0,2013
KERN,WATER,2013-07-23,2013-07-25,612,0,0,3,0,0,2013
HUMBOLDT,DANCE,2013-07-29,2013-08-02,577,0,0,5,3,0,2013
SISKIYOU,FORKS COMPLEX,2013-07-31,2013-10-01,37246,0,0,63,0,0,2013
RIVERSIDE,FALLS,2013-08-05,2013-08-09,1383,0,0,5,0,0,2013
TUOLUMNE,POWER,2013-08-05,2013-08-13,1070,0,0,9,0,2,2013
RIVERSIDE,SILVER,2013-08-07,2013-08-15,20292,0,0,9,48,8,2013
HUMBOLDT,CORRAL COMPLEX,2013-08-10,2013-10-02,12503,0,0,54,0,0,2013
PLACER,AMERICAN,2013-08-11,2013-08-29,27440,0,0,19,5,2,2013
BUTTE,SWEDES,2013-08-16,2013-08-22,2264,0,0,7,8,0,2013
TUOLUMNE,RIM,2013-08-17,2013-10-27,257314,0,0,72,112,7,2013
KERN,SHIRLEY COMPLEX,2013-08-18,2013-08-22,794,0,0,5,0,0,2013
PLUMAS,HOUGH COMPLEX,2013-08-18,2013-08-24,513,0,0,7,0,0,2013
SAN BERNARDINO,GOBBLERS,2013-08-20,2013-08-30,413,0,0,11,0,0,2013
MONTEREY,MISSION,2013-08-22,2013-08-25,4500,0,0,4,0,0,2013
TEHAMA,DEER,2013-08-23,2013-08-29,11429,0,0,7,0,0,2013
TULARE,FISH,2013-08-23,2013-09-05,2060,0,0,14,0,0,2013
FRESNO,WINDY PEAK,2013-08-23,2013-10-20,681,0,0,59,0,0,2013
CONTRA COSTA,MORGAN,2013-09-08,2013-09-14,3100,0,0,7,0,0,2013
SHASTA,CLOVER,2013-09-09,2013-09-15,8073,0,1,7,196,15,2013
NAPA,PUTAH,2013-10-03,2013-10-04,376,0,0,2,0,0,2013
BUTTE,SUMMIT,2013-10-04,2013-10-05,305,0,0,2,54,6,2013
SAN DIEGO,DELUZ,2013-10-05,2013-10-09,2236,0,0,5,0,1,2013
SONOMA,MCCABE,2013-11-22,2013-11-28,3505,0,0,7,1,0,2013
LAKE,HIGHGLADE,2013-11-23,2013-11-29,305,0,0,7,0,0,2013
MONTEREY,PFEIFFER,2013-12-16,2013-12-20,917,0,0,5,38,0,2013
TEHAMA,CAMPBELL,2014-01-02,2014-01-10,865,0,0,9,0,0,2014
HUMBOLDT,RED,2014-01-04,2014-01-12,333,0,0,9,0,0,2014
TULARE,SODA,2014-01-14,2014-04-19,1612,0,0,96,0,0,2014
LOS ANGELES,COLBY,2014-01-16,2014-01-24,1952,0,0,9,15,8,2014
RIVERSIDE,PIERCE,2014-03-15,2014-03-16,350,0,0,2,0,0,2014
SAN BERNARDINO,ETIWANDA,2014-04-30,2014-05-01,2200,0,0,2,0,0,2014
SANTA BARBARA,MIGUELITO,2014-05-13,2014-05-16,632,0,0,4,0,0,2014
SAN DIEGO,BERNARDO,2014-05-13,2014-05-21,1548,0,0,9,0,0,2014
SAN DIEGO,POINSETTIA,2014-05-14,2014-05-17,600,0,0,4,28,0,2014
SAN DIEGO,"SAN DIEGO
COMPLEX",2014-05-14,2014-05-22,2438,0,0,9,48,5,2014
SAN DIEGO,"BASILONE
COMPLEX",2014-05-17,2014-05-19,21240,0,0,3,0,1,2014
MARIPOSA,HUNTER,2014-05-26,2014-06-04,677,0,0,10,3,0,2014
TUOLUMNE,59,2014-06-04,2014-06-09,402,0,0,6,0,0,2014
KERN,SHIRLEY,2014-06-13,2014-06-21,2545,0,0,9,4,0,2014
MERCED,GUN CLUB,2014-06-19,2014-06-19,400,0,0,1,0,0,2014
MONTEREY,STONY,2014-06-19,2014-06-22,4840,0,0,4,0,0,2014
MONTEREY,LOOP,2014-06-30,2014-06-30,500,0,0,1,0,0,2014
MODOC,"MODOC JULY
COMPLEX",2014-07-01,2014-07-07,2566,0,0,7,0,0,2014
NAPA,BUTTS,2014-07-01,2014-07-10,4300,0,0,10,9,0,2014
YOLO,MONTICELLO,2014-07-04,2014-07-13,6488,0,0,10,0,0,2014
KERN,NICOLLS,2014-07-11,2014-07-19,1680,0,0,9,0,0,2014
SHASTA,BULLY,2014-07-11,2014-07-23,12661,0,1,13,18,1,2014
MARIPOSA,DARK HOLE,2014-07-16,2014-08-20,1077,0,0,36,0,0,2014
MERCED,GUN CLUB,2014-07-24,2014-08-02,422,0,0,10,0,0,2014
EL DORADO,SAND,2014-07-25,2014-08-03,4240,0,0,10,47,0,2014
MERCED,KELLEY,2014-07-26,2014-07-26,1000,0,0,1,0,0,2014
MARIPOSA,EL PORTAL,2014-07-26,2014-08-04,4689,0,0,10,2,2,2014
MADERA,FRENCH,2014-07-28,2014-08-18,13838,0,0,22,0,0,2014
BUTTE,WEB,2014-07-29,2014-08-27,378,0,0,30,0,0,2014
MODOC,DAY,2014-07-30,2014-08-13,13153,0,0,15,10,0,2014
SHASTA,BALD,2014-07-30,2014-08-16,39736,0,0,18,0,0,2014
SISKIYOU,KNF BEAVER,2014-07-30,2014-08-30,32496,0,0,32,6,0,2014
TRINITY,COFFEE COMPLEX,2014-07-30,2014-08-31,6258,0,0,33,0,0,2014
MENDOCINO,"LODGE
COMPLEX",2014-07-30,2014-09-21,12535,0,0,54,0,0,2014
SISKIYOU,LITTLE DEER,2014-07-31,2014-08-11,5503,0,0,12,1,0,2014
SHASTA,EILER,2014-07-31,2014-08-24,32416,0,0,25,21,0,2014
SISKIYOU,JULY COMPLEX,2014-08-03,2014-09-25,50042,0,0,54,2,0,2014
YOLO,THIRTY ONE 2,2014-08-09,2014-08-09,370,0,0,1,0,0,2014
SISKIYOU,"HAPPY CAMP
COMPLEX",2014-08-14,2014-10-31,134056,0,0,79,6,2,2014
MARIPOSA,MEADOW,2014-08-15,2014-09-29,4772,0,0,46,0,0,2014
MADERA,JUNCTION,2014-08-18,2014-08-25,612,0,0,8,47,6,2014
KERN,WAY,2014-08-18,2014-08-28,4045,0,0,11,12,4,2014
TRINITY,OREGON,2014-08-24,2014-08-30,461,0,0,7,1,0,2014
SHASTA,GULCH,2014-09-10,2014-09-15,1300,0,0,6,4,0,2014
ORANGE,SILVERADO,2014-09-12,2014-09-20,985,0,0,9,0,0,2014
MENDOCINO,BLACK,2014-09-13,2014-09-17,403,0,0,5,11,0,2014
EL DORADO,KING,2014-09-13,2014-10-09,97717,0,0,27,80,1,2014
MADERA,COURTNEY,2014-09-14,2014-09-22,320,0,0,9,49,7,2014
GLENN,TRACT 17,2014-09-17,2014-09-19,395,0,0,3,0,0,2014
BUTTE,NELSON,2014-09-18,2014-09-21,500,0,0,4,0,0,2014
MARIPOSA,DOG ROCK,2014-10-07,2014-10-12,311,1,0,6,0,0,2014
PLACER,APPLEGATE,2014-10-08,2014-10-22,459,0,0,15,10,0,2014
MONO,VAN DYKE,2015-02-06,2015-02-10,509,0,0,5,0,0,2015
INYO,ROUND,2015-02-06,2015-02-13,7000,0,0,8,43,5,2015
RIVERSIDE,HIGHWAY,2015-04-18,2015-04-24,1049,0,0,7,0,0,2015
SAN DIEGO,CARL,2015-04-28,2015-04-29,4000,0,0,2,0,0,2015
SAN DIEGO,MORTAR,2015-04-28,2015-04-29,800,0,0,2,0,0,2015
SAN DIEGO,GRENADE,2015-04-29,2015-05-05,2025,0,0,7,0,0,2015
MERCED,FOREBAY,2015-05-11,2015-05-12,692,0,0,2,0,0,2015
TRINITY,SADDLE,2015-06-09,2015-06-25,1542,0,0,17,0,0,2015
MONTEREY,PEANUT,2015-06-11,2015-06-11,1532,0,0,1,0,0,2015
SAN BERNARDINO,LAKE,2015-06-17,2015-07-05,31359,0,0,19,4,0,2015
MADERA,CORRINE,2015-06-18,2015-06-24,920,0,0,7,2,0,2015
MADERA,SKY,2015-06-18,2015-06-26,500,0,0,9,0,0,2015
SAN LUIS OBISPO,PARKHILL,2015-06-20,2015-06-20,1791,0,0,1,18,3,2015
LOS ANGELES,CALGROVE,2015-06-24,2015-06-26,415,0,0,3,0,1,2015
SACRAMENTO,IONE,2015-07-02,2015-07-05,357,0,0,4,0,0,2015
SISKIYOU,YORK,2015-07-04,2015-07-06,395,0,0,3,0,0,2015
SAN BERNARDINO,NORTH,2015-07-17,2015-07-21,4250,0,0,5,23,5,2015
MERCED,MCCABE,2015-07-18,2015-07-22,1600,0,0,5,0,0,2015
TULARE,CABIN,2015-07-19,2015-09-05,6980,0,0,49,0,0,2015
TULARE,TRIPLE 3,2015-07-21,2015-07-21,430,0,0,1,0,0,2015
NAPA,WRAGG,2015-07-22,2015-08-06,8051,0,0,16,2,5,2015
NEVADA,LOWELL,2015-07-25,2015-08-12,2304,0,0,19,3,1,2015
MADERA,WILLOW,2015-07-25,2015-08-15,5702,0,0,22,0,0,2015
LAKE,ROCKY,2015-07-29,2015-08-14,69636,0,0,17,96,8,2015
BUTTE,SWEDES,2015-07-29,2015-08-16,400,0,0,19,16,0,2015
MODOC,FROG,2015-07-30,2015-08-06,4863,1,0,8,0,0,2015
HUMBOLDT,HUMBOLDT COMPLEX,2015-07-30,2015-08-21,4883,0,0,23,7,0,2015
TRINITY,FORK COMPLEX,2015-07-30,2015-08-29,36499,0,0,31,12,0,2015
HUMBOLDT,ROUTE COMPLEX,2015-07-30,2015-08-31,35675,0,0,33,2,0,2015
TRINITY,MAD RIVER COMPLEX,2015-07-30,2015-09-03,37462,0,0,36,4,0,2015
TRINITY,RIVER COMPLEX,2015-07-30,2015-10-15,77081,0,0,78,0,0,2015
MERCED,CREEK,2015-07-31,2015-07-31,1450,0,0,1,0,0,2015
DEL NORTE,GASQUET COMPLEX,2015-07-31,2015-10-15,30361,0,0,77,0,0,2015
FRESNO,ROUGH,2015-07-31,2015-12-01,151623,0,0,124,4,0,2015
DEL NORTE,NICKOWITZ,2015-08-01,2015-09-30,7509,0,0,61,0,0,2015
TRINITY,SOUTH COMPLEX,2015-08-01,2015-10-01,29416,0,0,62,3,0,2015
LASSEN,DODGE,2015-08-03,2015-08-17,10570,0,0,15,0,0,2015
LAKE,JERUSALEM,2015-08-09,2015-08-25,25118,0,0,17,27,0,2015
RIVERSIDE,ANZA,2015-08-10,2015-08-15,500,0,0,6,0,0,2015
SAN DIEGO,HORNO,2015-08-13,2015-08-17,1846,0,0,5,0,0,2015
LOS ANGELES,CABIN,2015-08-14,2015-08-20,1723,0,0,7,3,0,2015
MONO,WALKER,2015-08-14,2015-08-31,3676,0,0,18,0,0,2015
LOS ANGELES,WARM,2015-08-16,2015-08-19,300,0,0,4,3,3,2015
SAN LUIS OBISPO,CUESTA,2015-08-16,2015-09-03,2446,0,0,19,1,0,2015
KERN,DEER,2015-08-18,2015-08-20,311,0,0,3,0,0,2015
ALAMEDA,TESLA,2015-08-19,2015-08-25,2850,0,0,7,1,0,2015
LAKE,ELK,2015-09-02,2015-09-06,700,0,0,5,0,0,2015
MARIPOSA,TENAYA,2015-09-07,2015-09-16,415,0,0,10,0,0,2015
AMADOR,BUTTE,2015-09-09,2015-10-23,70868,0,2,45,965,0,2015
BUTTE,LUMPKIN,2015-09-11,2015-09-21,1040,0,0,11,0,0,2015
LAKE,VALLEY,2015-09-12,2015-10-15,76067,0,4,34,0,93,2015
MONTEREY,TASSAJARA,2015-09-19,2015-09-29,1086,0,0,11,20,1,2015
BUTTE,MERIDIAN,2015-10-03,2015-10-04,860,0,0,2,0,0,2015
SAN BENITO,CIENEGA,2015-10-12,2015-10-16,690,0,0,5,0,0,2015
VENTURA,SOLIMAR,2015-12-25,2015-12-28,1288,0,0,4,0,0,2015
SAN LUIS OBISPO,CAMP ROBERTS,2016-05-18,2016-05-20,3712,0,0,3,0,0,2016
MONTEREY,METZ,2016-05-22,2016-05-25,3876,0,0,4,0,0,2016
MONTEREY,METZ,2016-05-22,2016-05-25,3876,0,0,4,0,0,2016
TULARE,CHIMNEY,2016-06-01,2016-06-07,1324,0,0,7,0,0,2016
MONTEREY,STONY,2016-06-02,2016-06-17,3000,0,0,16,0,0,2016
SAN LUIS OBISPO,SODA,2016-06-04,2016-06-06,2003,0,0,3,0,0,2016
LOS ANGELES,OLD,2016-06-04,2016-06-10,465,0,0,7,9,1,2016
MONTEREY,COLEMAN,2016-06-04,2016-06-17,2520,0,0,14,1,0,2016
SISKIYOU,PONY,2016-06-07,2016-10-02,2860,0,0,118,0,0,2016
SANTA BARBARA,SHERPA,2016-06-15,2016-06-23,7474,0,0,9,5,0,2016
SAN DIEGO,BORDER 3,2016-06-19,2016-07-01,7609,0,2,13,16,3,2016
LOS ANGELES,RESERVOIR,2016-06-20,2016-07-05,1146,0,1,16,0,0,2016
LOS ANGELES,FISH,2016-06-20,2016-07-05,4253,0,0,16,0,0,2016
KERN,ERSKINE,2016-06-23,2016-07-09,48019,0,2,17,286,12,2016
MONO,MARINA,2016-06-24,2016-07-04,654,0,0,11,1,0,2016
MERCED,DINOSAUR,2016-06-25,2016-06-26,1246,0,0,2,0,0,2016
MARIPOSA,LAKES,2016-06-26,2016-10-31,1001,0,0,128,0,0,2016
SACRAMENTO,RANCHO,2016-06-28,2016-06-30,372,0,0,3,0,0,2016
PLACER,TRAILHEAD,2016-06-28,2016-08-14,5645,0,0,48,0,0,2016
TEHAMA,COLYEAR,2016-06-30,2016-07-06,464,0,0,7,0,0,2016
VENTURA,PINE,2016-06-30,2016-07-17,2304,0,0,18,0,0,2016
FRESNO,CURRY,2016-07-01,2016-07-04,2944,0,0,4,0,0,2016
KERN,DEER,2016-07-01,2016-07-10,1785,0,0,10,0,0,2016
CALAVERAS,APPALOOSA,2016-07-02,2016-07-15,310,0,0,14,1,0,2016
SHASTA,FIDDLER,2016-07-08,2016-07-09,303,0,0,2,1,1,2016
KERN,FORT,2016-07-08,2016-07-09,554,0,0,2,0,0,2016
LOS ANGELES,SAGE,2016-07-09,2016-07-16,1100,0,0,8,0,2,2016
CALAVERAS,PACHECO,2016-07-12,2016-07-18,341,0,0,7,2,0,2016
SAN DIEGO,ROBLAR,2016-07-21,2016-07-27,1245,0,0,7,0,0,2016
LOS ANGELES,SAND,2016-07-22,2016-08-06,41383,0,1,16,116,20,2016
MONTEREY,SOBERANES,2016-07-22,2016-10-13,132127,1,0,84,68,5,2016
FRESNO,GOOSE,2016-07-30,2016-08-09,2241,0,0,11,9,1,2016
BUTTE,99,2016-08-02,2016-08-08,520,0,0,7,0,0,2016
YOLO,COLD,2016-08-02,2016-08-12,5731,0,0,11,2,0,2016
MONO,CLARK,2016-08-04,2016-08-12,2819,0,0,9,0,0,2016
SAN BERNARDINO,PILOT,2016-08-07,2016-08-16,8110,0,0,10,0,0,2016
FRESNO,MINERAL,2016-08-08,2016-08-19,7050,0,0,12,2,0,2016
INYO,HORSESHOE,2016-08-09,2016-08-17,369,0,0,9,0,0,2016
LAKE,CLAYTON,2016-08-13,2016-09-03,3929,0,0,22,300,28,2016
SAN LUIS OBISPO,CHIMNEY,2016-08-13,2016-09-07,46235,0,0,26,70,8,2016
SAN BERNARDINO,BLUECUT,2016-08-16,2016-09-08,36274,0,0,24,321,8,2016
KERN,CEDAR,2016-08-16,2016-09-24,29322,0,0,40,6,0,2016
YUBA,BEALE,2016-08-18,2016-08-19,389,0,0,2,0,0,2016
SANTA BARBARA,REY,2016-08-18,2016-09-15,32606,0,0,29,5,0,2016
ALPINE,MOKELUMNE,2016-08-19,2016-09-20,655,0,0,33,0,0,2016
TULARE,TULE,2016-08-22,2016-08-22,395,0,0,1,0,0,2016
HUMBOLDT,TULLY,2016-08-22,2016-09-09,599,0,0,19,3,0,2016
SISKIYOU,GRADE,2016-08-24,2016-09-10,710,0,0,18,10,1,2016
KERN,RANGE,2016-08-26,2016-08-31,600,0,0,6,0,0,2016
KERN,HAVILA,2016-08-27,2016-08-31,304,0,0,5,0,0,2016
SISKIYOU,GAP,2016-08-27,2016-09-16,33867,0,0,21,14,0,2016
CALAVERAS,WILLOW,2016-08-28,2016-09-04,450,0,0,8,0,1,2016
RIVERSIDE,BOGART,2016-08-30,2016-09-05,1470,0,0,7,1,0,2016
BUTTE,SADDLE,2016-09-05,2016-09-22,800,0,0,18,3,0,2016
MODOC,HOWARD,2016-09-11,2016-09-15,380,0,0,5,0,0,2016
LASSEN,WILLARD,2016-09-11,2016-10-12,2575,0,0,32,7,0,2016
TEHAMA,HOG,2016-09-13,2016-09-13,321,0,0,1,0,0,2016
FRESNO,CROWN,2016-09-15,2016-10-31,800,0,0,47,0,0,2016
SANTA BARBARA,CANYON,2016-09-17,2016-09-24,12742,1,0,8,0,0,2016
MONO,OWENS RIVER,2016-09-17,2016-10-15,5443,0,0,29,4,0,2016
MODOC,SOUP COMPLEX,2016-09-17,2016-10-31,2722,0,0,45,0,0,2016
KERN,FLAT,2016-09-19,2016-09-22,307,0,0,4,0,0,2016
SONOMA,SAWMILL,2016-09-25,2016-10-01,1547,0,0,7,0,0,2016
TUOLUMNE,MARSHES,2016-09-26,2016-10-04,1080,0,0,9,0,0,2016
SANTA CLARA,LOMA,2016-09-26,2016-11-08,4474,0,0,44,28,1,2016
TULARE,SLATE,2016-10-04,2016-11-05,2160,0,0,33,0,0,2016
FRESNO,SACATA,2016-10-11,2016-10-19,2100,0,0,9,0,0,2016
TULARE,JACOBSON,2016-10-20,2016-11-01,1702,0,0,13,0,0,2016
TULARE,MEADOW,2016-10-29,2016-11-22,4347,0,0,25,0,0,2016
TULARE,HIDDEN,2016-11-02,2016-11-23,2768,0,0,22,0,0,2016
MODOC,WEST,2017-04-01,2017-04-01,401,0,0,1,0,0,2017
FRESNO,JAYNE,2017-04-20,2017-04-21,4532,0,0,2,0,0,2017
FRESNO,EL DORADO,2017-04-28,2017-04-28,750,0,0,1,0,0,2017
RIVERSIDE,OPERA,2017-04-30,2017-05-02,1350,0,0,3,0,0,2017
MERCED,WRIGHT,2017-05-12,2017-05-13,1733,0,0,2,0,0,2017
FRESNO,ELM 2,2017-05-18,2017-05-21,10000,0,0,4,0,0,2017
SAN DIEGO,DELUZ,2017-05-19,2017-05-22,486,0,0,4,0,0,2017
KERN,MING,2017-05-20,2017-05-22,506,0,0,3,0,0,2017
SAN DIEGO,GATE,2017-05-20,2017-05-22,2056,0,0,3,0,0,2017
MONTEREY,RANGE,2017-06-04,2017-06-11,1972,0,0,8,0,0,2017
TULARE,DINELY,2017-06-07,2017-06-10,339,0,0,4,0,0,2017
MADERA,OAKWOOD,2017-06-10,2017-06-13,1417,0,0,4,0,0,2017
FRESNO,MONTEREY,2017-06-11,2017-06-11,450,0,0,1,0,0,2017
LOS ANGELES,LAKE,2017-06-17,2017-06-23,850,0,0,7,0,2,2017
KERN,HIGHWAY,2017-06-21,2017-06-25,1522,0,0,5,0,0,2017
SAN BERNARDINO,HOLCOMB,2017-06-21,2017-06-29,1503,0,0,9,0,0,2017
FRESNO,CREEK,2017-06-23,2017-06-27,357,0,0,5,4,0,2017
TULARE,SCHAEFFER,2017-06-24,2017-08-05,16031,0,0,43,0,0,2017
LOS ANGELES,PLACERITA,2017-06-25,2017-06-28,760,0,0,4,1,1,2017
SAN LUIS OBISPO,HILL,2017-06-26,2017-06-28,1626,0,0,3,7,0,2017
RIVERSIDE,MANZANITA,2017-06-26,2017-06-30,6309,0,0,5,0,0,2017
SAN BERNARDINO,MART,2017-06-27,2017-07-01,670,0,0,5,0,0,2017
MODOC,BATTLE,2017-06-28,2017-07-01,640,0,0,4,0,0,2017
SAN DIEGO,CRISTIANITOS,2017-06-28,2017-07-01,761,0,0,4,0,0,2017
MARIPOSA,BEN,2017-06-28,2017-07-06,558,0,0,9,0,0,2017
KERN,TARINA,2017-06-30,2017-07-01,1200,0,0,2,0,0,2017
FRESNO,DERRICK,2017-07-02,2017-07-05,1562,0,0,4,0,0,2017
SISKIYOU,FAY,2017-07-05,2017-07-31,496,0,0,27,1,0,2017
KERN,QUIAL COMPLEX,2017-07-06,2017-07-06,1626,0,0,1,0,0,2017
YOLO,WINTER,2017-07-06,2017-07-14,1700,0,0,9,0,0,2017
SAN LUIS OBISPO,ALAMO,2017-07-06,2017-07-18,28687,0,0,13,14,1,2017
BUTTE,WALL,2017-07-07,2017-08-03,6033,0,0,28,91,10,2017
MONTEREY,PARKFIELD,2017-07-08,2017-07-08,1816,0,0,1,0,1,2017
SANTA BARBARA,WHITTIER,2017-07-08,2017-10-05,18430,0,0,90,40,7,2017
SAN LUIS OBISPO,STONE,2017-07-09,2017-07-11,340,0,0,3,3,0,2017
KINGS,GARZA,2017-07-09,2017-07-25,48660,0,0,17,1,0,2017
TEHAMA,DALE,2017-06-24,2017-06-26,856,0,0,3,0,0,2017
NEVADA,FARAD,2017-07-10,2017-07-16,747,0,0,7,0,0,2017
SAN DIEGO,JENNINGS 2,2017-07-11,2017-07-14,400,0,0,4,0,0,2017
LASSEN,LONG VALLEY,2017-07-11,2017-07-25,83733,0,0,15,8,3,2017
MODOC,DOBE,2017-07-13,2017-07-31,410,0,0,19,0,0,2017
SAN BERNARDINO,BRIDGE 2,2017-07-14,2017-07-18,460,0,0,5,0,0,2017
MENDOCINO,GRADE,2017-07-16,2017-07-18,900,0,0,3,1,0,2017
MARIPOSA,DETWILER,2017-07-16,2017-08-31,81826,0,0,47,134,21,2017
FRESNO,PARK,2017-07-17,2017-07-30,1649,0,0,14,0,0,2017
KERN,HUDSON,2017-07-18,2017-07-18,1083,0,0,1,0,0,2017
SISKIYOU,MARBLE,2017-07-19,2017-07-28,319,0,0,10,0,0,2017
TULARE,ELEPHANT 2,2017-07-20,2017-07-21,416,0,0,2,0,0,2017
MODOC,MODOC JULY COMPLEX,2017-07-24,2017-08-13,83120,0,0,21,0,0,2017
SISKIYOU,ORLEANS COMPLEX,2017-07-25,2017-10-12,27276,0,0,80,0,0,2017
WASHOE (NV),R-21,2017-07-26,2017-07-27,589,0,0,2,0,0,2017
SACRAMENTO,LATROBE,2017-07-26,2017-07-28,1268,0,0,3,0,0,2017
TUOLUMNE,JACKSONVILLE,2017-07-29,2017-08-04,675,0,0,7,1,0,2017
PLUMAS,MINERVA 5,2017-07-29,2017-08-16,4310,0,0,19,0,0,2017
TULARE,ROADRUNNER,2017-07-30,2017-07-31,2289,0,0,2,0,0,2017
KERN,GARDEN,2017-07-30,2017-08-09,450,0,0,11,0,0,2017
MONO,GRANT,2017-07-31,2017-08-03,400,0,0,4,0,0,2017
TUOLUMNE,SUMMIT COMPLEX,2017-07-31,2017-11-30,5248,0,0,123,0,0,2017
MARIPOSA,EMPIRE,2017-08-01,2017-10-31,6370,0,0,92,0,0,2017
SAN LUIS OBISPO,RED,2017-08-02,2017-08-03,450,0,0,2,0,0,2017
SAN BERNARDINO,BRYANT 2,2017-08-03,2017-08-14,325,0,0,12,1,0,2017
MODOC,PARKER 2,2017-08-03,2017-08-14,7697,0,0,12,1,0,2017
TULARE,INDIAN,2017-08-03,2017-08-29,2295,0,0,27,0,0,2017
PLUMAS,CHILCOOT,2017-08-06,2017-08-08,1021,0,0,3,0,0,2017
LASSEN,POSLIN,2017-08-06,2017-08-09,860,0,0,4,0,0,2017
MADERA,BUTTE,2017-08-07,2017-08-17,635,0,0,11,0,0,2017
DEL NORTE,YOUNG,2017-08-07,2017-10-15,21377,0,0,70,0,0,2017
TRINITY,RUTH COMPLEX,2017-08-09,2017-08-25,4736,0,0,17,0,0,2017
KERN,ROSE,2017-08-10,2017-08-10,338,0,0,1,0,0,2017
RIVERSIDE,BLAINE,2017-08-13,2017-08-16,1500,0,0,4,0,46,2017
SISKIYOU,SALMON AUGUST COMPLEX,2017-08-13,2017-10-20,65889,0,0,69,1,0,2017
MARIPOSA,SOUTH FORK,2017-08-13,2017-11-30,7000,0,0,110,0,0,2017
RIVERSIDE,MIAS,2017-08-14,2017-08-18,600,0,0,5,0,0,2017
JACKSON (OR),MILLER COMPLEX,2017-08-14,2017-11-30,39716,0,0,109,0,0,2017
SISKIYOU,ECLIPSE COMPLEX,2017-08-15,2017-10-10,78698,0,0,57,0,0,2017
YUBA,BEALE,2017-08-20,2017-08-20,950,0,0,1,0,0,2017
MODOC,JONES,2017-08-23,2017-08-27,375,0,0,5,0,0,2017
MODOC,BOLES,2017-08-23,2017-09-04,371,0,0,13,0,0,2017
LASSEN,MUD,2017-08-29,2017-09-01,6042,0,0,4,0,0,2017
MONO,SLINKARD,2017-08-29,2017-09-11,8925,0,0,14,0,0,2017
MADERA,RAILROAD,2017-08-29,2017-09-15,12407,1,0,18,8,1,2017
TULARE,PIER,2017-08-29,2017-09-24,36556,0,0,27,2,0,2017
BUTTE,PONDEROSA,2017-08-29,2017-10-28,4016,0,0,61,55,0,2017
NEVADA,PLEASANT,2017-08-30,2017-09-06,392,0,0,8,1,1,2017
WASHOE (NV),R-4,2017-08-30,2017-09-18,18618,0,0,20,0,0,2017
TRINITY,HELENA,2017-08-30,2017-10-19,21449,0,0,51,131,0,2017
KERN,CALDWELL,2017-09-01,2017-09-06,1319,0,0,6,0,0,2017
LOS ANGELES,LA TUNA,2017-09-01,2017-09-08,7194,0,0,8,5,0,2017
RIVERSIDE,PALMER,2017-09-02,2017-09-09,3800,0,0,8,0,1,2017
MADERA,PEAK,2017-09-03,2017-09-09,680,0,0,7,4,0,2017
MADERA,MISSION,2017-09-03,2017-09-13,1037,0,0,11,7,4,2017
TUOLUMNE,CREEK,2017-09-03,2017-11-20,1749,0,0,79,0,0,2017
PLUMAS,EUREKA,2017-09-05,2017-10-31,437,0,0,57,0,0,2017
EL DORADO,TABLE,2017-09-08,2017-10-17,426,0,0,40,0,0,2017
SHASTA,BERRY,2017-09-12,2017-10-04,900,0,0,23,0,0,2017
TRINITY,BUCK,2017-09-12,2017-11-05,13434,0,0,55,0,0,2017
MADERA,EASTMAN,2017-09-18,2017-09-19,483,0,0,2,0,0,2017
TULARE,LION,2017-09-24,2017-11-27,19215,0,0,65,0,0,2017
ORANGE,CANYON,2017-09-25,2017-10-03,2662,0,0,9,0,7,2017
SANTA BARBARA,RUCKER,2017-09-29,2017-10-04,444,0,0,6,0,0,2017
YUBA,CASCADE (NEU WIND COMPLEX)*,2017-10-08,2017-10-19,9989,0,4,12,264,10,2017
NEVADA,MCCOURTNEY (NEU WIND COMPLEX),2017-10-08,2017-10-21,76,0,0,14,13,2,2017
NEVADA,LOBO (NEU WIND COMPLEX),2017-10-08,2017-10-22,821,0,0,15,47,2,2017
MENDOCINO,"REDWOOD VALLEY
(MENDOCINO LAKE COMPLEX)",2017-10-08,2017-10-26,36523,0,9,19,543,41,2017
NAPA,TUBBS (CENTRAL LNU COMPLEX),2017-10-08,2017-10-31,36807,1,21,24,0,317,2017
SONOMA,ADOBE (CENTRAL LNU COMPLEX -NUNS),2017-10-08,2017-10-31,3700,0,0,24,0,0,2017
NAPA,PARTRICK (CENTRAL LNU COMPLEX -NUNS),2017-10-08,2017-10-31,8283,0,0,24,0,0,2017
BUTTE,CHEROKEE,2017-10-08,2017-11-05,8500,0,0,29,6,1,2017
MARIN,THIRTY SEVEN,2017-10-09,2017-10-12,1660,0,0,4,3,1,2017
ORANGE,CANYON 2,2017-10-09,2017-10-17,9217,0,0,9,25,55,2017
BUTTE,LA PORTE (NEU WIND COMPLEX),2017-10-09,2017-10-20,6151,0,0,12,74,2,2017
LAKE,"SULPHUR
(MENDOCINO LAKE COMPLEX)",2017-10-09,2017-10-26,2207,0,0,18,162,8,2017
NAPA,ATLAS (SOUTHERN LNU COMPLEX),2017-10-09,2017-10-28,51624,0,6,20,783,120,2017
SONOMA,NUNS (CENTRAL LNU COMPLEX),2017-10-09,2017-10-31,44573,0,3,23,0,172,2017
SONOMA,POCKET 2 (CENTRAL LNU COMPLEX),2017-10-09,2017-10-31,17357,0,0,23,6,2,2017
SANTA CRUZ,BEAR,2017-10-16,2017-10-29,391,0,0,14,6,0,2017
SAN DIEGO,BUFFALO,2017-10-17,2017-10-19,1088,0,0,3,0,0,2017
RIVERSIDE,WILDOMAR,2017-10-26,2017-11-01,866,0,0,7,0,0,2017
MONO,CHRIS,2017-11-13,2017-11-16,370,0,0,4,0,0,2017
VENTURA,THOMAS,2017-12-04,2018-01-12,281893,1,1,40,0,274,2017
LOS ANGELES,RYE,2017-12-05,2017-12-15,6049,0,0,11,6,3,2017
LOS ANGELES,CREEK,2017-12-05,2017-12-29,15619,0,0,25,123,81,2017
LOS ANGELES,SKIRBALL,2017-12-06,2017-12-17,422,0,0,12,9,13,2017
RIVERSIDE,LIBERTY,2017-12-07,2017-12-09,300,0,0,3,3,1,2017
SAN DIEGO,LILAC 5,2017-12-07,2017-12-16,4088,0,0,10,157,64,2017
INYO,PLEASANT,2018-02-18,2018-02-25,2070,0,0,8,0,0,2018
INYO,MOFFAT,2018-04-19,2018-04-24,1065,0,0,6,0,0,2018
MERCED,NEES,2018-05-02,2018-05-02,1756,0,0,1,0,0,2018
SAN DIEGO,ALPHA,2018-05-04,2018-05-05,300,0,0,2,0,0,2018
RIVERSIDE,PATTERSON,2018-05-17,2018-05-18,1261,0,0,2,0,0,2018
MADERA,CANAL,2018-05-19,2018-05-20,300,0,0,2,0,0,2018
MADERA,O'NEALS,2018-06-04,2018-06-07,300,0,0,4,0,0,2018
LOS ANGELES,STONE,2018-06-04,2018-06-08,1352,0,0,5,0,0,2018
SAN BENITO,AIRLINE 2,2018-06-04,2018-06-12,1314,0,0,9,0,0,2018
SAN BENITO,EASTERN 2,2018-06-04,2018-06-12,513,0,0,9,0,0,2018
TEHAMA,APPLE,2018-06-09,2018-06-12,2956,0,0,4,9,3,2018
GLENN,CHROME,2018-06-09,2018-06-22,2290,0,0,14,1,0,2018
MADERA,LIONS,2018-06-11,2018-07-14,12990,0,0,34,0,0,2018
LASSEN,TUMBLEWEED,2018-06-14,2018-06-17,646,0,0,4,0,0,2018
MERCED,PLANADA,2018-06-15,2018-06-19,4563,0,0,5,0,0,2018
SAN LUIS OBISPO,YANKEE,2018-06-20,2018-06-22,1500,0,0,3,0,0,2018
TEHAMA,LANE,2018-06-23,2018-07-04,3392,0,0,12,0,0,2018
LAKE,PAWNEE,2018-06-23,2018-07-08,15180,0,0,16,22,6,2018
SHASTA,PANTHER,2018-06-24,2018-06-26,386,0,0,3,0,0,2018
BUTTE,SHIPPEE,2018-06-26,2018-06-27,460,0,0,2,0,0,2018
LASSEN,HYATT,2018-06-27,2018-06-29,383,0,0,3,4,0,2018
SAN JOAQUIN,WAVERLY,2018-06-29,2018-07-12,11789,0,0,14,1,0,2018
YOLO,COUNTY,2018-06-30,2018-07-14,90000,0,0,15,29,4,2018
EL DORADO,SHINGLE,2018-07-04,2018-07-05,316,0,0,2,0,0,2018
SISKIYOU,KLAMATHON,2018-07-05,2018-07-21,38008,0,1,17,83,12,2018
AMADOR,IRISH,2018-07-06,2018-07-09,825,0,0,4,1,1,2018
SAN DIEGO,PENDLETON COMPLEX,2018-07-06,2018-07-10,1520,0,0,5,0,0,2018
SAN DIEGO,WEST,2018-07-06,2018-07-10,505,0,0,5,48,14,2018
SAN BERNARDINO,VALLEY,2018-07-06,2018-07-12,1350,0,0,7,0,0,2018
ALAMEDA,GRANT,2018-07-08,2018-07-09,480,0,0,2,1,0,2018
INYO,GEORGES,2018-07-08,2018-07-23,2941,0,0,16,0,0,2018
BUTTE,STONEY,2018-07-12,2018-07-20,1000,0,0,9,0,0,2018
MODOC,EAGLE,2018-07-13,2018-07-20,2100,0,0,8,0,0,2018
MARIPOSA,FERGUSON,2018-07-13,2018-08-22,96901,2,0,41,11,0,2018
YOLO,EIGHTY EIGHT,2018-07-18,2018-07-21,822,0,0,4,0,0,2018
SANTA CLARA,COUNTRY,2018-07-22,2018-07-24,320,0,0,3,0,0,2018
SHASTA,CARR,2018-07-23,2018-09-01,229651,3,4,41,0,279,2018
RIVERSIDE,CRANSTON,2018-07-25,2018-08-09,13139,0,0,16,12,5,2018
SAN DIEGO,PASQUAL,2018-07-27,2018-07-31,365,0,0,5,0,0,2018
LASSEN,WHALEBACK,2018-07-27,2018-08-06,18703,0,0,11,0,0,2018
COLUSA,"RANCH - MENDOCINO
COMPLEX",2018-07-27,2018-08-17,410203,1,0,22,246,27,2018
COLUSA,"RIVER - MENDOCINO
COMPLEX",2018-07-27,2018-09-27,48920,0,0,63,35,11,2018
SUTTER,BUTTE,2018-07-31,2018-08-02,1000,0,0,3,0,0,2018
MONO,OWENS,2018-07-31,2018-08-05,338,0,0,6,0,0,2018
MONO,HOTCREEK,2018-07-31,2018-08-05,419,0,0,6,0,0,2018
MENDOCINO,EEL,2018-07-31,2018-08-08,972,0,0,9,10,0,2018
PLACER,SUNSET,2018-08-01,2018-08-03,695,0,0,3,0,0,2018
TUOLUMNE,DONNELL,2018-08-01,2018-10-31,36450,0,0,92,135,0,2018
KERN,TARINA,2018-08-03,2018-08-05,3516,0,0,3,0,0,2018
MONTEREY,TURKEY,2018-08-06,2018-08-07,2225,0,0,2,0,0,2018
ORANGE,HOLY,2018-08-06,2018-09-14,23025,0,0,40,24,18,2018
SHASTA,HAT,2018-08-09,2018-08-23,1900,0,0,15,0,0,2018
SHASTA,HIRZ,2018-08-09,2018-09-12,46051,0,0,35,0,0,2018
SOLANO,NELSON,2018-08-10,2018-08-14,2162,0,0,5,1,1,2018
MONTEREY,GULCH,2018-08-11,2018-08-11,700,0,0,1,0,0,2018
TULARE,RIVER 7,2018-08-15,2018-08-19,496,0,0,5,0,0,2018
MODOC,STONE,2018-08-15,2018-09-01,39387,0,0,18,2,0,2018
HUMBOLDT,MILL CREEK 1,2018-08-16,2018-08-30,3674,0,0,15,0,0,2018
KERN,CALL,2018-08-18,2018-08-21,367,0,0,4,0,0,2018
SAN LUIS OBISPO,FRONT,2018-08-19,2018-08-29,1014,0,0,11,0,0,2018
PLACER,NORTH,2018-09-03,2018-09-16,1120,0,0,14,0,0,2018
TRINITY,KERLIN,2018-09-04,2018-09-17,1751,0,0,14,5,0,2018
SHASTA,DELTA,2018-09-05,2018-10-11,63311,0,0,37,42,4,2018
TUOLUMNE,TULLOCH,2018-09-08,2018-09-10,573,0,0,3,0,0,2018
NAPA,SNELL,2018-09-08,2018-09-15,2490,0,0,8,0,0,2018
MONTEREY,METZ,2018-09-13,2018-09-15,411,0,0,3,0,0,2018
MADERA,OAK,2018-09-22,2018-09-29,360,0,0,8,0,0,2018
LOS ANGELES,CHARLIE,2018-09-22,2018-09-30,3380,0,0,9,0,0,2018
MONTEREY,NACIMIENTO,2018-10-02,2018-10-03,450,0,0,2,0,0,2018
TULARE,ALDER,2018-10-04,2018-12-22,4654,0,0,80,0,0,2018
TEHAMA,SUN,2018-10-07,2018-10-07,3889,0,0,1,0,0,2018
SOLANO,BRANSCOMBE,2018-10-07,2018-10-08,4500,0,0,2,2,0,2018
TULARE,MOUNTAINEER,2018-10-13,2018-12-22,1270,0,0,71,0,0,2018
BUTTE,JUNES,2018-10-30,2018-11-12,550,0,0,14,0,0,2018
VENTURA,HILL,2018-11-08,2018-11-16,4381,0,0,9,4,2,2018
VENTURA,WOOLSEY,2018-11-08,2018-11-22,96949,0,3,15,0,364,2018
BUTTE,CAMP,2018-11-08,2018-12-20,153336,0,85,43,0,754,2018
RIVERSIDE,LINCOLN,2019-03-15,2019-03-20,560,0,0,6,0,0,2019
KERN,REFUGE,2019-05-07,2019-05-08,2500,0,0,2,0,0,2019
TUOLUMNE,ROSASCO,2019-05-23,2019-09-11,731,0,0,112,0,0,2019
SAN LUIS OBISPO,BELMONT,2019-05-29,2019-05-29,835,0,0,1,0,0,2019
SAN LUIS OBISPO,BOULDER,2019-06-05,2019-06-05,1075,0,0,1,0,0,2019
STANISLAUS,STUHR,2019-06-07,2019-06-07,581,0,0,1,0,0,2019
SUTTER,WEST BUTTE,2019-06-08,2019-06-09,1300,0,0,2,7,0,2019
COLUSA,SAND,2019-06-08,2019-06-15,2220,0,0,8,4,0,2019
TULARE,JORDAN,2019-06-09,2019-07-01,591,0,0,23,0,0,2019
SAN LUIS OBISPO,MCMILLAN,2019-06-12,2019-06-13,1763,0,0,2,0,0,2019
TRINITY,EAST,2019-06-17,2019-07-18,410,0,0,32,0,0,2019
RIVERSIDE,JERRY,2019-06-21,2019-06-21,500,0,0,1,0,0,2019
MONTEREY,LONOAK,2019-06-25,2019-06-26,2546,0,0,2,0,0,2019
STANISLAUS,ROCK,2019-06-25,2019-06-27,2420,0,0,3,0,0,2019
SAN LUIS OBISPO,GILLIS,2019-07-08,2019-07-09,1010,0,0,2,1,1,2019
TULARE,COW,2019-07-25,2019-10-11,2025,0,0,79,0,0,2019
MONO,SPRINGS,2019-07-26,2019-10-01,4840,0,0,68,0,0,2019
MODOC,TUCKER,2019-07-28,2019-08-04,14150,0,0,8,0,0,2019
MONTEREY,LAKE,2019-07-29,2019-08-01,306,0,0,4,0,0,2019
MONTEREY,MILL,2019-07-30,2019-08-08,310,0,0,10,0,0,2019
SAN DIEGO,CALIENTE,2019-08-01,2019-08-03,448,0,0,3,0,0,2019
CONTRA COSTA,MARSH CREEK 3,2019-08-03,2019-08-07,340,0,0,5,0,0,2019
LASSEN,W-1 MCDONALD,2019-08-08,2019-08-11,1020,0,0,4,0,0,2019
TULARE,BRODER,2019-08-08,2019-09-20,381,0,0,44,0,0,2019
SAN BERNARDINO,BARSTOW,2019-08-11,2019-08-12,685,0,0,2,0,0,2019
MARIPOSA,HUNTER,2019-08-15,2019-08-15,433,0,0,1,0,0,2019
MARIPOSA,GAINES,2019-08-16,2019-08-20,1300,0,0,5,0,0,2019
SHASTA,MOUNTAIN,2019-08-22,2019-08-31,600,0,0,10,14,7,2019
LASSEN,LONG VALLEY,2019-08-24,2019-08-27,2438,0,0,4,1,4,2019
LASSEN,R-1 RANCH,2019-08-28,2019-09-04,3380,0,0,8,0,0,2019
TULARE,CREEK,2019-08-31,2019-09-04,756,0,0,5,0,0,2019
RIVERSIDE,TENAJA,2019-09-04,2019-09-14,1926,0,0,11,0,3,2019
PLUMAS,WALKER,2019-09-04,2019-09-25,54608,0,0,22,9,0,2019
INYO,TABOOSE,2019-09-04,2019-11-21,10400,0,0,79,0,0,2019
TEHAMA,RED BANK,2019-09-05,2019-09-17,8836,0,0,13,2,0,2019
MODOC,LONE,2019-09-05,2019-09-17,5737,0,0,13,0,0,2019
SISKIYOU,LIME,2019-09-05,2019-09-25,1872,0,0,21,0,0,2019
TRINITY,MIDDLE,2019-09-05,2019-10-11,1339,0,0,37,0,0,2019
TEHAMA,SOUTH,2019-09-05,2019-11-27,5332,0,0,84,2,0,2019
BUTTE,SWEDES,2019-09-07,2019-09-09,496,0,0,3,2,1,2019
RIVERSIDE,HORSESHOE,2019-09-14,2019-09-17,503,0,0,4,0,0,2019
PLACER,BASELINE,2019-09-20,2019-09-21,640,0,0,2,0,0,2019
NAPA,AMERICAN,2019-10-06,2019-10-07,526,0,0,2,1,0,2019
MARIPOSA,BRICEBURG,2019-10-06,2019-10-20,5563,0,0,15,1,0,2019
RIVERSIDE,RECHE,2019-10-10,2019-10-12,350,0,0,3,1,1,2019
RIVERSIDE,SANDALWOOD,2019-10-10,2019-10-15,1011,0,2,6,73,16,2019
LOS ANGELES,SADDLE RIDGE,2019-10-10,2019-10-26,8799,0,1,17,24,91,2019
EL DORADO,CAPLES,2019-10-10,2019-10-31,3435,0,0,22,0,0,2019
SANTA BARBARA,REAL,2019-10-17,2019-10-21,420,0,0,5,0,0,2019
SONOMA,KINCADE,2019-10-23,2019-11-10,77758,0,0,19,374,60,2019
LOS ANGELES,TICK,2019-10-24,2019-10-31,3950,0,0,8,29,46,2019
TEHAMA,RAWSON,2019-10-26,2019-10-27,605,0,0,2,1,3,2019
MENDOCINO,BURRIS,2019-10-27,2019-11-02,703,0,0,7,0,0,2019
LOS ANGELES,GETTY,2019-10-28,2019-11-14,745,0,0,18,13,19,2019
VENTURA,EASY,2019-10-30,2019-11-08,2375,0,0,10,1,1,2019
RIVERSIDE,46TH,2019-10-31,2019-10-31,328,0,0,1,7,7,2019
RIVERSIDE,HILL,2019-10-31,2019-11-03,628,0,0,4,0,0,2019
VENTURA,MARIA,2019-10-31,2019-11-06,9999,0,0,7,4,0,2019
TEHAMA,RANCH,2019-11-03,2019-11-06,2534,0,0,4,0,1,2019
PLACER,FOOTHILLS,2019-11-25,2019-11-25,308,0,0,1,0,0,2019
SANTA BARBARA,CAVE,2019-11-25,2019-12-13,3126,0,0,19,0,1,2019
KINGS,INTERSTATE 5,2020-05-03,2020-05-03,2060,0,0,1,0,0,2020
SAN LUIS OBISPO,RANGE,2020-05-27,2020-05-28,5000,0,0,2,0,0,2020
SANTA BARBARA,SCORPION,2020-05-31,2020-06-05,1395,0,0,6,0,0,2020
PLACER,AMORUSO,2020-06-01,2020-06-01,670,0,0,1,0,0,2020
SOLANO,QUAIL,2020-06-06,2020-06-13,1837,0,0,8,5,12,2020
SAN DIEGO,INDIA,2020-06-09,2020-06-16,1100,0,0,8,0,0,2020
SAN LUIS OBISPO,SODA,2020-06-10,2020-06-10,1680,0,0,1,0,0,2020
VENTURA,ELIZABETH,2020-06-10,2020-06-12,300,0,0,3,0,0,2020
VENTURA,LIME,2020-06-10,2020-06-16,803,0,0,7,0,0,2020
SACRAMENTO,GRANT,2020-06-12,2020-06-19,5042,0,0,8,0,1,2020
FRESNO,HOG,2020-06-14,2020-06-15,533,0,0,2,0,0,2020
SANTA BARBARA,DRUM,2020-06-14,2020-06-17,696,0,0,4,0,0,2020
FRESNO,EAGLE,2020-06-15,2020-06-15,300,0,0,1,0,0,2020
SAN LUIS OBISPO,AVILA,2020-06-15,2020-06-20,445,0,0,6,0,1,2020
SAN BENITO,BITTER,2020-06-16,2020-06-20,813,0,0,5,0,0,2020
CALAVERAS,WALKER,2020-06-16,2020-06-21,1455,0,0,6,2,2,2020
TULARE,SUCCESS 2,2020-06-18,2020-06-19,800,0,0,2,0,0,2020
MONTEREY,RICO,2020-06-22,2020-06-23,348,0,0,2,0,0,2020
TULARE,GRADE,2020-06-22,2020-06-25,1050,0,0,4,0,0,2020
SAN BERNARDINO,IVANPAH,2020-06-22,2020-06-26,1088,0,0,5,0,0,2020
LASSEN,R-2,2020-06-23,2020-06-25,563,0,0,3,0,0,2020
MERCED,PASS,2020-06-28,2020-06-30,2192,0,0,3,0,0,2020
KERN,BENA,2020-07-01,2020-07-05,4000,0,0,5,0,0,2020
LOS ANGELES,ROWHER,2020-07-01,2020-07-09,616,0,0,9,0,0,2020
MADERA,BONADELLE,2020-07-02,2020-07-03,500,0,0,2,0,0,2020
SAN LUIS OBISPO,LAKE,2020-07-04,2020-07-05,583,0,0,2,1,0,2020
SANTA CLARA,PARK,2020-07-04,2020-07-08,353,0,0,5,0,0,2020
LOS ANGELES,SOLEDAD,2020-07-05,2020-07-06,1525,0,0,2,0,0,2020
SANTA CLARA,CREWS,2020-07-05,2020-07-20,5513,0,0,16,4,0,2020
FRESNO,MINERAL,2020-07-13,2020-07-26,29667,0,0,14,7,0,2020
YUBA,VALLEY,2020-07-15,2020-07-15,500,0,0,1,0,0,2020
SAN BENITO,COYOTE,2020-07-15,2020-07-18,1485,0,0,4,1,0,2020
SISKIYOU,BADGER,2020-07-18,2020-07-28,557,0,0,11,0,0,2020
LASSEN,HOG,2020-07-18,2020-08-28,9564,0,0,42,2,0,2020
SHASTA,PLATINA,2020-07-19,2020-07-27,333,0,0,9,0,0,2020
LASSEN,GOLD,2020-07-20,2020-09-29,22614,0,0,72,13,5,2020
SISKIYOU,JULY COMPLEX,2020-07-22,2020-08-22,83261,0,0,32,15,0,2020
MARIPOSA,BLUEJAY,2020-07-24,2020-11-19,6922,0,0,119,0,0,2020
FRESNO,WILD,2020-07-25,2020-07-25,1040,0,0,1,0,0,2020
LASSEN,ADAMS,2020-07-26,2020-07-31,918,0,0,6,0,0,2020
LOS ANGELES,RIDGE,2020-07-27,2020-07-27,321,0,0,1,0,0,2020
MERCED,COTTONWOOD,2020-07-27,2020-07-29,788,0,0,3,0,0,2020
SAN LUIS OBISPO,BRANCH,2020-07-28,2020-08-03,3222,0,0,7,8,0,2020
HUMBOLDT,RED SALMON COMPLEX,2020-07-28,2020-11-16,144698,0,0,112,0,0,2020
SACRAMENTO,CLAY,2020-07-29,2020-07-29,741,0,0,1,0,0,2020
FRESNO,LINCOLN,2020-07-29,2020-07-29,640,0,0,1,0,0,2020
RIVERSIDE,APPLE,2020-07-31,2020-11-18,33424,0,0,111,13,6,2020
SAN LUIS OBISPO,POND,2020-08-01,2020-08-09,2005,0,0,9,4,1,2020
TEHAMA,STUMP,2020-08-01,2020-08-13,684,0,0,13,0,0,2020
YUBA,BEALE,2020-08-02,2020-08-03,600,0,0,2,0,0,2020
COLUSA,SITES,2020-08-02,2020-08-06,560,0,0,5,1,1,2020
LASSEN,NORTH,2020-08-02,2020-08-08,6882,0,0,7,0,1,2020
KERN,STAGECOACH,2020-08-03,2020-08-14,7760,1,0,12,31,4,2020
FRESNO,TRIMMER,2020-08-03,2020-09-01,594,0,0,30,0,0,2020
SAN LUIS OBISPO,PASS,2020-08-04,2020-08-05,322,0,0,2,0,0,2020
TUOLUMNE,WOLF,2020-08-11,2020-11-19,2057,0,0,101,0,0,2020
LOS ANGELES,LAKE,2020-08-12,2020-09-30,31089,0,0,50,34,6,2020
SACRAMENTO,MEISS,2020-08-13,2020-08-15,512,0,0,3,0,0,2020
LOS ANGELES,RANCH 2,2020-08-13,2020-09-03,4237,0,0,22,0,0,2020
SIERRA,LOYALTON,2020-08-14,2020-08-30,47029,0,0,17,35,0,2020
SAN LUIS OBISPO,WHALE,2020-08-15,2020-08-18,320,0,0,4,0,0,2020
SAN BERNARDINO,DOME,2020-08-15,2020-08-22,43273,0,0,8,6,0,2020
FRESNO,HILLS,2020-08-15,2020-09-27,2121,1,0,44,0,0,2020
MONO,BEACH,2020-08-16,2020-08-28,3780,0,0,13,0,0,2020
MONTEREY,RIVER,2020-08-16,2020-09-04,48088,0,0,20,30,13,2020
CONTRA COSTA,"SCU LIGHTNING
COMPLEX",2020-08-16,2020-09-15,396625,0,0,31,225,26,2020
SAN MATEO,"CZU AUGUST LIGHTNING
COMPLEX",2020-08-16,2020-09-22,86509,0,1,38,0,140,2020
TULARE,RATTLESNAKE,2020-08-16,2020-12-31,8419,0,0,138,0,0,2020
LASSEN,R-5,2020-08-17,2020-08-19,471,0,0,3,0,0,2020
VENTURA,HOLSER,2020-08-17,2020-08-22,2189,0,0,6,0,0,2020
NEVADA,JONES,2020-08-17,2020-09-06,705,0,0,21,18,3,2020
PLUMAS,SHEEP,2020-08-17,2020-09-09,29570,0,0,24,26,2,2020
BUTTE,"BUTTE TEHAMA GLENN
COMPLEX",2020-08-17,2020-09-16,19609,0,0,31,0,0,2020
NAPA,"LNU LIGHTNING
COMPLEX",2020-08-17,2020-09-22,363220,0,5,37,0,232,2020
TRINITY,"AUGUST COMPLEX WEST
ZONE",2020-08-17,2020-10-15,143181,0,0,60,55,6,2020
TRINITY,AUGUST COMPLEX,2020-08-17,2020-11-15,889467,1,0,91,34,4,2020
PLUMAS,NORTH COMPLEX,2020-08-17,2020-11-30,318935,0,16,106,0,119,2020
CALAVERAS,SALT,2020-08-18,2020-08-24,1783,0,0,7,0,0,2020
MENDOCINO,CREEK,2020-08-18,2020-08-26,820,0,0,9,3,0,2020
MONTEREY,CARMEL,2020-08-18,2020-09-06,6901,0,0,20,73,7,2020
LASSEN,W-5 COLD SPRINGS,2020-08-18,2020-09-13,84817,0,0,27,1,0,2020
MARIN,WOODWARD,2020-08-18,2020-10-01,4929,0,0,45,0,0,2020
MONTEREY,DOLAN,2020-08-18,2020-12-31,124924,0,0,136,19,4,2020
TULARE,SQF COMPLEX,2020-08-19,2021-01-07,175019,0,0,142,232,12,2020
TUOLUMNE,MOC,2020-08-20,2020-08-31,2857,0,0,12,2,1,2020
TULARE,MORAINE,2020-08-21,2020-12-31,1316,0,0,133,0,0,2020
MONO,SLINK,2020-08-29,2020-10-15,26759,0,0,48,2,0,2020
MADERA,HENSLEY #2,2020-08-30,2020-08-30,400,0,0,1,0,0,2020
TRINITY,HOBO,2020-09-01,2020-09-10,413,0,0,10,0,0,2020
FRESNO,CREEK,2020-09-04,2020-12-31,379895,0,0,119,858,71,2020
SAN DIEGO,VALLEY,2020-09-05,2020-09-24,16390,0,0,20,64,11,2020
SAN BERNARDINO,EL DORADO,2020-09-05,2020-11-16,22744,1,0,73,14,2,2020
LOS ANGELES,BOBCAT,2020-09-06,2020-11-30,115997,0,0,86,169,47,2020
MENDOCINO,OAK,2020-09-07,2020-09-25,1100,0,0,19,56,1,2020
EL DORADO,FORK,2020-09-08,2020-11-08,1673,0,0,62,0,0,2020
SISKIYOU,SLATER,2020-09-08,2020-11-15,157270,0,2,69,353,24,2020
FRESNO,BULLFROG,2020-09-08,2020-11-15,1185,0,0,69,0,0,2020
YUBA,WILLOW,2020-09-09,2020-09-09,1311,0,0,1,11,5,2020
SISKIYOU,DEVIL,2020-09-09,2020-11-07,8857,0,0,60,0,0,2020
SISKIYOU,FOX,2020-09-14,2020-09-30,2188,0,0,17,0,0,2020
RIVERSIDE,SNOW,2020-09-17,2020-09-24,6254,0,0,8,0,0,2020
SHASTA,ZOGG,2020-09-27,2020-10-14,56338,0,4,18,204,27,2020
NAPA,GLASS,2020-09-27,2020-10-20,67484,0,0,24,0,282,2020
RIVERSIDE,CANDY,2020-09-29,2020-09-30,454,0,0,2,0,0,2020
MONTEREY,COLEMAN,2020-10-18,2020-11-15,574,0,0,29,0,0,2020
ORANGE,SILVERADO,2020-10-26,2020-11-07,12466,0,0,13,5,11,2020
ORANGE,BLUE RIDGE,2020-10-26,2020-11-07,13694,0,0,13,1,12,2020
LASSEN,LAURA 2,2020-11-17,2020-11-23,2800,0,0,7,42,7,2020
MONO,MOUNTAIN VIEW,2020-11-17,2020-11-30,20385,0,1,14,97,0,2020
RIVERSIDE,AIRPORT,2020-12-01,2020-12-17,1087,0,0,17,0,0,2020
ORANGE,BOND,2020-12-02,2020-12-11,6686,0,0,10,31,21,2020
RIVERSIDE,SANDERSON,2020-12-13,2020-12-13,1954,0,0,1,0,0,2020
SAN DIEGO,CREEK 5,2020-12-23,2020-12-28,4276,0,0,6,0,0,2020
RIVERSIDE,BONITA,2021-01-15,2021-01-30,681,0,0,16,0,0,2021
KERN,WOLF,2021-01-19,2021-01-20,865,0,0,2,0,0,2021
TUOLUMNE,ABERNATHY,2021-01-19,2021-01-23,374,0,0,5,0,0,2021
SISKIYOU,REFUGE,2021-03-27,2021-03-28,873,0,0,2,0,0,2021
LOS ANGELES,NORTH,2021-04-28,2021-05-02,650,0,0,5,0,0,2021
KERN,OWENS,2021-05-01,2021-05-06,1512,0,0,6,0,0,2021
SAN DIEGO,SOUTHERN,2021-05-01,2021-05-07,5366,0,0,7,3,0,2021
BUTTE,GUNNISON,2021-05-08,2021-05-08,550,0,0,1,2,1,2021
LOS ANGELES,PINE,2021-05-12,2021-05-15,442,0,0,4,5,1,2021
LOS ANGELES,PALISADES,2021-05-14,2021-05-26,1202,0,0,13,0,0,2021
RIVERSIDE,DAVIS,2021-05-18,2021-05-18,300,0,0,1,0,0,2021
LOS ANGELES,WEEVILL,2021-05-20,2021-05-22,300,0,0,3,0,0,2021
STANISLAUS,MILE,2021-05-27,2021-05-28,508,0,0,2,0,0,2021
MONTEREY,SARGENTS,2021-05-30,2021-06-02,1118,0,0,4,0,0,2021
YUBA,INTANKO,2021-06-08,2021-06-16,939,0,0,9,2,0,2021
SAN DIEGO,SIERRA,2021-06-09,2021-06-11,1000,0,0,3,0,0,2021
RIVERSIDE,FLATS,2021-06-13,2021-06-20,341,0,0,8,3,1,2021
BUTTE,PARK,2021-06-17,2021-06-19,402,0,0,3,0,0,2021
SAN BERNARDINO,MOJAVE,2021-06-17,2021-06-25,2490,0,0,9,0,0,2021
MONTEREY,WILLOW,2021-06-17,2021-07-11,2877,0,0,25,0,0,2021
INYO,ALABAMA,2021-06-18,2021-06-23,560,0,0,6,0,0,2021
TULARE,NETTLE,2021-06-18,2021-07-01,1265,0,0,14,0,0,2021
SAN DIEGO,OVERLAND,2021-06-19,2021-06-23,515,0,0,5,0,0,2021
INYO,INYO CREEK,2021-06-19,2021-07-06,592,0,0,18,0,0,2021
SHASTA,COW,2021-06-20,2021-06-26,761,0,0,7,2,0,2021
SAN DIEGO,MESA,2021-06-23,2021-06-30,350,0,0,8,0,0,2021
SISKIYOU,LAVA,2021-06-24,2021-09-01,26409,0,0,70,23,2,2021
ALPINE,HENRY,2021-06-25,2021-08-27,1320,0,0,64,0,0,2021
KERN,SHELL,2021-06-27,2021-07-01,1984,0,0,5,0,0,2021
SISKIYOU,TENNANT,2021-06-28,2021-07-31,10580,0,0,34,9,1,2021
SHASTA,SALT,2021-06-30,2021-07-19,12660,0,0,20,43,4,2021
TUOLUMNE,LUKENS,2021-07-01,2021-08-15,867,0,0,46,0,0,2021
TULARE,MAIN,2021-07-03,2021-07-04,384,0,0,2,0,0,2021
PLUMAS,"BECKWOURTH
COMPLEX",2021-07-03,2021-10-01,105670,0,0,91,148,23,2021
LOS ANGELES,TUMBLEWEED,2021-07-04,2021-07-09,868,0,0,6,0,0,2021
ALPINE,TAMARACK,2021-07-04,2021-10-15,68637,0,0,104,15,2,2021
MODOC,JUNIPER,2021-07-05,2021-07-10,1011,0,0,6,0,0,2021
SISKIYOU,BRADLEY,2021-07-11,2021-07-17,357,0,0,7,0,0,2021
MARIPOSA,RIVER,2021-07-11,2021-07-21,9656,0,0,11,12,2,2021
MONO,DEXTER,2021-07-12,2021-07-28,2965,0,0,17,0,0,2021
PLUMAS,DIXIE,2021-07-13,2021-10-26,963309,0,0,106,0,94,2021
KERN,PEAK,2021-07-20,2021-08-03,2098,0,0,15,1,1,2021
SHASTA,MCFARLAND,2021-07-29,2021-09-09,122653,0,0,43,46,1,2021
TRINITY,MONUMENT,2021-07-30,2021-11-01,223124,0,0,95,28,2,2021
SISKIYOU,RIVER COMPLEX,2021-07-30,2021-11-01,199359,0,0,95,122,2,2021
LOS ANGELES,HUNGRY,2021-07-31,2021-08-02,364,0,0,3,0,0,2021
TUOLUMNE,TILTILL,2021-07-31,2021-10-22,2350,0,0,84,0,0,2021
SISKIYOU,MCCASH,2021-07-31,2021-10-31,94962,0,0,93,0,0,2021
SISKIYOU,ANTELOPE,2021-08-01,2021-10-13,145632,0,0,74,20,4,2021
PLACER,RIVER,2021-08-04,2021-09-22,2619,0,0,50,142,21,2021
EL DORADO,CALDOR,2021-08-14,2021-10-21,221835,0,0,69,0,81,2021
TULARE,WALKERS,2021-08-15,2021-10-02,8777,0,0,49,0,0,2021
KERN,FRENCH,2021-08-18,2021-10-20,26535,0,0,64,49,6,2021
SAN BERNARDINO,SOUTH,2021-08-25,2021-09-01,680,0,0,8,9,28,2021
CALAVERAS,AIROLA,2021-08-25,2021-09-02,639,0,0,9,0,0,2021
RIVERSIDE,CHAPARRAL,2021-08-28,2021-09-08,1427,0,0,12,3,2,2021
HUMBOLDT,KNOB,2021-08-29,2021-09-12,2421,0,0,15,0,0,2021
SAN BERNARDINO,POND,2021-08-30,2021-09-04,491,0,0,6,0,0,2021
PLACER,BRIDGE,2021-09-05,2021-09-16,411,0,0,12,0,0,2021
TULARE,WINDY,2021-09-09,2021-11-11,97528,0,0,64,21,0,2021
LOS ANGELES,ROUTE,2021-09-11,2021-09-17,464,0,0,7,0,0,2021
TULARE,"KNP
COMPLEX",2021-09-11,2021-12-17,88307,0,0,98,4,1,2021
SHASTA,FAWN,2021-09-22,2021-10-02,8578,0,0,11,185,26,2021
KINGS,KETTLE,2021-10-11,2021-10-12,447,0,0,2,0,0,2021
SANTA BARBARA,ALISAL,2021-10-11,2021-11-21,16970,0,0,42,12,1,2021
MONTEREY,COLORADO,2022-01-21,2022-02-02,687,0,0,13,1,1,2022
INYO,AIRPORT,2022-02-16,2022-02-26,4136,0,0,11,0,0,2022
MADERA,VALLEY,2022-04-13,2022-04-13,680,0,0,1,0,0,2022
MERCED,SANDY,2022-05-15,2022-05-15,457,0,0,1,0,1,2022
KERN,EDMONSTON,2022-05-19,2022-05-24,682,0,0,6,0,0,2022
NAPA,OLD,2022-05-31,2022-06-05,570,0,0,6,0,0,2022
KERN,PLANT,2022-06-11,2022-06-14,517,0,0,4,0,0,2022
SAN DIEGO,BORDER 13,2022-06-13,2022-06-17,577,0,0,5,0,0,2022
TEHAMA,RANCHO,2022-06-13,2022-06-18,593,0,0,6,7,2,2022
KERN,THUNDER,2022-06-22,2022-06-27,2500,0,0,6,0,0,2022
ALAMEDA,TESLA,2022-06-23,2022-06-23,552,0,0,1,0,0,2022
MERCED,ROMERO,2022-06-23,2022-06-24,349,0,0,2,0,0,2022
GLENN,BURROWS,2022-06-28,2022-07-03,317,0,0,6,0,0,2022
SAN LUIS OBISPO,CAMINO,2022-06-28,2022-07-03,387,0,0,6,0,0,2022
NEVADA,RICES,2022-06-28,2022-07-05,904,0,0,8,4,0,2022
BUTTE,NELSON,2022-06-30,2022-06-30,328,0,0,1,0,0,2022
AMADOR,ELECTRA,2022-07-04,2022-07-23,4470,0,0,20,0,0,2022
SHASTA,PETER,2022-07-14,2022-07-19,304,0,0,6,16,4,2022
MARIPOSA,AGUA,2022-07-18,2022-07-22,421,0,0,5,3,0,2022
MARIPOSA,OAK,2022-07-22,2022-09-02,19244,0,0,43,194,10,2022
SAN DIEGO,BORDER 32,2022-08-31,2022-09-05,4456,0,0,6,30,8,2022
LOS ANGELES,ROUTE,2022-08-31,2022-09-06,5208,0,0,7,2,0,2022
SISKIYOU,MILL,2022-09-02,2022-09-14,3939,0,2,13,118,26,2022
SISKIYOU,MOUNTAIN,2022-09-02,2022-10-30,13440,0,0,59,4,0,2022
RIVERSIDE,FAIRVIEW,2022-09-05,2022-09-22,28098,0,2,18,37,8,2022
PLACER,MOSQUITO,2022-09-06,2022-10-22,76788,0,0,47,78,14,2022
MADERA,FORK,2022-09-07,2022-09-14,819,0,0,8,43,1,2022
MODOC,BARNES,2022-09-07,2022-09-28,5843,0,0,22,2,0,2022
