County,Fire Name,Start,Contained,Acres,Deaths_FF,Deaths_Civil,Duration,Strux_Destr,Strux_Dmgd,Total Deaths,Year,Month,Duration_Per_Month
MODOC,BARNES,2022-09-07,2022-09-28,5843.0,0,0,22,2,0,0,2022,9,{'2022-09': 22}
LOS ANGELES,SANTA ANITA,2008-04-26,2008-05-02,584.0,0,0,5,0,0,0,2008,4,{'2008-04': 5}
LOS ANGELES,SANTA ANITA,2008-04-26,2008-05-02,584.0,0,0,2,0,0,0,2008,5,{'2008-05': 2}
RIVERSIDE,APACHE,2008-04-29,2008-05-04,769.0,0,0,2,0,0,0,2008,4,{'2008-04': 2}
RIVERSIDE,APACHE,2008-04-29,2008-05-04,769.0,0,0,4,0,0,0,2008,5,{'2008-05': 4}
SANTA CLARA,Summit,2008-05-22,2008-06-15,4270.0,0,0,10,0,0,0,2008,5,{'2008-05': 10}
SANTA CLARA,Summit,2008-05-22,2008-06-15,4270.0,0,0,15,0,0,0,2008,6,{'2008-06': 15}
TULARE,CLOVER,2008-05-28,2008-07-20,15300.0,0,0,4,0,0,0,2008,5,{'2008-05': 4}
TULARE,CLOVER,2008-05-28,2008-07-20,15300.0,0,0,30,0,0,0,2008,6,{'2008-06': 30}
TULARE,CLOVER,2008-05-28,2008-07-20,15300.0,0,0,20,0,0,0,2008,7,{'2008-07': 20}
MONTEREY,INDIANS,2008-06-08,2008-07-10,81378.0,0,0,23,0,0,0,2008,6,{'2008-06': 23}
MONTEREY,INDIANS,2008-06-08,2008-07-10,81378.0,0,0,10,0,0,0,2008,7,{'2008-07': 10}
SONOMA,Pine,2008-06-10,2008-10-14,989.0,0,0,21,0,0,0,2008,6,{'2008-06': 21}
SONOMA,Pine,2008-06-10,2008-10-14,989.0,0,0,31,0,0,0,2008,7,{'2008-07': 31}
SONOMA,Pine,2008-06-10,2008-10-14,989.0,0,0,31,0,0,0,2008,8,{'2008-08': 31}
SONOMA,Pine,2008-06-10,2008-10-14,989.0,0,0,30,0,0,0,2008,9,{'2008-09': 30}
SONOMA,Pine,2008-06-10,2008-10-14,989.0,0,0,14,0,0,0,2008,10,{'2008-10': 14}
HUMBOLDT,MAD COMPLEX,2008-06-20,2008-07-21,3705.0,0,0,11,0,0,0,2008,6,{'2008-06': 11}
HUMBOLDT,MAD COMPLEX,2008-06-20,2008-07-21,3705.0,0,0,21,0,0,0,2008,7,{'2008-07': 21}
HUMBOLDT,HELLS HALF COMPLEX,2008-06-20,2008-07-28,15146.0,0,0,11,0,0,0,2008,6,{'2008-06': 11}
HUMBOLDT,HELLS HALF COMPLEX,2008-06-20,2008-07-28,15146.0,0,0,28,0,0,0,2008,7,{'2008-07': 28}
TRINITY,LIME COMPLEX,2008-06-20,2008-08-15,98715.0,0,0,11,0,0,0,2008,6,{'2008-06': 11}
TRINITY,LIME COMPLEX,2008-06-20,2008-08-15,98715.0,0,0,31,0,0,0,2008,7,{'2008-07': 31}
TRINITY,LIME COMPLEX,2008-06-20,2008-08-15,98715.0,0,0,15,0,0,0,2008,8,{'2008-08': 15}
HUMBOLDT,UKONOM-SOUTH COMPLEX,2008-06-20,2008-09-15,29327.0,0,0,11,0,0,0,2008,6,{'2008-06': 11}
HUMBOLDT,UKONOM-SOUTH COMPLEX,2008-06-20,2008-09-15,29327.0,0,0,31,0,0,0,2008,7,{'2008-07': 31}
HUMBOLDT,UKONOM-SOUTH COMPLEX,2008-06-20,2008-09-15,29327.0,0,0,31,0,0,0,2008,8,{'2008-08': 31}
HUMBOLDT,UKONOM-SOUTH COMPLEX,2008-06-20,2008-09-15,29327.0,0,0,15,0,0,0,2008,9,{'2008-09': 15}
SHASTA,Coleman Fish Hatchery,2008-06-21,2008-07-02,388.0,0,0,10,0,0,0,2008,6,{'2008-06': 10}
SHASTA,Coleman Fish Hatchery,2008-06-21,2008-07-02,388.0,0,0,2,0,0,0,2008,7,{'2008-07': 2}
SHASTA,Donkey Mine Rd/Oak RU,2008-06-21,2008-07-02,557.0,0,0,10,0,0,0,2008,6,{'2008-06': 10}
SHASTA,Donkey Mine Rd/Oak RU,2008-06-21,2008-07-02,557.0,0,0,2,0,0,0,2008,7,{'2008-07': 2}
SHASTA,PETERSON COMPLEX,2008-06-21,2008-07-02,7842.0,0,0,10,0,0,0,2008,6,{'2008-06': 10}
SHASTA,PETERSON COMPLEX,2008-06-21,2008-07-02,7842.0,0,0,2,0,0,0,2008,7,{'2008-07': 2}
MARIPOSA,SILVER KNOB,2008-06-21,2008-07-02,1161.0,0,0,10,0,0,0,2008,6,{'2008-06': 10}
MARIPOSA,SILVER KNOB,2008-06-21,2008-07-02,1161.0,0,0,2,0,0,0,2008,7,{'2008-07': 2}
TUOLUMNE,NORTH MOUNTAIN,2008-06-21,2008-07-03,2889.0,0,0,10,0,0,0,2008,6,{'2008-06': 10}
TUOLUMNE,NORTH MOUNTAIN,2008-06-21,2008-07-03,2889.0,0,0,3,0,0,0,2008,7,{'2008-07': 3}
SHASTA,Plantina 4,2008-06-21,2008-07-04,12980.0,0,0,10,0,0,0,2008,6,{'2008-06': 10}
SHASTA,Plantina 4,2008-06-21,2008-07-04,12980.0,0,0,4,0,0,0,2008,7,{'2008-07': 4}
SHASTA,EO2A,2008-06-21,2008-07-06,1200.0,0,0,10,0,0,0,2008,6,{'2008-06': 10}
SHASTA,EO2A,2008-06-21,2008-07-06,1200.0,0,0,6,0,0,0,2008,7,{'2008-07': 6}
SHASTA,Stein,2008-06-21,2008-07-07,1148.0,0,0,10,0,0,0,2008,6,{'2008-06': 10}
SHASTA,Stein,2008-06-21,2008-07-07,1148.0,0,0,7,0,0,0,2008,7,{'2008-07': 7}
BUTTE,Breakneck,2008-06-21,2008-07-09,715.0,0,0,10,0,0,0,2008,6,{'2008-06': 10}
BUTTE,Breakneck,2008-06-21,2008-07-09,715.0,0,0,9,0,0,0,2008,7,{'2008-07': 9}
MENDOCINO,Brushy 3 Lightning,2008-06-21,2008-07-13,327.0,0,0,10,0,0,0,2008,6,{'2008-06': 10}
MENDOCINO,Brushy 3 Lightning,2008-06-21,2008-07-13,327.0,0,0,13,0,0,0,2008,7,{'2008-07': 13}
MENDOCINO,Oso Lightning,2008-06-21,2008-07-13,373.0,0,0,10,0,0,0,2008,6,{'2008-06': 10}
MENDOCINO,Oso Lightning,2008-06-21,2008-07-13,373.0,0,0,13,0,0,0,2008,7,{'2008-07': 13}
MENDOCINO,Jack Smith Lightning,2008-06-21,2008-07-13,3000.0,0,0,10,0,0,0,2008,6,{'2008-06': 10}
MENDOCINO,Jack Smith Lightning,2008-06-21,2008-07-13,3000.0,0,0,13,0,0,0,2008,7,{'2008-07': 13}
MENDOCINO,Daugherty Gate,2008-06-21,2008-07-13,3000.0,0,0,10,0,0,0,2008,6,{'2008-06': 10}
MENDOCINO,Daugherty Gate,2008-06-21,2008-07-13,3000.0,0,0,13,0,0,0,2008,7,{'2008-07': 13}
MENDOCINO,Squaw 1 Lightning 2,2008-06-21,2008-07-13,3000.0,0,0,10,0,0,0,2008,6,{'2008-06': 10}
MENDOCINO,Squaw 1 Lightning 2,2008-06-21,2008-07-13,3000.0,0,0,13,0,0,0,2008,7,{'2008-07': 13}
SHASTA,Whitmore Rd/Old Cow C2,2008-06-21,2008-07-15,2054.0,0,0,10,0,0,0,2008,6,{'2008-06': 10}
SHASTA,Whitmore Rd/Old Cow C2,2008-06-21,2008-07-15,2054.0,0,0,15,0,0,0,2008,7,{'2008-07': 15}
YUBA,YUBA RIVER COMPLEX,2008-06-21,2008-07-15,4254.0,0,0,10,0,0,0,2008,6,{'2008-06': 10}
YUBA,YUBA RIVER COMPLEX,2008-06-21,2008-07-15,4254.0,0,0,15,0,0,0,2008,7,{'2008-07': 15}
MENDOCINO,Mallo-B Lightning,2008-06-21,2008-07-17,4466.0,0,0,10,0,0,0,2008,6,{'2008-06': 10}
MENDOCINO,Mallo-B Lightning,2008-06-21,2008-07-17,4466.0,0,0,17,0,0,0,2008,7,{'2008-07': 17}
SHASTA,WHISKEYTOWN COMPLEX,2008-06-21,2008-07-19,6420.0,0,0,10,0,0,0,2008,6,{'2008-06': 10}
SHASTA,WHISKEYTOWN COMPLEX,2008-06-21,2008-07-19,6420.0,0,0,19,0,0,0,2008,7,{'2008-07': 19}
LASSEN,CUB COMPLEX,2008-06-21,2008-07-20,19718.0,0,0,10,0,0,0,2008,6,{'2008-06': 10}
LASSEN,CUB COMPLEX,2008-06-21,2008-07-20,19718.0,0,0,20,0,0,0,2008,7,{'2008-07': 20}
SHASTA,Lewiston 8,2008-06-21,2008-07-23,1311.0,0,0,10,0,0,0,2008,6,{'2008-06': 10}
SHASTA,Lewiston 8,2008-06-21,2008-07-23,1311.0,0,0,23,0,0,0,2008,7,{'2008-07': 23}
SHASTA,STA 57 ONO CDF IGO 2,2008-06-21,2008-07-24,4000.0,0,0,10,0,0,0,2008,6,{'2008-06': 10}
SHASTA,STA 57 ONO CDF IGO 2,2008-06-21,2008-07-24,4000.0,0,0,24,0,0,0,2008,7,{'2008-07': 24}
SHASTA,IGO 6,2008-06-21,2008-07-24,4200.0,0,0,10,0,0,0,2008,6,{'2008-06': 10}
SHASTA,IGO 6,2008-06-21,2008-07-24,4200.0,0,0,24,0,0,0,2008,7,{'2008-07': 24}
SHASTA,IGO 13,2008-06-21,2008-07-24,600.0,0,0,10,0,0,0,2008,6,{'2008-06': 10}
SHASTA,IGO 13,2008-06-21,2008-07-24,600.0,0,0,24,0,0,0,2008,7,{'2008-07': 24}
SHASTA,IGO 15,2008-06-21,2008-07-24,1200.0,0,0,10,0,0,0,2008,6,{'2008-06': 10}
SHASTA,IGO 15,2008-06-21,2008-07-24,1200.0,0,0,24,0,0,0,2008,7,{'2008-07': 24}
SHASTA,IGO 16,2008-06-21,2008-07-24,4800.0,0,0,10,0,0,0,2008,6,{'2008-06': 10}
SHASTA,IGO 16,2008-06-21,2008-07-24,4800.0,0,0,24,0,0,0,2008,7,{'2008-07': 24}
SHASTA,IGO 17,2008-06-21,2008-07-24,2400.0,0,0,10,0,0,0,2008,6,{'2008-06': 10}
SHASTA,IGO 17,2008-06-21,2008-07-24,2400.0,0,0,24,0,0,0,2008,7,{'2008-07': 24}
SHASTA,IGO 18,2008-06-21,2008-07-24,4200.0,0,0,10,0,0,0,2008,6,{'2008-06': 10}
SHASTA,IGO 18,2008-06-21,2008-07-24,4200.0,0,0,24,0,0,0,2008,7,{'2008-07': 24}
LAKE,SODA COMPLEX,2008-06-21,2008-07-26,8632.0,0,0,10,0,0,0,2008,6,{'2008-06': 10}
LAKE,SODA COMPLEX,2008-06-21,2008-07-26,8632.0,0,0,26,0,0,0,2008,7,{'2008-07': 26}
MONTEREY,BASIN COMPLEX,2008-06-21,2008-07-27,162818.0,0,0,10,0,0,0,2008,6,{'2008-06': 10}
MONTEREY,BASIN COMPLEX,2008-06-21,2008-07-27,162818.0,0,0,27,0,0,0,2008,7,{'2008-07': 27}
BUTTE,Frey,2008-06-21,2008-07-28,4000.0,0,0,10,0,0,0,2008,6,{'2008-06': 10}
BUTTE,Frey,2008-06-21,2008-07-28,4000.0,0,0,28,0,0,0,2008,7,{'2008-07': 28}
PLACER,"AMERICAN RIVER
COMPLEX",2008-06-21,2008-07-30,20541.0,0,0,10,0,0,0,2008,6,{'2008-06': 10}
PLACER,"AMERICAN RIVER
COMPLEX",2008-06-21,2008-07-30,20541.0,0,0,30,0,0,0,2008,7,{'2008-07': 30}
MENDOCINO,Red Mtn 1 Lightning,2008-06-21,2008-08-01,7515.0,0,0,10,0,0,0,2008,6,{'2008-06': 10}
MENDOCINO,Red Mtn 1 Lightning,2008-06-21,2008-08-01,7515.0,0,0,31,0,0,0,2008,7,{'2008-07': 31}
MENDOCINO,Red Mtn 1 Lightning,2008-06-21,2008-08-01,7515.0,0,0,1,0,0,0,2008,8,{'2008-08': 1}
HUMBOLDT,Paradise,2008-06-21,2008-08-01,1076.0,0,0,10,0,0,0,2008,6,{'2008-06': 10}
HUMBOLDT,Paradise,2008-06-21,2008-08-01,1076.0,0,0,31,0,0,0,2008,7,{'2008-07': 31}
HUMBOLDT,Paradise,2008-06-21,2008-08-01,1076.0,0,0,1,0,0,0,2008,8,{'2008-08': 1}
SHASTA,Moon,2008-06-21,2008-08-09,6030.0,0,0,10,0,0,0,2008,6,{'2008-06': 10}
SHASTA,Moon,2008-06-21,2008-08-09,6030.0,0,0,31,0,0,0,2008,7,{'2008-07': 31}
SHASTA,Moon,2008-06-21,2008-08-09,6030.0,0,0,9,0,0,0,2008,8,{'2008-08': 9}
SHASTA,Lakehead,2008-06-21,2008-08-23,27936.0,0,0,10,0,0,0,2008,6,{'2008-06': 10}
SHASTA,Lakehead,2008-06-21,2008-08-23,27936.0,0,0,31,0,0,0,2008,7,{'2008-07': 31}
SHASTA,Lakehead,2008-06-21,2008-08-23,27936.0,0,0,23,0,0,0,2008,8,{'2008-08': 23}
TRINITY,"IRON COMPLEX & ALPS
COMPLEX",2008-06-21,2008-09-09,105805.0,9,0,10,0,0,9,2008,6,{'2008-06': 10}
TRINITY,"IRON COMPLEX & ALPS
COMPLEX",2008-06-21,2008-09-09,105805.0,9,0,31,0,0,9,2008,7,{'2008-07': 31}
TRINITY,"IRON COMPLEX & ALPS
COMPLEX",2008-06-21,2008-09-09,105805.0,9,0,31,0,0,9,2008,8,{'2008-08': 31}
TRINITY,"IRON COMPLEX & ALPS
COMPLEX",2008-06-21,2008-09-09,105805.0,9,0,9,0,0,9,2008,9,{'2008-09': 9}
PLUMAS,CANYON COMPLEX,2008-06-21,2008-09-30,47680.0,0,0,10,0,0,0,2008,6,{'2008-06': 10}
PLUMAS,CANYON COMPLEX,2008-06-21,2008-09-30,47680.0,0,0,31,0,0,0,2008,7,{'2008-07': 31}
PLUMAS,CANYON COMPLEX,2008-06-21,2008-09-30,47680.0,0,0,31,0,0,0,2008,8,{'2008-08': 31}
PLUMAS,CANYON COMPLEX,2008-06-21,2008-09-30,47680.0,0,0,30,0,0,0,2008,9,{'2008-09': 30}
SHASTA,Venture,2008-06-22,2008-07-04,1912.0,0,0,9,0,0,0,2008,6,{'2008-06': 9}
SHASTA,Venture,2008-06-22,2008-07-04,1912.0,0,0,4,0,0,0,2008,7,{'2008-07': 4}
LASSEN,Popcorn,2008-06-22,2008-07-08,3000.0,0,0,9,0,0,0,2008,6,{'2008-06': 9}
LASSEN,Popcorn,2008-06-22,2008-07-08,3000.0,0,0,8,0,0,0,2008,7,{'2008-07': 8}
MENDOCINO,Orr Incident,2008-06-22,2008-07-10,3000.0,0,0,9,0,0,0,2008,6,{'2008-06': 9}
MENDOCINO,Orr Incident,2008-06-22,2008-07-10,3000.0,0,0,10,0,0,0,2008,7,{'2008-07': 10}
MENDOCINO,Cliff Ridge B Lightning,2008-06-22,2008-07-12,999.0,0,0,9,0,0,0,2008,6,{'2008-06': 9}
MENDOCINO,Cliff Ridge B Lightning,2008-06-22,2008-07-12,999.0,0,0,12,0,0,0,2008,7,{'2008-07': 12}
MENDOCINO,Shamrock East Lightning,2008-06-22,2008-07-12,469.0,0,0,9,0,0,0,2008,6,{'2008-06': 9}
MENDOCINO,Shamrock East Lightning,2008-06-22,2008-07-12,469.0,0,0,12,0,0,0,2008,7,{'2008-07': 12}
MENDOCINO,5-8 Cliff Lightning,2008-06-22,2008-07-13,1000.0,0,0,9,0,0,0,2008,6,{'2008-06': 9}
MENDOCINO,5-8 Cliff Lightning,2008-06-22,2008-07-13,1000.0,0,0,13,0,0,0,2008,7,{'2008-07': 13}
SISKIYOU,"BEAR WALLOW COMPLEX
(KLAMATH THEATER)",2008-06-22,2008-09-30,192038.0,2,0,9,0,0,2,2008,6,{'2008-06': 9}
SISKIYOU,"BEAR WALLOW COMPLEX
(KLAMATH THEATER)",2008-06-22,2008-09-30,192038.0,2,0,31,0,0,2,2008,7,{'2008-07': 31}
SISKIYOU,"BEAR WALLOW COMPLEX
(KLAMATH THEATER)",2008-06-22,2008-09-30,192038.0,2,0,31,0,0,2,2008,8,{'2008-08': 31}
SISKIYOU,"BEAR WALLOW COMPLEX
(KLAMATH THEATER)",2008-06-22,2008-09-30,192038.0,2,0,30,0,0,2,2008,9,{'2008-09': 30}
MADERA,Oliver / MRP 588,2008-06-23,2008-07-06,2789.0,0,0,8,0,0,0,2008,6,{'2008-06': 8}
MADERA,Oliver / MRP 588,2008-06-23,2008-07-06,2789.0,0,0,6,0,0,0,2008,7,{'2008-07': 6}
LASSEN,Corral,2008-06-23,2008-07-07,12500.0,0,0,8,0,0,0,2008,6,{'2008-06': 8}
LASSEN,Corral,2008-06-23,2008-07-07,12500.0,0,0,7,0,0,0,2008,7,{'2008-07': 7}
TEHAMA,Mill Creek,2008-06-24,2008-07-01,13580.0,0,0,7,0,0,0,2008,6,{'2008-06': 7}
TEHAMA,Mill Creek,2008-06-24,2008-07-01,13580.0,0,0,1,0,0,0,2008,7,{'2008-07': 1}
MENDOCINO,Juan Creek Lightning,2008-06-27,2008-07-15,450.0,0,0,4,0,0,0,2008,6,{'2008-06': 4}
MENDOCINO,Juan Creek Lightning,2008-06-27,2008-07-15,450.0,0,0,15,0,0,0,2008,7,{'2008-07': 15}
KERN,PIUTE,2008-06-28,2008-07-25,37026.0,0,0,3,0,0,0,2008,6,{'2008-06': 3}
KERN,PIUTE,2008-06-28,2008-07-25,37026.0,0,0,25,0,0,0,2008,7,{'2008-07': 25}
FRESNO,TEHIPITE,2008-07-19,2008-11-11,11596.0,0,0,13,0,0,0,2008,7,{'2008-07': 13}
FRESNO,TEHIPITE,2008-07-19,2008-11-11,11596.0,0,0,31,0,0,0,2008,8,{'2008-08': 31}
FRESNO,TEHIPITE,2008-07-19,2008-11-11,11596.0,0,0,30,0,0,0,2008,9,{'2008-09': 30}
FRESNO,TEHIPITE,2008-07-19,2008-11-11,11596.0,0,0,31,0,0,0,2008,10,{'2008-10': 31}
FRESNO,TEHIPITE,2008-07-19,2008-11-11,11596.0,0,0,11,0,0,0,2008,11,{'2008-11': 11}
MADERA,Telegraph,2008-07-25,2008-09-15,34091.0,0,0,7,0,0,0,2008,7,{'2008-07': 7}
MADERA,Telegraph,2008-07-25,2008-09-15,34091.0,0,0,31,0,0,0,2008,8,{'2008-08': 31}
MADERA,Telegraph,2008-07-25,2008-09-15,34091.0,0,0,15,0,0,0,2008,9,{'2008-09': 15}
PLUMAS,RICH,2008-07-29,2008-08-10,6112.0,0,0,3,0,0,0,2008,7,{'2008-07': 3}
PLUMAS,RICH,2008-07-29,2008-08-10,6112.0,0,0,10,0,0,0,2008,8,{'2008-08': 10}
MONTEREY,CHALK,2008-09-25,2008-10-29,16269.0,0,0,6,0,0,0,2008,9,{'2008-09': 6}
MONTEREY,CHALK,2008-09-25,2008-10-29,16269.0,0,0,29,0,0,0,2008,10,{'2008-10': 29}
TUOLUMNE,DOME ROCK,2008-09-30,2008-11-15,919.0,0,0,1,0,0,0,2008,9,{'2008-09': 1}
TUOLUMNE,DOME ROCK,2008-09-30,2008-11-15,919.0,0,0,31,0,0,0,2008,10,{'2008-10': 31}
TUOLUMNE,DOME ROCK,2008-09-30,2008-11-15,919.0,0,0,15,0,0,0,2008,11,{'2008-11': 15}
RIVERSIDE,LOST HORSE,2009-05-24,2009-06-02,450.0,0,0,8,0,0,0,2009,5,{'2009-05': 8}
RIVERSIDE,LOST HORSE,2009-05-24,2009-06-02,450.0,0,0,2,0,0,0,2009,6,{'2009-06': 2}
MARIPOSA,GROUSE,2009-05-30,2009-08-12,3007.0,0,0,2,0,0,0,2009,5,{'2009-05': 2}
MARIPOSA,GROUSE,2009-05-30,2009-08-12,3007.0,0,0,30,0,0,0,2009,6,{'2009-06': 30}
MARIPOSA,GROUSE,2009-05-30,2009-08-12,3007.0,0,0,31,0,0,0,2009,7,{'2009-07': 31}
MARIPOSA,GROUSE,2009-05-30,2009-08-12,3007.0,0,0,12,0,0,0,2009,8,{'2009-08': 12}
TUOLUMNE,HARDEN,2009-06-08,2009-08-09,1654.0,0,0,23,0,0,0,2009,6,{'2009-06': 23}
TUOLUMNE,HARDEN,2009-06-08,2009-08-09,1654.0,0,0,31,0,0,0,2009,7,{'2009-07': 31}
TUOLUMNE,HARDEN,2009-06-08,2009-08-09,1654.0,0,0,9,0,0,0,2009,8,{'2009-08': 9}
TULARE,SHOTGUN,2009-06-17,2009-07-11,900.0,0,0,14,0,0,0,2009,6,{'2009-06': 14}
TULARE,SHOTGUN,2009-06-17,2009-07-11,900.0,0,0,11,0,0,0,2009,7,{'2009-07': 11}
YOLO,Rumsey,2009-06-29,2009-07-02,716.0,0,0,2,0,0,0,2009,6,{'2009-06': 2}
YOLO,Rumsey,2009-06-29,2009-07-02,716.0,0,0,2,0,0,0,2009,7,{'2009-07': 2}
TULARE,LION,2009-06-30,2009-08-21,2577.0,0,0,1,0,0,0,2009,6,{'2009-06': 1}
TULARE,LION,2009-06-30,2009-08-21,2577.0,0,0,31,0,0,0,2009,7,{'2009-07': 31}
TULARE,LION,2009-06-30,2009-08-21,2577.0,0,0,21,0,0,0,2009,8,{'2009-08': 21}
TULARE,GRANITE,2009-06-30,2009-08-21,1417.0,0,0,1,0,0,0,2009,6,{'2009-06': 1}
TULARE,GRANITE,2009-06-30,2009-08-21,1417.0,0,0,31,0,0,0,2009,7,{'2009-07': 31}
TULARE,GRANITE,2009-06-30,2009-08-21,1417.0,0,0,21,0,0,0,2009,8,{'2009-08': 21}
TUOLUMNE,KNIGHT,2009-07-26,2009-08-11,6130.0,0,0,6,0,0,0,2009,7,{'2009-07': 6}
TUOLUMNE,KNIGHT,2009-07-26,2009-08-11,6130.0,0,0,11,0,0,0,2009,8,{'2009-08': 11}
TUOLUMNE,WILDCAT,2009-07-29,2009-08-31,1255.0,0,0,3,0,0,0,2009,7,{'2009-07': 3}
TUOLUMNE,WILDCAT,2009-07-29,2009-08-31,1255.0,0,0,31,0,0,0,2009,8,{'2009-08': 31}
SHASTA,FAIRFIELD,2009-08-03,2009-09-30,1664.0,0,0,29,0,0,0,2009,8,{'2009-08': 29}
SHASTA,FAIRFIELD,2009-08-03,2009-09-30,1664.0,0,0,30,0,0,0,2009,9,{'2009-09': 30}
SISKIYOU,RED ROCK,2009-08-21,2009-09-05,1364.0,0,0,11,0,0,0,2009,8,{'2009-08': 11}
SISKIYOU,RED ROCK,2009-08-21,2009-09-05,1364.0,0,0,5,0,0,0,2009,9,{'2009-09': 5}
LOS ANGELES,MORRIS,2009-08-25,2009-09-03,2163.0,0,0,7,0,0,0,2009,8,{'2009-08': 7}
LOS ANGELES,MORRIS,2009-08-25,2009-09-03,2163.0,0,0,3,0,0,0,2009,9,{'2009-09': 3}
MARIPOSA,BIG MEADOWS,2009-08-26,2009-09-07,7425.0,0,0,6,0,0,0,2009,8,{'2009-08': 6}
MARIPOSA,BIG MEADOWS,2009-08-26,2009-09-07,7425.0,0,0,7,0,0,0,2009,9,{'2009-09': 7}
LOS ANGELES,STATION,2009-08-26,2009-10-16,160577.0,2,0,6,0,0,2,2009,8,{'2009-08': 6}
LOS ANGELES,STATION,2009-08-26,2009-10-16,160577.0,2,0,30,0,0,2,2009,9,{'2009-09': 30}
LOS ANGELES,STATION,2009-08-26,2009-10-16,160577.0,2,0,16,0,0,2,2009,10,{'2009-10': 16}
MONTEREY,Gloria,2009-08-27,2009-09-01,6437.0,0,0,5,0,0,0,2009,8,{'2009-08': 5}
MONTEREY,Gloria,2009-08-27,2009-09-01,6437.0,0,0,1,0,0,0,2009,9,{'2009-09': 1}
PLACER,Forty Nine,2009-08-30,2009-09-01,311.0,0,0,2,0,0,0,2009,8,{'2009-08': 2}
PLACER,Forty Nine,2009-08-30,2009-09-01,311.0,0,0,1,0,0,0,2009,9,{'2009-09': 1}
SAN BERNARDINO,Oak Glen III,2009-08-30,2009-09-08,1159.0,0,0,2,0,0,0,2009,8,{'2009-08': 2}
SAN BERNARDINO,Oak Glen III,2009-08-30,2009-09-08,1159.0,0,0,8,0,0,0,2009,9,{'2009-09': 8}
SAN BERNARDINO,PENDLETON,2009-08-31,2009-09-04,860.0,0,0,1,0,0,0,2009,8,{'2009-08': 1}
SAN BERNARDINO,PENDLETON,2009-08-31,2009-09-04,860.0,0,0,4,0,0,0,2009,9,{'2009-09': 4}
VENTURA,GUIBERSON,2009-09-22,2009-10-01,17500.0,0,0,9,0,0,0,2009,9,{'2009-09': 9}
VENTURA,GUIBERSON,2009-09-22,2009-10-01,17500.0,0,0,1,0,0,0,2009,10,{'2009-10': 1}
FRESNO,SHEEP,2010-07-16,2010-10-25,9020.0,0,0,16,0,0,0,2010,7,{'2010-07': 16}
FRESNO,SHEEP,2010-07-16,2010-10-25,9020.0,0,0,31,0,0,0,2010,8,{'2010-08': 31}
FRESNO,SHEEP,2010-07-16,2010-10-25,9020.0,0,0,30,0,0,0,2010,9,{'2010-09': 30}
FRESNO,SHEEP,2010-07-16,2010-10-25,9020.0,0,0,25,0,0,0,2010,10,{'2010-10': 25}
TUOLUMNE,SLOPE,2010-07-25,2010-08-23,1711.0,0,0,7,0,0,0,2010,7,{'2010-07': 7}
TUOLUMNE,SLOPE,2010-07-25,2010-08-23,1711.0,0,0,23,0,0,0,2010,8,{'2010-08': 23}
KERN,BULL,2010-07-26,2010-08-10,16442.0,0,0,6,14,0,0,2010,7,{'2010-07': 6}
KERN,BULL,2010-07-26,2010-08-10,16442.0,0,0,10,14,0,0,2010,8,{'2010-08': 10}
KERN,WEST,2010-07-27,2010-08-06,1658.0,0,0,5,50,13,0,2010,7,{'2010-07': 5}
KERN,WEST,2010-07-27,2010-08-06,1658.0,0,0,6,50,13,0,2010,8,{'2010-08': 6}
LASSEN,MCDONALD,2010-07-27,2010-08-10,9408.0,0,0,5,0,0,0,2010,7,{'2010-07': 5}
LASSEN,MCDONALD,2010-07-27,2010-08-10,9408.0,0,0,10,0,0,0,2010,8,{'2010-08': 10}
LOS ANGELES,CROWN,2010-07-29,2010-08-03,14000.0,0,0,3,10,6,0,2010,7,{'2010-07': 3}
LOS ANGELES,CROWN,2010-07-29,2010-08-03,14000.0,0,0,3,10,6,0,2010,8,{'2010-08': 3}
SISKIYOU,DUTCH,2010-07-31,2010-08-04,371.0,0,0,1,0,0,0,2010,7,{'2010-07': 1}
SISKIYOU,DUTCH,2010-07-31,2010-08-04,371.0,0,0,4,0,0,0,2010,8,{'2010-08': 4}
PLUMAS,BAR,2010-07-31,2010-08-10,1040.0,0,0,1,0,0,0,2010,7,{'2010-07': 1}
PLUMAS,BAR,2010-07-31,2010-08-10,1040.0,0,0,10,0,0,0,2010,8,{'2010-08': 10}
MADERA,BUCKHORN,2010-08-07,2010-10-30,466.0,0,0,25,0,0,0,2010,8,{'2010-08': 25}
MADERA,BUCKHORN,2010-08-07,2010-10-30,466.0,0,0,30,0,0,0,2010,9,{'2010-09': 30}
MADERA,BUCKHORN,2010-08-07,2010-10-30,466.0,0,0,30,0,0,0,2010,10,{'2010-10': 30}
TUOLUMNE,VERNON,2010-08-08,2010-10-31,909.0,0,0,24,0,0,0,2010,8,{'2010-08': 24}
TUOLUMNE,VERNON,2010-08-08,2010-10-31,909.0,0,0,30,0,0,0,2010,9,{'2010-09': 30}
TUOLUMNE,VERNON,2010-08-08,2010-10-31,909.0,0,0,31,0,0,0,2010,10,{'2010-10': 31}
TUOLUMNE,PINECREST,2010-08-09,2010-10-15,799.0,0,0,23,0,0,0,2010,8,{'2010-08': 23}
TUOLUMNE,PINECREST,2010-08-09,2010-10-15,799.0,0,0,30,0,0,0,2010,9,{'2010-09': 30}
TUOLUMNE,PINECREST,2010-08-09,2010-10-15,799.0,0,0,15,0,0,0,2010,10,{'2010-10': 15}
NEVADA,BULLARDS,2010-08-27,2010-09-13,1500.0,0,0,5,0,0,0,2010,8,{'2010-08': 5}
NEVADA,BULLARDS,2010-08-27,2010-09-13,1500.0,0,0,13,0,0,0,2010,9,{'2010-09': 13}
KERN,COVE,2011-05-27,2011-06-02,1122.0,0,0,5,0,0,0,2011,5,{'2011-05': 5}
KERN,COVE,2011-05-27,2011-06-02,1122.0,0,0,2,0,0,0,2011,6,{'2011-06': 2}
TULARE,STAGE,2011-06-27,2011-07-02,1213.0,0,0,4,0,0,0,2011,6,{'2011-06': 4}
TULARE,STAGE,2011-06-27,2011-07-02,1213.0,0,0,2,0,0,0,2011,7,{'2011-07': 2}
TULARE,LION,2011-07-08,2011-11-08,20500.0,0,0,24,0,0,0,2011,7,{'2011-07': 24}
TULARE,LION,2011-07-08,2011-11-08,20500.0,0,0,31,0,0,0,2011,8,{'2011-08': 31}
TULARE,LION,2011-07-08,2011-11-08,20500.0,0,0,30,0,0,0,2011,9,{'2011-09': 30}
TULARE,LION,2011-07-08,2011-11-08,20500.0,0,0,31,0,0,0,2011,10,{'2011-10': 31}
TULARE,LION,2011-07-08,2011-11-08,20500.0,0,0,8,0,0,0,2011,11,{'2011-11': 8}
MODOC,MAMMOTH,2011-07-15,2011-09-05,1194.0,0,0,17,0,0,0,2011,7,{'2011-07': 17}
MODOC,MAMMOTH,2011-07-15,2011-09-05,1194.0,0,0,31,0,0,0,2011,8,{'2011-08': 31}
MODOC,MAMMOTH,2011-07-15,2011-09-05,1194.0,0,0,5,0,0,0,2011,9,{'2011-09': 5}
MODOC,"SCORPION
COMPLEX",2011-07-15,2011-09-05,1418.0,0,0,17,0,0,0,2011,7,{'2011-07': 17}
MODOC,"SCORPION
COMPLEX",2011-07-15,2011-09-05,1418.0,0,0,31,0,0,0,2011,8,{'2011-08': 31}
MODOC,"SCORPION
COMPLEX",2011-07-15,2011-09-05,1418.0,0,0,5,0,0,0,2011,9,{'2011-09': 5}
MARIPOSA,AVALANCHE,2011-07-31,2011-10-01,1069.0,0,0,1,0,0,0,2011,7,{'2011-07': 1}
MARIPOSA,AVALANCHE,2011-07-31,2011-10-01,1069.0,0,0,31,0,0,0,2011,8,{'2011-08': 31}
MARIPOSA,AVALANCHE,2011-07-31,2011-10-01,1069.0,0,0,30,0,0,0,2011,9,{'2011-09': 30}
MARIPOSA,AVALANCHE,2011-07-31,2011-10-01,1069.0,0,0,1,0,0,0,2011,10,{'2011-10': 1}
MODOC,ANNIE,2011-08-18,2011-09-16,2076.0,0,0,14,0,0,0,2011,8,{'2011-08': 14}
MODOC,ANNIE,2011-08-18,2011-09-16,2076.0,0,0,16,0,0,0,2011,9,{'2011-09': 16}
SISKIYOU,ONION,2011-08-19,2011-10-11,560.0,0,0,13,0,0,0,2011,8,{'2011-08': 13}
SISKIYOU,ONION,2011-08-19,2011-10-11,560.0,0,0,30,0,0,0,2011,9,{'2011-09': 30}
SISKIYOU,ONION,2011-08-19,2011-10-11,560.0,0,0,11,0,0,0,2011,10,{'2011-10': 11}
MARIPOSA,MOTOR,2011-08-25,2011-10-01,5230.0,0,0,7,0,0,0,2011,8,{'2011-08': 7}
MARIPOSA,MOTOR,2011-08-25,2011-10-01,5230.0,0,0,30,0,0,0,2011,9,{'2011-09': 30}
MARIPOSA,MOTOR,2011-08-25,2011-10-01,5230.0,0,0,1,0,0,0,2011,10,{'2011-10': 1}
EL DORADO,LONG,2011-09-12,2011-11-11,483.0,0,0,19,0,0,0,2011,9,{'2011-09': 19}
EL DORADO,LONG,2011-09-12,2011-11-11,483.0,0,0,31,0,0,0,2011,10,{'2011-10': 31}
EL DORADO,LONG,2011-09-12,2011-11-11,483.0,0,0,11,0,0,0,2011,11,{'2011-11': 11}
MARIPOSA,TAMARACK,2011-09-13,2011-10-17,1015.0,0,0,18,0,0,0,2011,9,{'2011-09': 18}
MARIPOSA,TAMARACK,2011-09-13,2011-10-17,1015.0,0,0,17,0,0,0,2011,10,{'2011-10': 17}
TRINITY,RUTH,2011-09-23,2011-11-15,1460.0,0,0,8,31,0,0,2011,9,{'2011-09': 8}
TRINITY,RUTH,2011-09-23,2011-11-15,1460.0,0,0,31,31,0,0,2011,10,{'2011-10': 31}
TRINITY,RUTH,2011-09-23,2011-11-15,1460.0,0,0,15,31,0,0,2011,11,{'2011-11': 15}
RIVERSIDE,WINDY POINT,2011-09-25,2011-10-03,541.0,0,0,6,0,0,0,2011,9,{'2011-09': 6}
RIVERSIDE,WINDY POINT,2011-09-25,2011-10-03,541.0,0,0,3,0,0,0,2011,10,{'2011-10': 3}
EL DORADO,SALT,2011-12-01,2012-01-04,342.0,0,0,31,0,0,0,2011,12,{'2011-12': 31}
EL DORADO,SALT,2011-12-01,2012-01-04,342.0,0,0,4,0,0,0,2012,1,{'2012-01': 4}
MARIPOSA,CASCADE,2012-06-18,2012-11-26,1705.0,0,0,13,0,0,0,2012,6,{'2012-06': 13}
MARIPOSA,CASCADE,2012-06-18,2012-11-26,1705.0,0,0,31,0,0,0,2012,7,{'2012-07': 31}
MARIPOSA,CASCADE,2012-06-18,2012-11-26,1705.0,0,0,31,0,0,0,2012,8,{'2012-08': 31}
MARIPOSA,CASCADE,2012-06-18,2012-11-26,1705.0,0,0,30,0,0,0,2012,9,{'2012-09': 30}
MARIPOSA,CASCADE,2012-06-18,2012-11-26,1705.0,0,0,31,0,0,0,2012,10,{'2012-10': 31}
MARIPOSA,CASCADE,2012-06-18,2012-11-26,1705.0,0,0,26,0,0,0,2012,11,{'2012-11': 26}
SHASTA,READING,2012-07-23,2012-08-21,28079.0,0,0,9,0,0,0,2012,7,{'2012-07': 9}
SHASTA,READING,2012-07-23,2012-08-21,28079.0,0,0,21,0,0,0,2012,8,{'2012-08': 21}
PLUMAS,PEAK,2012-07-29,2012-08-02,800.0,0,0,3,0,0,0,2012,7,{'2012-07': 3}
PLUMAS,PEAK,2012-07-29,2012-08-02,800.0,0,0,2,0,0,0,2012,8,{'2012-08': 2}
PLUMAS,CHIPS,2012-07-29,2012-08-31,75217.0,0,0,3,9,0,0,2012,7,{'2012-07': 3}
PLUMAS,CHIPS,2012-07-29,2012-08-31,75217.0,0,0,31,9,0,0,2012,8,{'2012-08': 31}
SISKIYOU,FORT COMPLEX,2012-08-05,2012-09-10,23653.0,0,0,27,0,0,0,2012,8,{'2012-08': 27}
SISKIYOU,FORT COMPLEX,2012-08-05,2012-09-10,23653.0,0,0,10,0,0,0,2012,9,{'2012-09': 10}
INYO,SOUTH COMPLEX,2012-08-10,2012-10-16,453.0,0,0,22,0,0,0,2012,8,{'2012-08': 22}
INYO,SOUTH COMPLEX,2012-08-10,2012-10-16,453.0,0,0,30,0,0,0,2012,9,{'2012-09': 30}
INYO,SOUTH COMPLEX,2012-08-10,2012-10-16,453.0,0,0,16,0,0,0,2012,10,{'2012-10': 16}
TEHAMA,PONDEROSA,2012-08-18,2012-09-02,27676.0,0,0,14,133,6,0,2012,8,{'2012-08': 14}
TEHAMA,PONDEROSA,2012-08-18,2012-09-02,27676.0,0,0,2,133,6,0,2012,9,{'2012-09': 2}
SHASTA,BAGLEY,2012-08-18,2012-09-15,46011.0,0,0,14,0,0,0,2012,8,{'2012-08': 14}
SHASTA,BAGLEY,2012-08-18,2012-09-15,46011.0,0,0,15,0,0,0,2012,9,{'2012-09': 15}
MENDOCINO,NORTH PASS,2012-08-18,2012-09-16,41983.0,0,0,14,26,4,0,2012,8,{'2012-08': 14}
MENDOCINO,NORTH PASS,2012-08-18,2012-09-16,41983.0,0,0,16,26,4,0,2012,9,{'2012-09': 16}
RIVERSIDE,RANGE,2012-09-29,2012-10-01,351.0,0,0,2,3,0,0,2012,9,{'2012-09': 2}
RIVERSIDE,RANGE,2012-09-29,2012-10-01,351.0,0,0,1,3,0,0,2012,10,{'2012-10': 1}
RIVERSIDE,JURUPA,2013-02-28,2013-03-02,300.0,0,0,1,0,2,0,2013,2,{'2013-02': 1}
RIVERSIDE,JURUPA,2013-02-28,2013-03-02,300.0,0,0,2,0,2,0,2013,3,{'2013-03': 2}
SANTA BARBARA,WHITE,2013-05-27,2013-06-05,1984.0,0,0,5,0,1,0,2013,5,{'2013-05': 5}
SANTA BARBARA,WHITE,2013-05-27,2013-06-05,1984.0,0,0,5,0,1,0,2013,6,{'2013-06': 5}
LOS ANGELES,POWERHOUSE,2013-05-30,2013-06-10,30274.0,0,0,2,58,4,0,2013,5,{'2013-05': 2}
LOS ANGELES,POWERHOUSE,2013-05-30,2013-06-10,30274.0,0,0,10,58,4,0,2013,6,{'2013-06': 10}
RIVERSIDE,HATHAWAY,2013-06-09,2013-10-15,3870.0,0,0,22,1,0,0,2013,6,{'2013-06': 22}
RIVERSIDE,HATHAWAY,2013-06-09,2013-10-15,3870.0,0,0,31,1,0,0,2013,7,{'2013-07': 31}
RIVERSIDE,HATHAWAY,2013-06-09,2013-10-15,3870.0,0,0,31,1,0,0,2013,8,{'2013-08': 31}
RIVERSIDE,HATHAWAY,2013-06-09,2013-10-15,3870.0,0,0,30,1,0,0,2013,9,{'2013-09': 30}
RIVERSIDE,HATHAWAY,2013-06-09,2013-10-15,3870.0,0,0,15,1,0,0,2013,10,{'2013-10': 15}
SAN BERNARDINO,MILL,2013-06-28,2013-07-02,534.0,0,0,3,0,3,0,2013,6,{'2013-06': 3}
SAN BERNARDINO,MILL,2013-06-28,2013-07-02,534.0,0,0,2,0,3,0,2013,7,{'2013-07': 2}
FRESNO,ASPEN,2013-07-22,2013-09-08,22992.0,0,0,10,0,0,0,2013,7,{'2013-07': 10}
FRESNO,ASPEN,2013-07-22,2013-09-08,22992.0,0,0,31,0,0,0,2013,8,{'2013-08': 31}
FRESNO,ASPEN,2013-07-22,2013-09-08,22992.0,0,0,8,0,0,0,2013,9,{'2013-09': 8}
HUMBOLDT,DANCE,2013-07-29,2013-08-02,577.0,0,0,3,3,0,0,2013,7,{'2013-07': 3}
HUMBOLDT,DANCE,2013-07-29,2013-08-02,577.0,0,0,2,3,0,0,2013,8,{'2013-08': 2}
SISKIYOU,FORKS COMPLEX,2013-07-31,2013-10-01,37246.0,0,0,1,0,0,0,2013,7,{'2013-07': 1}
SISKIYOU,FORKS COMPLEX,2013-07-31,2013-10-01,37246.0,0,0,31,0,0,0,2013,8,{'2013-08': 31}
SISKIYOU,FORKS COMPLEX,2013-07-31,2013-10-01,37246.0,0,0,30,0,0,0,2013,9,{'2013-09': 30}
SISKIYOU,FORKS COMPLEX,2013-07-31,2013-10-01,37246.0,0,0,1,0,0,0,2013,10,{'2013-10': 1}
HUMBOLDT,CORRAL COMPLEX,2013-08-10,2013-10-02,12503.0,0,0,22,0,0,0,2013,8,{'2013-08': 22}
HUMBOLDT,CORRAL COMPLEX,2013-08-10,2013-10-02,12503.0,0,0,30,0,0,0,2013,9,{'2013-09': 30}
HUMBOLDT,CORRAL COMPLEX,2013-08-10,2013-10-02,12503.0,0,0,2,0,0,0,2013,10,{'2013-10': 2}
TUOLUMNE,RIM,2013-08-17,2013-10-27,257314.0,0,0,15,112,7,0,2013,8,{'2013-08': 15}
TUOLUMNE,RIM,2013-08-17,2013-10-27,257314.0,0,0,30,112,7,0,2013,9,{'2013-09': 30}
TUOLUMNE,RIM,2013-08-17,2013-10-27,257314.0,0,0,27,112,7,0,2013,10,{'2013-10': 27}
TULARE,FISH,2013-08-23,2013-09-05,2060.0,0,0,9,0,0,0,2013,8,{'2013-08': 9}
TULARE,FISH,2013-08-23,2013-09-05,2060.0,0,0,5,0,0,0,2013,9,{'2013-09': 5}
FRESNO,WINDY PEAK,2013-08-23,2013-10-20,681.0,0,0,9,0,0,0,2013,8,{'2013-08': 9}
FRESNO,WINDY PEAK,2013-08-23,2013-10-20,681.0,0,0,30,0,0,0,2013,9,{'2013-09': 30}
FRESNO,WINDY PEAK,2013-08-23,2013-10-20,681.0,0,0,20,0,0,0,2013,10,{'2013-10': 20}
TULARE,SODA,2014-01-14,2014-04-19,1612.0,0,0,18,0,0,0,2014,1,{'2014-01': 18}
TULARE,SODA,2014-01-14,2014-04-19,1612.0,0,0,28,0,0,0,2014,2,{'2014-02': 28}
TULARE,SODA,2014-01-14,2014-04-19,1612.0,0,0,31,0,0,0,2014,3,{'2014-03': 31}
TULARE,SODA,2014-01-14,2014-04-19,1612.0,0,0,19,0,0,0,2014,4,{'2014-04': 19}
SAN BERNARDINO,ETIWANDA,2014-04-30,2014-05-01,2200.0,0,0,1,0,0,0,2014,4,{'2014-04': 1}
SAN BERNARDINO,ETIWANDA,2014-04-30,2014-05-01,2200.0,0,0,1,0,0,0,2014,5,{'2014-05': 1}
MARIPOSA,HUNTER,2014-05-26,2014-06-04,677.0,0,0,6,3,0,0,2014,5,{'2014-05': 6}
MARIPOSA,HUNTER,2014-05-26,2014-06-04,677.0,0,0,4,3,0,0,2014,6,{'2014-06': 4}
MARIPOSA,DARK HOLE,2014-07-16,2014-08-20,1077.0,0,0,16,0,0,0,2014,7,{'2014-07': 16}
MARIPOSA,DARK HOLE,2014-07-16,2014-08-20,1077.0,0,0,20,0,0,0,2014,8,{'2014-08': 20}
MERCED,GUN CLUB,2014-07-24,2014-08-02,422.0,0,0,8,0,0,0,2014,7,{'2014-07': 8}
MERCED,GUN CLUB,2014-07-24,2014-08-02,422.0,0,0,2,0,0,0,2014,8,{'2014-08': 2}
EL DORADO,SAND,2014-07-25,2014-08-03,4240.0,0,0,7,47,0,0,2014,7,{'2014-07': 7}
EL DORADO,SAND,2014-07-25,2014-08-03,4240.0,0,0,3,47,0,0,2014,8,{'2014-08': 3}
MARIPOSA,EL PORTAL,2014-07-26,2014-08-04,4689.0,0,0,6,2,2,0,2014,7,{'2014-07': 6}
MARIPOSA,EL PORTAL,2014-07-26,2014-08-04,4689.0,0,0,4,2,2,0,2014,8,{'2014-08': 4}
MADERA,FRENCH,2014-07-28,2014-08-18,13838.0,0,0,4,0,0,0,2014,7,{'2014-07': 4}
MADERA,FRENCH,2014-07-28,2014-08-18,13838.0,0,0,18,0,0,0,2014,8,{'2014-08': 18}
BUTTE,WEB,2014-07-29,2014-08-27,378.0,0,0,3,0,0,0,2014,7,{'2014-07': 3}
BUTTE,WEB,2014-07-29,2014-08-27,378.0,0,0,27,0,0,0,2014,8,{'2014-08': 27}
MODOC,DAY,2014-07-30,2014-08-13,13153.0,0,0,2,10,0,0,2014,7,{'2014-07': 2}
MODOC,DAY,2014-07-30,2014-08-13,13153.0,0,0,13,10,0,0,2014,8,{'2014-08': 13}
SHASTA,BALD,2014-07-30,2014-08-16,39736.0,0,0,2,0,0,0,2014,7,{'2014-07': 2}
SHASTA,BALD,2014-07-30,2014-08-16,39736.0,0,0,16,0,0,0,2014,8,{'2014-08': 16}
SISKIYOU,KNF BEAVER,2014-07-30,2014-08-30,32496.0,0,0,2,6,0,0,2014,7,{'2014-07': 2}
SISKIYOU,KNF BEAVER,2014-07-30,2014-08-30,32496.0,0,0,30,6,0,0,2014,8,{'2014-08': 30}
TRINITY,COFFEE COMPLEX,2014-07-30,2014-08-31,6258.0,0,0,2,0,0,0,2014,7,{'2014-07': 2}
TRINITY,COFFEE COMPLEX,2014-07-30,2014-08-31,6258.0,0,0,31,0,0,0,2014,8,{'2014-08': 31}
MENDOCINO,"LODGE
COMPLEX",2014-07-30,2014-09-21,12535.0,0,0,2,0,0,0,2014,7,{'2014-07': 2}
MENDOCINO,"LODGE
COMPLEX",2014-07-30,2014-09-21,12535.0,0,0,31,0,0,0,2014,8,{'2014-08': 31}
MENDOCINO,"LODGE
COMPLEX",2014-07-30,2014-09-21,12535.0,0,0,21,0,0,0,2014,9,{'2014-09': 21}
SISKIYOU,LITTLE DEER,2014-07-31,2014-08-11,5503.0,0,0,1,1,0,0,2014,7,{'2014-07': 1}
SISKIYOU,LITTLE DEER,2014-07-31,2014-08-11,5503.0,0,0,11,1,0,0,2014,8,{'2014-08': 11}
SHASTA,EILER,2014-07-31,2014-08-24,32416.0,0,0,1,21,0,0,2014,7,{'2014-07': 1}
SHASTA,EILER,2014-07-31,2014-08-24,32416.0,0,0,24,21,0,0,2014,8,{'2014-08': 24}
SISKIYOU,JULY COMPLEX,2014-08-03,2014-09-25,50042.0,0,0,29,2,0,0,2014,8,{'2014-08': 29}
SISKIYOU,JULY COMPLEX,2014-08-03,2014-09-25,50042.0,0,0,25,2,0,0,2014,9,{'2014-09': 25}
SISKIYOU,"HAPPY CAMP
COMPLEX",2014-08-14,2014-10-31,134056.0,0,0,18,6,2,0,2014,8,{'2014-08': 18}
SISKIYOU,"HAPPY CAMP
COMPLEX",2014-08-14,2014-10-31,134056.0,0,0,30,6,2,0,2014,9,{'2014-09': 30}
SISKIYOU,"HAPPY CAMP
COMPLEX",2014-08-14,2014-10-31,134056.0,0,0,31,6,2,0,2014,10,{'2014-10': 31}
MARIPOSA,MEADOW,2014-08-15,2014-09-29,4772.0,0,0,17,0,0,0,2014,8,{'2014-08': 17}
MARIPOSA,MEADOW,2014-08-15,2014-09-29,4772.0,0,0,29,0,0,0,2014,9,{'2014-09': 29}
EL DORADO,KING,2014-09-13,2014-10-09,97717.0,0,0,18,80,1,0,2014,9,{'2014-09': 18}
EL DORADO,KING,2014-09-13,2014-10-09,97717.0,0,0,9,80,1,0,2014,10,{'2014-10': 9}
SAN DIEGO,GRENADE,2015-04-29,2015-05-05,2025.0,0,0,2,0,0,0,2015,4,{'2015-04': 2}
SAN DIEGO,GRENADE,2015-04-29,2015-05-05,2025.0,0,0,5,0,0,0,2015,5,{'2015-05': 5}
SAN BERNARDINO,LAKE,2015-06-17,2015-07-05,31359.0,0,0,14,4,0,0,2015,6,{'2015-06': 14}
SAN BERNARDINO,LAKE,2015-06-17,2015-07-05,31359.0,0,0,5,4,0,0,2015,7,{'2015-07': 5}
TULARE,CABIN,2015-07-19,2015-09-05,6980.0,0,0,13,0,0,0,2015,7,{'2015-07': 13}
TULARE,CABIN,2015-07-19,2015-09-05,6980.0,0,0,31,0,0,0,2015,8,{'2015-08': 31}
TULARE,CABIN,2015-07-19,2015-09-05,6980.0,0,0,5,0,0,0,2015,9,{'2015-09': 5}
NAPA,WRAGG,2015-07-22,2015-08-06,8051.0,0,0,10,2,5,0,2015,7,{'2015-07': 10}
NAPA,WRAGG,2015-07-22,2015-08-06,8051.0,0,0,6,2,5,0,2015,8,{'2015-08': 6}
NEVADA,LOWELL,2015-07-25,2015-08-12,2304.0,0,0,7,3,1,0,2015,7,{'2015-07': 7}
NEVADA,LOWELL,2015-07-25,2015-08-12,2304.0,0,0,12,3,1,0,2015,8,{'2015-08': 12}
MADERA,WILLOW,2015-07-25,2015-08-15,5702.0,0,0,7,0,0,0,2015,7,{'2015-07': 7}
MADERA,WILLOW,2015-07-25,2015-08-15,5702.0,0,0,15,0,0,0,2015,8,{'2015-08': 15}
LAKE,ROCKY,2015-07-29,2015-08-14,69636.0,0,0,3,96,8,0,2015,7,{'2015-07': 3}
LAKE,ROCKY,2015-07-29,2015-08-14,69636.0,0,0,14,96,8,0,2015,8,{'2015-08': 14}
BUTTE,SWEDES,2015-07-29,2015-08-16,400.0,0,0,3,16,0,0,2015,7,{'2015-07': 3}
BUTTE,SWEDES,2015-07-29,2015-08-16,400.0,0,0,16,16,0,0,2015,8,{'2015-08': 16}
MODOC,FROG,2015-07-30,2015-08-06,4863.0,1,0,2,0,0,1,2015,7,{'2015-07': 2}
MODOC,FROG,2015-07-30,2015-08-06,4863.0,1,0,6,0,0,1,2015,8,{'2015-08': 6}
HUMBOLDT,HUMBOLDT COMPLEX,2015-07-30,2015-08-21,4883.0,0,0,2,7,0,0,2015,7,{'2015-07': 2}
HUMBOLDT,HUMBOLDT COMPLEX,2015-07-30,2015-08-21,4883.0,0,0,21,7,0,0,2015,8,{'2015-08': 21}
TRINITY,FORK COMPLEX,2015-07-30,2015-08-29,36499.0,0,0,2,12,0,0,2015,7,{'2015-07': 2}
TRINITY,FORK COMPLEX,2015-07-30,2015-08-29,36499.0,0,0,29,12,0,0,2015,8,{'2015-08': 29}
HUMBOLDT,ROUTE COMPLEX,2015-07-30,2015-08-31,35675.0,0,0,2,2,0,0,2015,7,{'2015-07': 2}
HUMBOLDT,ROUTE COMPLEX,2015-07-30,2015-08-31,35675.0,0,0,31,2,0,0,2015,8,{'2015-08': 31}
TRINITY,MAD RIVER COMPLEX,2015-07-30,2015-09-03,37462.0,0,0,2,4,0,0,2015,7,{'2015-07': 2}
TRINITY,MAD RIVER COMPLEX,2015-07-30,2015-09-03,37462.0,0,0,31,4,0,0,2015,8,{'2015-08': 31}
TRINITY,MAD RIVER COMPLEX,2015-07-30,2015-09-03,37462.0,0,0,3,4,0,0,2015,9,{'2015-09': 3}
TRINITY,RIVER COMPLEX,2015-07-30,2015-10-15,77081.0,0,0,2,0,0,0,2015,7,{'2015-07': 2}
TRINITY,RIVER COMPLEX,2015-07-30,2015-10-15,77081.0,0,0,31,0,0,0,2015,8,{'2015-08': 31}
TRINITY,RIVER COMPLEX,2015-07-30,2015-10-15,77081.0,0,0,30,0,0,0,2015,9,{'2015-09': 30}
TRINITY,RIVER COMPLEX,2015-07-30,2015-10-15,77081.0,0,0,15,0,0,0,2015,10,{'2015-10': 15}
DEL NORTE,GASQUET COMPLEX,2015-07-31,2015-10-15,30361.0,0,0,1,0,0,0,2015,7,{'2015-07': 1}
DEL NORTE,GASQUET COMPLEX,2015-07-31,2015-10-15,30361.0,0,0,31,0,0,0,2015,8,{'2015-08': 31}
DEL NORTE,GASQUET COMPLEX,2015-07-31,2015-10-15,30361.0,0,0,30,0,0,0,2015,9,{'2015-09': 30}
DEL NORTE,GASQUET COMPLEX,2015-07-31,2015-10-15,30361.0,0,0,15,0,0,0,2015,10,{'2015-10': 15}
FRESNO,ROUGH,2015-07-31,2015-12-01,151623.0,0,0,1,4,0,0,2015,7,{'2015-07': 1}
FRESNO,ROUGH,2015-07-31,2015-12-01,151623.0,0,0,31,4,0,0,2015,8,{'2015-08': 31}
FRESNO,ROUGH,2015-07-31,2015-12-01,151623.0,0,0,30,4,0,0,2015,9,{'2015-09': 30}
FRESNO,ROUGH,2015-07-31,2015-12-01,151623.0,0,0,31,4,0,0,2015,10,{'2015-10': 31}
FRESNO,ROUGH,2015-07-31,2015-12-01,151623.0,0,0,30,4,0,0,2015,11,{'2015-11': 30}
FRESNO,ROUGH,2015-07-31,2015-12-01,151623.0,0,0,1,4,0,0,2015,12,{'2015-12': 1}
DEL NORTE,NICKOWITZ,2015-08-01,2015-09-30,7509.0,0,0,31,0,0,0,2015,8,{'2015-08': 31}
DEL NORTE,NICKOWITZ,2015-08-01,2015-09-30,7509.0,0,0,30,0,0,0,2015,9,{'2015-09': 30}
TRINITY,SOUTH COMPLEX,2015-08-01,2015-10-01,29416.0,0,0,31,3,0,0,2015,8,{'2015-08': 31}
TRINITY,SOUTH COMPLEX,2015-08-01,2015-10-01,29416.0,0,0,30,3,0,0,2015,9,{'2015-09': 30}
TRINITY,SOUTH COMPLEX,2015-08-01,2015-10-01,29416.0,0,0,1,3,0,0,2015,10,{'2015-10': 1}
SAN LUIS OBISPO,CUESTA,2015-08-16,2015-09-03,2446.0,0,0,16,1,0,0,2015,8,{'2015-08': 16}
SAN LUIS OBISPO,CUESTA,2015-08-16,2015-09-03,2446.0,0,0,3,1,0,0,2015,9,{'2015-09': 3}
AMADOR,BUTTE,2015-09-09,2015-10-23,70868.0,0,2,22,965,0,2,2015,9,{'2015-09': 22}
AMADOR,BUTTE,2015-09-09,2015-10-23,70868.0,0,2,23,965,0,2,2015,10,{'2015-10': 23}
LAKE,VALLEY,2015-09-12,2015-10-15,76067.0,0,4,19,0,93,4,2015,9,{'2015-09': 19}
LAKE,VALLEY,2015-09-12,2015-10-15,76067.0,0,4,15,0,93,4,2015,10,{'2015-10': 15}
SISKIYOU,PONY,2016-06-07,2016-10-02,2860.0,0,0,24,0,0,0,2016,6,{'2016-06': 24}
SISKIYOU,PONY,2016-06-07,2016-10-02,2860.0,0,0,31,0,0,0,2016,7,{'2016-07': 31}
SISKIYOU,PONY,2016-06-07,2016-10-02,2860.0,0,0,31,0,0,0,2016,8,{'2016-08': 31}
SISKIYOU,PONY,2016-06-07,2016-10-02,2860.0,0,0,30,0,0,0,2016,9,{'2016-09': 30}
SISKIYOU,PONY,2016-06-07,2016-10-02,2860.0,0,0,2,0,0,0,2016,10,{'2016-10': 2}
SAN DIEGO,BORDER 3,2016-06-19,2016-07-01,7609.0,0,2,12,16,3,2,2016,6,{'2016-06': 12}
SAN DIEGO,BORDER 3,2016-06-19,2016-07-01,7609.0,0,2,1,16,3,2,2016,7,{'2016-07': 1}
LOS ANGELES,RESERVOIR,2016-06-20,2016-07-05,1146.0,0,1,11,0,0,1,2016,6,{'2016-06': 11}
LOS ANGELES,RESERVOIR,2016-06-20,2016-07-05,1146.0,0,1,5,0,0,1,2016,7,{'2016-07': 5}
LOS ANGELES,FISH,2016-06-20,2016-07-05,4253.0,0,0,11,0,0,0,2016,6,{'2016-06': 11}
LOS ANGELES,FISH,2016-06-20,2016-07-05,4253.0,0,0,5,0,0,0,2016,7,{'2016-07': 5}
KERN,ERSKINE,2016-06-23,2016-07-09,48019.0,0,2,8,286,12,2,2016,6,{'2016-06': 8}
KERN,ERSKINE,2016-06-23,2016-07-09,48019.0,0,2,9,286,12,2,2016,7,{'2016-07': 9}
MONO,MARINA,2016-06-24,2016-07-04,654.0,0,0,7,1,0,0,2016,6,{'2016-06': 7}
MONO,MARINA,2016-06-24,2016-07-04,654.0,0,0,4,1,0,0,2016,7,{'2016-07': 4}
MARIPOSA,LAKES,2016-06-26,2016-10-31,1001.0,0,0,5,0,0,0,2016,6,{'2016-06': 5}
MARIPOSA,LAKES,2016-06-26,2016-10-31,1001.0,0,0,31,0,0,0,2016,7,{'2016-07': 31}
MARIPOSA,LAKES,2016-06-26,2016-10-31,1001.0,0,0,31,0,0,0,2016,8,{'2016-08': 31}
MARIPOSA,LAKES,2016-06-26,2016-10-31,1001.0,0,0,30,0,0,0,2016,9,{'2016-09': 30}
MARIPOSA,LAKES,2016-06-26,2016-10-31,1001.0,0,0,31,0,0,0,2016,10,{'2016-10': 31}
PLACER,TRAILHEAD,2016-06-28,2016-08-14,5645.0,0,0,3,0,0,0,2016,6,{'2016-06': 3}
PLACER,TRAILHEAD,2016-06-28,2016-08-14,5645.0,0,0,31,0,0,0,2016,7,{'2016-07': 31}
PLACER,TRAILHEAD,2016-06-28,2016-08-14,5645.0,0,0,14,0,0,0,2016,8,{'2016-08': 14}
TEHAMA,COLYEAR,2016-06-30,2016-07-06,464.0,0,0,1,0,0,0,2016,6,{'2016-06': 1}
TEHAMA,COLYEAR,2016-06-30,2016-07-06,464.0,0,0,6,0,0,0,2016,7,{'2016-07': 6}
VENTURA,PINE,2016-06-30,2016-07-17,2304.0,0,0,1,0,0,0,2016,6,{'2016-06': 1}
VENTURA,PINE,2016-06-30,2016-07-17,2304.0,0,0,17,0,0,0,2016,7,{'2016-07': 17}
LOS ANGELES,SAND,2016-07-22,2016-08-06,41383.0,0,1,10,116,20,1,2016,7,{'2016-07': 10}
LOS ANGELES,SAND,2016-07-22,2016-08-06,41383.0,0,1,6,116,20,1,2016,8,{'2016-08': 6}
MONTEREY,SOBERANES,2016-07-22,2016-10-13,132127.0,1,0,10,68,5,1,2016,7,{'2016-07': 10}
MONTEREY,SOBERANES,2016-07-22,2016-10-13,132127.0,1,0,31,68,5,1,2016,8,{'2016-08': 31}
MONTEREY,SOBERANES,2016-07-22,2016-10-13,132127.0,1,0,30,68,5,1,2016,9,{'2016-09': 30}
MONTEREY,SOBERANES,2016-07-22,2016-10-13,132127.0,1,0,13,68,5,1,2016,10,{'2016-10': 13}
FRESNO,GOOSE,2016-07-30,2016-08-09,2241.0,0,0,2,9,1,0,2016,7,{'2016-07': 2}
FRESNO,GOOSE,2016-07-30,2016-08-09,2241.0,0,0,9,9,1,0,2016,8,{'2016-08': 9}
LAKE,CLAYTON,2016-08-13,2016-09-03,3929.0,0,0,19,300,28,0,2016,8,{'2016-08': 19}
LAKE,CLAYTON,2016-08-13,2016-09-03,3929.0,0,0,3,300,28,0,2016,9,{'2016-09': 3}
SAN LUIS OBISPO,CHIMNEY,2016-08-13,2016-09-07,46235.0,0,0,19,70,8,0,2016,8,{'2016-08': 19}
SAN LUIS OBISPO,CHIMNEY,2016-08-13,2016-09-07,46235.0,0,0,7,70,8,0,2016,9,{'2016-09': 7}
SAN BERNARDINO,BLUECUT,2016-08-16,2016-09-08,36274.0,0,0,16,321,8,0,2016,8,{'2016-08': 16}
SAN BERNARDINO,BLUECUT,2016-08-16,2016-09-08,36274.0,0,0,8,321,8,0,2016,9,{'2016-09': 8}
KERN,CEDAR,2016-08-16,2016-09-24,29322.0,0,0,16,6,0,0,2016,8,{'2016-08': 16}
KERN,CEDAR,2016-08-16,2016-09-24,29322.0,0,0,24,6,0,0,2016,9,{'2016-09': 24}
SANTA BARBARA,REY,2016-08-18,2016-09-15,32606.0,0,0,14,5,0,0,2016,8,{'2016-08': 14}
SANTA BARBARA,REY,2016-08-18,2016-09-15,32606.0,0,0,15,5,0,0,2016,9,{'2016-09': 15}
ALPINE,MOKELUMNE,2016-08-19,2016-09-20,655.0,0,0,13,0,0,0,2016,8,{'2016-08': 13}
ALPINE,MOKELUMNE,2016-08-19,2016-09-20,655.0,0,0,20,0,0,0,2016,9,{'2016-09': 20}
HUMBOLDT,TULLY,2016-08-22,2016-09-09,599.0,0,0,10,3,0,0,2016,8,{'2016-08': 10}
HUMBOLDT,TULLY,2016-08-22,2016-09-09,599.0,0,0,9,3,0,0,2016,9,{'2016-09': 9}
SISKIYOU,GRADE,2016-08-24,2016-09-10,710.0,0,0,8,10,1,0,2016,8,{'2016-08': 8}
SISKIYOU,GRADE,2016-08-24,2016-09-10,710.0,0,0,10,10,1,0,2016,9,{'2016-09': 10}
SISKIYOU,GAP,2016-08-27,2016-09-16,33867.0,0,0,5,14,0,0,2016,8,{'2016-08': 5}
SISKIYOU,GAP,2016-08-27,2016-09-16,33867.0,0,0,16,14,0,0,2016,9,{'2016-09': 16}
CALAVERAS,WILLOW,2016-08-28,2016-09-04,450.0,0,0,4,0,1,0,2016,8,{'2016-08': 4}
CALAVERAS,WILLOW,2016-08-28,2016-09-04,450.0,0,0,4,0,1,0,2016,9,{'2016-09': 4}
RIVERSIDE,BOGART,2016-08-30,2016-09-05,1470.0,0,0,2,1,0,0,2016,8,{'2016-08': 2}
RIVERSIDE,BOGART,2016-08-30,2016-09-05,1470.0,0,0,5,1,0,0,2016,9,{'2016-09': 5}
LASSEN,WILLARD,2016-09-11,2016-10-12,2575.0,0,0,20,7,0,0,2016,9,{'2016-09': 20}
LASSEN,WILLARD,2016-09-11,2016-10-12,2575.0,0,0,12,7,0,0,2016,10,{'2016-10': 12}
FRESNO,CROWN,2016-09-15,2016-10-31,800.0,0,0,16,0,0,0,2016,9,{'2016-09': 16}
FRESNO,CROWN,2016-09-15,2016-10-31,800.0,0,0,31,0,0,0,2016,10,{'2016-10': 31}
MONO,OWENS RIVER,2016-09-17,2016-10-15,5443.0,0,0,14,4,0,0,2016,9,{'2016-09': 14}
MONO,OWENS RIVER,2016-09-17,2016-10-15,5443.0,0,0,15,4,0,0,2016,10,{'2016-10': 15}
MODOC,SOUP COMPLEX,2016-09-17,2016-10-31,2722.0,0,0,14,0,0,0,2016,9,{'2016-09': 14}
MODOC,SOUP COMPLEX,2016-09-17,2016-10-31,2722.0,0,0,31,0,0,0,2016,10,{'2016-10': 31}
SONOMA,SAWMILL,2016-09-25,2016-10-01,1547.0,0,0,6,0,0,0,2016,9,{'2016-09': 6}
SONOMA,SAWMILL,2016-09-25,2016-10-01,1547.0,0,0,1,0,0,0,2016,10,{'2016-10': 1}
TUOLUMNE,MARSHES,2016-09-26,2016-10-04,1080.0,0,0,5,0,0,0,2016,9,{'2016-09': 5}
TUOLUMNE,MARSHES,2016-09-26,2016-10-04,1080.0,0,0,4,0,0,0,2016,10,{'2016-10': 4}
SANTA CLARA,LOMA,2016-09-26,2016-11-08,4474.0,0,0,5,28,1,0,2016,9,{'2016-09': 5}
SANTA CLARA,LOMA,2016-09-26,2016-11-08,4474.0,0,0,31,28,1,0,2016,10,{'2016-10': 31}
SANTA CLARA,LOMA,2016-09-26,2016-11-08,4474.0,0,0,8,28,1,0,2016,11,{'2016-11': 8}
TULARE,SLATE,2016-10-04,2016-11-05,2160.0,0,0,28,0,0,0,2016,10,{'2016-10': 28}
TULARE,SLATE,2016-10-04,2016-11-05,2160.0,0,0,5,0,0,0,2016,11,{'2016-11': 5}
TULARE,JACOBSON,2016-10-20,2016-11-01,1702.0,0,0,12,0,0,0,2016,10,{'2016-10': 12}
TULARE,JACOBSON,2016-10-20,2016-11-01,1702.0,0,0,1,0,0,0,2016,11,{'2016-11': 1}
TULARE,MEADOW,2016-10-29,2016-11-22,4347.0,0,0,3,0,0,0,2016,10,{'2016-10': 3}
TULARE,MEADOW,2016-10-29,2016-11-22,4347.0,0,0,22,0,0,0,2016,11,{'2016-11': 22}
RIVERSIDE,OPERA,2017-04-30,2017-05-02,1350.0,0,0,1,0,0,0,2017,4,{'2017-04': 1}
RIVERSIDE,OPERA,2017-04-30,2017-05-02,1350.0,0,0,2,0,0,0,2017,5,{'2017-05': 2}
TULARE,SCHAEFFER,2017-06-24,2017-08-05,16031.0,0,0,7,0,0,0,2017,6,{'2017-06': 7}
TULARE,SCHAEFFER,2017-06-24,2017-08-05,16031.0,0,0,31,0,0,0,2017,7,{'2017-07': 31}
TULARE,SCHAEFFER,2017-06-24,2017-08-05,16031.0,0,0,5,0,0,0,2017,8,{'2017-08': 5}
SAN BERNARDINO,MART,2017-06-27,2017-07-01,670.0,0,0,4,0,0,0,2017,6,{'2017-06': 4}
SAN BERNARDINO,MART,2017-06-27,2017-07-01,670.0,0,0,1,0,0,0,2017,7,{'2017-07': 1}
MODOC,BATTLE,2017-06-28,2017-07-01,640.0,0,0,3,0,0,0,2017,6,{'2017-06': 3}
MODOC,BATTLE,2017-06-28,2017-07-01,640.0,0,0,1,0,0,0,2017,7,{'2017-07': 1}
SAN DIEGO,CRISTIANITOS,2017-06-28,2017-07-01,761.0,0,0,3,0,0,0,2017,6,{'2017-06': 3}
SAN DIEGO,CRISTIANITOS,2017-06-28,2017-07-01,761.0,0,0,1,0,0,0,2017,7,{'2017-07': 1}
MARIPOSA,BEN,2017-06-28,2017-07-06,558.0,0,0,3,0,0,0,2017,6,{'2017-06': 3}
MARIPOSA,BEN,2017-06-28,2017-07-06,558.0,0,0,6,0,0,0,2017,7,{'2017-07': 6}
KERN,TARINA,2017-06-30,2017-07-01,1200.0,0,0,1,0,0,0,2017,6,{'2017-06': 1}
KERN,TARINA,2017-06-30,2017-07-01,1200.0,0,0,1,0,0,0,2017,7,{'2017-07': 1}
BUTTE,WALL,2017-07-07,2017-08-03,6033.0,0,0,25,91,10,0,2017,7,{'2017-07': 25}
BUTTE,WALL,2017-07-07,2017-08-03,6033.0,0,0,3,91,10,0,2017,8,{'2017-08': 3}
SANTA BARBARA,WHITTIER,2017-07-08,2017-10-05,18430.0,0,0,24,40,7,0,2017,7,{'2017-07': 24}
SANTA BARBARA,WHITTIER,2017-07-08,2017-10-05,18430.0,0,0,31,40,7,0,2017,8,{'2017-08': 31}
SANTA BARBARA,WHITTIER,2017-07-08,2017-10-05,18430.0,0,0,30,40,7,0,2017,9,{'2017-09': 30}
SANTA BARBARA,WHITTIER,2017-07-08,2017-10-05,18430.0,0,0,5,40,7,0,2017,10,{'2017-10': 5}
MARIPOSA,DETWILER,2017-07-16,2017-08-31,81826.0,0,0,16,134,21,0,2017,7,{'2017-07': 16}
MARIPOSA,DETWILER,2017-07-16,2017-08-31,81826.0,0,0,31,134,21,0,2017,8,{'2017-08': 31}
MODOC,MODOC JULY COMPLEX,2017-07-24,2017-08-13,83120.0,0,0,8,0,0,0,2017,7,{'2017-07': 8}
MODOC,MODOC JULY COMPLEX,2017-07-24,2017-08-13,83120.0,0,0,13,0,0,0,2017,8,{'2017-08': 13}
SISKIYOU,ORLEANS COMPLEX,2017-07-25,2017-10-12,27276.0,0,0,7,0,0,0,2017,7,{'2017-07': 7}
SISKIYOU,ORLEANS COMPLEX,2017-07-25,2017-10-12,27276.0,0,0,31,0,0,0,2017,8,{'2017-08': 31}
SISKIYOU,ORLEANS COMPLEX,2017-07-25,2017-10-12,27276.0,0,0,30,0,0,0,2017,9,{'2017-09': 30}
SISKIYOU,ORLEANS COMPLEX,2017-07-25,2017-10-12,27276.0,0,0,12,0,0,0,2017,10,{'2017-10': 12}
TUOLUMNE,JACKSONVILLE,2017-07-29,2017-08-04,675.0,0,0,3,1,0,0,2017,7,{'2017-07': 3}
TUOLUMNE,JACKSONVILLE,2017-07-29,2017-08-04,675.0,0,0,4,1,0,0,2017,8,{'2017-08': 4}
PLUMAS,MINERVA 5,2017-07-29,2017-08-16,4310.0,0,0,3,0,0,0,2017,7,{'2017-07': 3}
PLUMAS,MINERVA 5,2017-07-29,2017-08-16,4310.0,0,0,16,0,0,0,2017,8,{'2017-08': 16}
KERN,GARDEN,2017-07-30,2017-08-09,450.0,0,0,2,0,0,0,2017,7,{'2017-07': 2}
KERN,GARDEN,2017-07-30,2017-08-09,450.0,0,0,9,0,0,0,2017,8,{'2017-08': 9}
MONO,GRANT,2017-07-31,2017-08-03,400.0,0,0,1,0,0,0,2017,7,{'2017-07': 1}
MONO,GRANT,2017-07-31,2017-08-03,400.0,0,0,3,0,0,0,2017,8,{'2017-08': 3}
TUOLUMNE,SUMMIT COMPLEX,2017-07-31,2017-11-30,5248.0,0,0,1,0,0,0,2017,7,{'2017-07': 1}
TUOLUMNE,SUMMIT COMPLEX,2017-07-31,2017-11-30,5248.0,0,0,31,0,0,0,2017,8,{'2017-08': 31}
TUOLUMNE,SUMMIT COMPLEX,2017-07-31,2017-11-30,5248.0,0,0,30,0,0,0,2017,9,{'2017-09': 30}
TUOLUMNE,SUMMIT COMPLEX,2017-07-31,2017-11-30,5248.0,0,0,31,0,0,0,2017,10,{'2017-10': 31}
TUOLUMNE,SUMMIT COMPLEX,2017-07-31,2017-11-30,5248.0,0,0,30,0,0,0,2017,11,{'2017-11': 30}
MARIPOSA,EMPIRE,2017-08-01,2017-10-31,6370.0,0,0,31,0,0,0,2017,8,{'2017-08': 31}
MARIPOSA,EMPIRE,2017-08-01,2017-10-31,6370.0,0,0,30,0,0,0,2017,9,{'2017-09': 30}
MARIPOSA,EMPIRE,2017-08-01,2017-10-31,6370.0,0,0,31,0,0,0,2017,10,{'2017-10': 31}
DEL NORTE,YOUNG,2017-08-07,2017-10-15,21377.0,0,0,25,0,0,0,2017,8,{'2017-08': 25}
DEL NORTE,YOUNG,2017-08-07,2017-10-15,21377.0,0,0,30,0,0,0,2017,9,{'2017-09': 30}
DEL NORTE,YOUNG,2017-08-07,2017-10-15,21377.0,0,0,15,0,0,0,2017,10,{'2017-10': 15}
SISKIYOU,SALMON AUGUST COMPLEX,2017-08-13,2017-10-20,65889.0,0,0,19,1,0,0,2017,8,{'2017-08': 19}
SISKIYOU,SALMON AUGUST COMPLEX,2017-08-13,2017-10-20,65889.0,0,0,30,1,0,0,2017,9,{'2017-09': 30}
SISKIYOU,SALMON AUGUST COMPLEX,2017-08-13,2017-10-20,65889.0,0,0,20,1,0,0,2017,10,{'2017-10': 20}
MARIPOSA,SOUTH FORK,2017-08-13,2017-11-30,7000.0,0,0,19,0,0,0,2017,8,{'2017-08': 19}
MARIPOSA,SOUTH FORK,2017-08-13,2017-11-30,7000.0,0,0,30,0,0,0,2017,9,{'2017-09': 30}
MARIPOSA,SOUTH FORK,2017-08-13,2017-11-30,7000.0,0,0,31,0,0,0,2017,10,{'2017-10': 31}
MARIPOSA,SOUTH FORK,2017-08-13,2017-11-30,7000.0,0,0,30,0,0,0,2017,11,{'2017-11': 30}
JACKSON (OR),MILLER COMPLEX,2017-08-14,2017-11-30,39716.0,0,0,18,0,0,0,2017,8,{'2017-08': 18}
JACKSON (OR),MILLER COMPLEX,2017-08-14,2017-11-30,39716.0,0,0,30,0,0,0,2017,9,{'2017-09': 30}
JACKSON (OR),MILLER COMPLEX,2017-08-14,2017-11-30,39716.0,0,0,31,0,0,0,2017,10,{'2017-10': 31}
JACKSON (OR),MILLER COMPLEX,2017-08-14,2017-11-30,39716.0,0,0,30,0,0,0,2017,11,{'2017-11': 30}
SISKIYOU,ECLIPSE COMPLEX,2017-08-15,2017-10-10,78698.0,0,0,17,0,0,0,2017,8,{'2017-08': 17}
SISKIYOU,ECLIPSE COMPLEX,2017-08-15,2017-10-10,78698.0,0,0,30,0,0,0,2017,9,{'2017-09': 30}
SISKIYOU,ECLIPSE COMPLEX,2017-08-15,2017-10-10,78698.0,0,0,10,0,0,0,2017,10,{'2017-10': 10}
MODOC,BOLES,2017-08-23,2017-09-04,371.0,0,0,9,0,0,0,2017,8,{'2017-08': 9}
MODOC,BOLES,2017-08-23,2017-09-04,371.0,0,0,4,0,0,0,2017,9,{'2017-09': 4}
LASSEN,MUD,2017-08-29,2017-09-01,6042.0,0,0,3,0,0,0,2017,8,{'2017-08': 3}
LASSEN,MUD,2017-08-29,2017-09-01,6042.0,0,0,1,0,0,0,2017,9,{'2017-09': 1}
MONO,SLINKARD,2017-08-29,2017-09-11,8925.0,0,0,3,0,0,0,2017,8,{'2017-08': 3}
MONO,SLINKARD,2017-08-29,2017-09-11,8925.0,0,0,11,0,0,0,2017,9,{'2017-09': 11}
MADERA,RAILROAD,2017-08-29,2017-09-15,12407.0,1,0,3,8,1,1,2017,8,{'2017-08': 3}
MADERA,RAILROAD,2017-08-29,2017-09-15,12407.0,1,0,15,8,1,1,2017,9,{'2017-09': 15}
TULARE,PIER,2017-08-29,2017-09-24,36556.0,0,0,3,2,0,0,2017,8,{'2017-08': 3}
TULARE,PIER,2017-08-29,2017-09-24,36556.0,0,0,24,2,0,0,2017,9,{'2017-09': 24}
BUTTE,PONDEROSA,2017-08-29,2017-10-28,4016.0,0,0,3,55,0,0,2017,8,{'2017-08': 3}
BUTTE,PONDEROSA,2017-08-29,2017-10-28,4016.0,0,0,30,55,0,0,2017,9,{'2017-09': 30}
BUTTE,PONDEROSA,2017-08-29,2017-10-28,4016.0,0,0,28,55,0,0,2017,10,{'2017-10': 28}
NEVADA,PLEASANT,2017-08-30,2017-09-06,392.0,0,0,2,1,1,0,2017,8,{'2017-08': 2}
NEVADA,PLEASANT,2017-08-30,2017-09-06,392.0,0,0,6,1,1,0,2017,9,{'2017-09': 6}
WASHOE (NV),R-4,2017-08-30,2017-09-18,18618.0,0,0,2,0,0,0,2017,8,{'2017-08': 2}
WASHOE (NV),R-4,2017-08-30,2017-09-18,18618.0,0,0,18,0,0,0,2017,9,{'2017-09': 18}
TRINITY,HELENA,2017-08-30,2017-10-19,21449.0,0,0,2,131,0,0,2017,8,{'2017-08': 2}
TRINITY,HELENA,2017-08-30,2017-10-19,21449.0,0,0,30,131,0,0,2017,9,{'2017-09': 30}
TRINITY,HELENA,2017-08-30,2017-10-19,21449.0,0,0,19,131,0,0,2017,10,{'2017-10': 19}
TUOLUMNE,CREEK,2017-09-03,2017-11-20,1749.0,0,0,28,0,0,0,2017,9,{'2017-09': 28}
TUOLUMNE,CREEK,2017-09-03,2017-11-20,1749.0,0,0,31,0,0,0,2017,10,{'2017-10': 31}
TUOLUMNE,CREEK,2017-09-03,2017-11-20,1749.0,0,0,20,0,0,0,2017,11,{'2017-11': 20}
PLUMAS,EUREKA,2017-09-05,2017-10-31,437.0,0,0,26,0,0,0,2017,9,{'2017-09': 26}
PLUMAS,EUREKA,2017-09-05,2017-10-31,437.0,0,0,31,0,0,0,2017,10,{'2017-10': 31}
EL DORADO,TABLE,2017-09-08,2017-10-17,426.0,0,0,23,0,0,0,2017,9,{'2017-09': 23}
EL DORADO,TABLE,2017-09-08,2017-10-17,426.0,0,0,17,0,0,0,2017,10,{'2017-10': 17}
SHASTA,BERRY,2017-09-12,2017-10-04,900.0,0,0,19,0,0,0,2017,9,{'2017-09': 19}
SHASTA,BERRY,2017-09-12,2017-10-04,900.0,0,0,4,0,0,0,2017,10,{'2017-10': 4}
TRINITY,BUCK,2017-09-12,2017-11-05,13434.0,0,0,19,0,0,0,2017,9,{'2017-09': 19}
TRINITY,BUCK,2017-09-12,2017-11-05,13434.0,0,0,31,0,0,0,2017,10,{'2017-10': 31}
TRINITY,BUCK,2017-09-12,2017-11-05,13434.0,0,0,5,0,0,0,2017,11,{'2017-11': 5}
TULARE,LION,2017-09-24,2017-11-27,19215.0,0,0,7,0,0,0,2017,9,{'2017-09': 7}
TULARE,LION,2017-09-24,2017-11-27,19215.0,0,0,31,0,0,0,2017,10,{'2017-10': 31}
TULARE,LION,2017-09-24,2017-11-27,19215.0,0,0,27,0,0,0,2017,11,{'2017-11': 27}
ORANGE,CANYON,2017-09-25,2017-10-03,2662.0,0,0,6,0,7,0,2017,9,{'2017-09': 6}
ORANGE,CANYON,2017-09-25,2017-10-03,2662.0,0,0,3,0,7,0,2017,10,{'2017-10': 3}
SANTA BARBARA,RUCKER,2017-09-29,2017-10-04,444.0,0,0,2,0,0,0,2017,9,{'2017-09': 2}
SANTA BARBARA,RUCKER,2017-09-29,2017-10-04,444.0,0,0,4,0,0,0,2017,10,{'2017-10': 4}
BUTTE,CHEROKEE,2017-10-08,2017-11-05,8500.0,0,0,24,6,1,0,2017,10,{'2017-10': 24}
BUTTE,CHEROKEE,2017-10-08,2017-11-05,8500.0,0,0,5,6,1,0,2017,11,{'2017-11': 5}
RIVERSIDE,WILDOMAR,2017-10-26,2017-11-01,866.0,0,0,6,0,0,0,2017,10,{'2017-10': 6}
RIVERSIDE,WILDOMAR,2017-10-26,2017-11-01,866.0,0,0,1,0,0,0,2017,11,{'2017-11': 1}
VENTURA,THOMAS,2017-12-04,2018-01-12,281893.0,1,1,28,0,274,2,2017,12,{'2017-12': 28}
VENTURA,THOMAS,2017-12-04,2018-01-12,281893.0,1,1,12,0,274,2,2018,1,{'2018-01': 12}
MADERA,LIONS,2018-06-11,2018-07-14,12990.0,0,0,20,0,0,0,2018,6,{'2018-06': 20}
MADERA,LIONS,2018-06-11,2018-07-14,12990.0,0,0,14,0,0,0,2018,7,{'2018-07': 14}
TEHAMA,LANE,2018-06-23,2018-07-04,3392.0,0,0,8,0,0,0,2018,6,{'2018-06': 8}
TEHAMA,LANE,2018-06-23,2018-07-04,3392.0,0,0,4,0,0,0,2018,7,{'2018-07': 4}
LAKE,PAWNEE,2018-06-23,2018-07-08,15180.0,0,0,8,22,6,0,2018,6,{'2018-06': 8}
LAKE,PAWNEE,2018-06-23,2018-07-08,15180.0,0,0,8,22,6,0,2018,7,{'2018-07': 8}
SAN JOAQUIN,WAVERLY,2018-06-29,2018-07-12,11789.0,0,0,2,1,0,0,2018,6,{'2018-06': 2}
SAN JOAQUIN,WAVERLY,2018-06-29,2018-07-12,11789.0,0,0,12,1,0,0,2018,7,{'2018-07': 12}
YOLO,COUNTY,2018-06-30,2018-07-14,90000.0,0,0,1,29,4,0,2018,6,{'2018-06': 1}
YOLO,COUNTY,2018-06-30,2018-07-14,90000.0,0,0,14,29,4,0,2018,7,{'2018-07': 14}
MARIPOSA,FERGUSON,2018-07-13,2018-08-22,96901.0,2,0,19,11,0,2,2018,7,{'2018-07': 19}
MARIPOSA,FERGUSON,2018-07-13,2018-08-22,96901.0,2,0,22,11,0,2,2018,8,{'2018-08': 22}
SHASTA,CARR,2018-07-23,2018-09-01,229651.0,3,4,9,0,279,7,2018,7,{'2018-07': 9}
SHASTA,CARR,2018-07-23,2018-09-01,229651.0,3,4,31,0,279,7,2018,8,{'2018-08': 31}
SHASTA,CARR,2018-07-23,2018-09-01,229651.0,3,4,1,0,279,7,2018,9,{'2018-09': 1}
RIVERSIDE,CRANSTON,2018-07-25,2018-08-09,13139.0,0,0,7,12,5,0,2018,7,{'2018-07': 7}
RIVERSIDE,CRANSTON,2018-07-25,2018-08-09,13139.0,0,0,9,12,5,0,2018,8,{'2018-08': 9}
LASSEN,WHALEBACK,2018-07-27,2018-08-06,18703.0,0,0,5,0,0,0,2018,7,{'2018-07': 5}
LASSEN,WHALEBACK,2018-07-27,2018-08-06,18703.0,0,0,6,0,0,0,2018,8,{'2018-08': 6}
COLUSA,"RANCH - MENDOCINO
COMPLEX",2018-07-27,2018-08-17,410203.0,1,0,5,246,27,1,2018,7,{'2018-07': 5}
COLUSA,"RANCH - MENDOCINO
COMPLEX",2018-07-27,2018-08-17,410203.0,1,0,17,246,27,1,2018,8,{'2018-08': 17}
COLUSA,"RIVER - MENDOCINO
COMPLEX",2018-07-27,2018-09-27,48920.0,0,0,5,35,11,0,2018,7,{'2018-07': 5}
COLUSA,"RIVER - MENDOCINO
COMPLEX",2018-07-27,2018-09-27,48920.0,0,0,31,35,11,0,2018,8,{'2018-08': 31}
COLUSA,"RIVER - MENDOCINO
COMPLEX",2018-07-27,2018-09-27,48920.0,0,0,27,35,11,0,2018,9,{'2018-09': 27}
SUTTER,BUTTE,2018-07-31,2018-08-02,1000.0,0,0,1,0,0,0,2018,7,{'2018-07': 1}
SUTTER,BUTTE,2018-07-31,2018-08-02,1000.0,0,0,2,0,0,0,2018,8,{'2018-08': 2}
MONO,OWENS,2018-07-31,2018-08-05,338.0,0,0,1,0,0,0,2018,7,{'2018-07': 1}
MONO,OWENS,2018-07-31,2018-08-05,338.0,0,0,5,0,0,0,2018,8,{'2018-08': 5}
MONO,HOTCREEK,2018-07-31,2018-08-05,419.0,0,0,1,0,0,0,2018,7,{'2018-07': 1}
MONO,HOTCREEK,2018-07-31,2018-08-05,419.0,0,0,5,0,0,0,2018,8,{'2018-08': 5}
MENDOCINO,EEL,2018-07-31,2018-08-08,972.0,0,0,1,10,0,0,2018,7,{'2018-07': 1}
MENDOCINO,EEL,2018-07-31,2018-08-08,972.0,0,0,8,10,0,0,2018,8,{'2018-08': 8}
TUOLUMNE,DONNELL,2018-08-01,2018-10-31,36450.0,0,0,31,135,0,0,2018,8,{'2018-08': 31}
TUOLUMNE,DONNELL,2018-08-01,2018-10-31,36450.0,0,0,30,135,0,0,2018,9,{'2018-09': 30}
TUOLUMNE,DONNELL,2018-08-01,2018-10-31,36450.0,0,0,31,135,0,0,2018,10,{'2018-10': 31}
ORANGE,HOLY,2018-08-06,2018-09-14,23025.0,0,0,26,24,18,0,2018,8,{'2018-08': 26}
ORANGE,HOLY,2018-08-06,2018-09-14,23025.0,0,0,14,24,18,0,2018,9,{'2018-09': 14}
SHASTA,HIRZ,2018-08-09,2018-09-12,46051.0,0,0,23,0,0,0,2018,8,{'2018-08': 23}
SHASTA,HIRZ,2018-08-09,2018-09-12,46051.0,0,0,12,0,0,0,2018,9,{'2018-09': 12}
MODOC,STONE,2018-08-15,2018-09-01,39387.0,0,0,17,2,0,0,2018,8,{'2018-08': 17}
MODOC,STONE,2018-08-15,2018-09-01,39387.0,0,0,1,2,0,0,2018,9,{'2018-09': 1}
SHASTA,DELTA,2018-09-05,2018-10-11,63311.0,0,0,26,42,4,0,2018,9,{'2018-09': 26}
SHASTA,DELTA,2018-09-05,2018-10-11,63311.0,0,0,11,42,4,0,2018,10,{'2018-10': 11}
TULARE,ALDER,2018-10-04,2018-12-22,4654.0,0,0,28,0,0,0,2018,10,{'2018-10': 28}
TULARE,ALDER,2018-10-04,2018-12-22,4654.0,0,0,30,0,0,0,2018,11,{'2018-11': 30}
TULARE,ALDER,2018-10-04,2018-12-22,4654.0,0,0,22,0,0,0,2018,12,{'2018-12': 22}
TULARE,MOUNTAINEER,2018-10-13,2018-12-22,1270.0,0,0,19,0,0,0,2018,10,{'2018-10': 19}
TULARE,MOUNTAINEER,2018-10-13,2018-12-22,1270.0,0,0,30,0,0,0,2018,11,{'2018-11': 30}
TULARE,MOUNTAINEER,2018-10-13,2018-12-22,1270.0,0,0,22,0,0,0,2018,12,{'2018-12': 22}
BUTTE,JUNES,2018-10-30,2018-11-12,550.0,0,0,2,0,0,0,2018,10,{'2018-10': 2}
BUTTE,JUNES,2018-10-30,2018-11-12,550.0,0,0,12,0,0,0,2018,11,{'2018-11': 12}
BUTTE,CAMP,2018-11-08,2018-12-20,153336.0,0,85,23,0,754,85,2018,11,{'2018-11': 23}
BUTTE,CAMP,2018-11-08,2018-12-20,153336.0,0,85,20,0,754,85,2018,12,{'2018-12': 20}
TUOLUMNE,ROSASCO,2019-05-23,2019-09-11,731.0,0,0,9,0,0,0,2019,5,{'2019-05': 9}
TUOLUMNE,ROSASCO,2019-05-23,2019-09-11,731.0,0,0,30,0,0,0,2019,6,{'2019-06': 30}
TUOLUMNE,ROSASCO,2019-05-23,2019-09-11,731.0,0,0,31,0,0,0,2019,7,{'2019-07': 31}
TUOLUMNE,ROSASCO,2019-05-23,2019-09-11,731.0,0,0,31,0,0,0,2019,8,{'2019-08': 31}
TUOLUMNE,ROSASCO,2019-05-23,2019-09-11,731.0,0,0,11,0,0,0,2019,9,{'2019-09': 11}
TULARE,JORDAN,2019-06-09,2019-07-01,591.0,0,0,22,0,0,0,2019,6,{'2019-06': 22}
TULARE,JORDAN,2019-06-09,2019-07-01,591.0,0,0,1,0,0,0,2019,7,{'2019-07': 1}
TRINITY,EAST,2019-06-17,2019-07-18,410.0,0,0,14,0,0,0,2019,6,{'2019-06': 14}
TRINITY,EAST,2019-06-17,2019-07-18,410.0,0,0,18,0,0,0,2019,7,{'2019-07': 18}
TULARE,COW,2019-07-25,2019-10-11,2025.0,0,0,7,0,0,0,2019,7,{'2019-07': 7}
TULARE,COW,2019-07-25,2019-10-11,2025.0,0,0,31,0,0,0,2019,8,{'2019-08': 31}
TULARE,COW,2019-07-25,2019-10-11,2025.0,0,0,30,0,0,0,2019,9,{'2019-09': 30}
TULARE,COW,2019-07-25,2019-10-11,2025.0,0,0,11,0,0,0,2019,10,{'2019-10': 11}
MONO,SPRINGS,2019-07-26,2019-10-01,4840.0,0,0,6,0,0,0,2019,7,{'2019-07': 6}
MONO,SPRINGS,2019-07-26,2019-10-01,4840.0,0,0,31,0,0,0,2019,8,{'2019-08': 31}
MONO,SPRINGS,2019-07-26,2019-10-01,4840.0,0,0,30,0,0,0,2019,9,{'2019-09': 30}
MONO,SPRINGS,2019-07-26,2019-10-01,4840.0,0,0,1,0,0,0,2019,10,{'2019-10': 1}
MODOC,TUCKER,2019-07-28,2019-08-04,14150.0,0,0,4,0,0,0,2019,7,{'2019-07': 4}
MODOC,TUCKER,2019-07-28,2019-08-04,14150.0,0,0,4,0,0,0,2019,8,{'2019-08': 4}
MONTEREY,LAKE,2019-07-29,2019-08-01,306.0,0,0,3,0,0,0,2019,7,{'2019-07': 3}
MONTEREY,LAKE,2019-07-29,2019-08-01,306.0,0,0,1,0,0,0,2019,8,{'2019-08': 1}
MONTEREY,MILL,2019-07-30,2019-08-08,310.0,0,0,2,0,0,0,2019,7,{'2019-07': 2}
MONTEREY,MILL,2019-07-30,2019-08-08,310.0,0,0,8,0,0,0,2019,8,{'2019-08': 8}
TULARE,BRODER,2019-08-08,2019-09-20,381.0,0,0,24,0,0,0,2019,8,{'2019-08': 24}
TULARE,BRODER,2019-08-08,2019-09-20,381.0,0,0,20,0,0,0,2019,9,{'2019-09': 20}
LASSEN,R-1 RANCH,2019-08-28,2019-09-04,3380.0,0,0,4,0,0,0,2019,8,{'2019-08': 4}
LASSEN,R-1 RANCH,2019-08-28,2019-09-04,3380.0,0,0,4,0,0,0,2019,9,{'2019-09': 4}
TULARE,CREEK,2019-08-31,2019-09-04,756.0,0,0,1,0,0,0,2019,8,{'2019-08': 1}
TULARE,CREEK,2019-08-31,2019-09-04,756.0,0,0,4,0,0,0,2019,9,{'2019-09': 4}
INYO,TABOOSE,2019-09-04,2019-11-21,10400.0,0,0,27,0,0,0,2019,9,{'2019-09': 27}
INYO,TABOOSE,2019-09-04,2019-11-21,10400.0,0,0,31,0,0,0,2019,10,{'2019-10': 31}
INYO,TABOOSE,2019-09-04,2019-11-21,10400.0,0,0,21,0,0,0,2019,11,{'2019-11': 21}
TRINITY,MIDDLE,2019-09-05,2019-10-11,1339.0,0,0,26,0,0,0,2019,9,{'2019-09': 26}
TRINITY,MIDDLE,2019-09-05,2019-10-11,1339.0,0,0,11,0,0,0,2019,10,{'2019-10': 11}
TEHAMA,SOUTH,2019-09-05,2019-11-27,5332.0,0,0,26,2,0,0,2019,9,{'2019-09': 26}
TEHAMA,SOUTH,2019-09-05,2019-11-27,5332.0,0,0,31,2,0,0,2019,10,{'2019-10': 31}
TEHAMA,SOUTH,2019-09-05,2019-11-27,5332.0,0,0,27,2,0,0,2019,11,{'2019-11': 27}
SONOMA,KINCADE,2019-10-23,2019-11-10,77758.0,0,0,9,374,60,0,2019,10,{'2019-10': 9}
SONOMA,KINCADE,2019-10-23,2019-11-10,77758.0,0,0,10,374,60,0,2019,11,{'2019-11': 10}
MENDOCINO,BURRIS,2019-10-27,2019-11-02,703.0,0,0,5,0,0,0,2019,10,{'2019-10': 5}
MENDOCINO,BURRIS,2019-10-27,2019-11-02,703.0,0,0,2,0,0,0,2019,11,{'2019-11': 2}
LOS ANGELES,GETTY,2019-10-28,2019-11-14,745.0,0,0,4,13,19,0,2019,10,{'2019-10': 4}
LOS ANGELES,GETTY,2019-10-28,2019-11-14,745.0,0,0,14,13,19,0,2019,11,{'2019-11': 14}
VENTURA,EASY,2019-10-30,2019-11-08,2375.0,0,0,2,1,1,0,2019,10,{'2019-10': 2}
VENTURA,EASY,2019-10-30,2019-11-08,2375.0,0,0,8,1,1,0,2019,11,{'2019-11': 8}
RIVERSIDE,HILL,2019-10-31,2019-11-03,628.0,0,0,1,0,0,0,2019,10,{'2019-10': 1}
RIVERSIDE,HILL,2019-10-31,2019-11-03,628.0,0,0,3,0,0,0,2019,11,{'2019-11': 3}
VENTURA,MARIA,2019-10-31,2019-11-06,9999.0,0,0,1,4,0,0,2019,10,{'2019-10': 1}
VENTURA,MARIA,2019-10-31,2019-11-06,9999.0,0,0,6,4,0,0,2019,11,{'2019-11': 6}
SANTA BARBARA,CAVE,2019-11-25,2019-12-13,3126.0,0,0,6,0,1,0,2019,11,{'2019-11': 6}
SANTA BARBARA,CAVE,2019-11-25,2019-12-13,3126.0,0,0,13,0,1,0,2019,12,{'2019-12': 13}
SANTA BARBARA,SCORPION,2020-05-31,2020-06-05,1395.0,0,0,1,0,0,0,2020,5,{'2020-05': 1}
SANTA BARBARA,SCORPION,2020-05-31,2020-06-05,1395.0,0,0,5,0,0,0,2020,6,{'2020-06': 5}
LASSEN,HOG,2020-07-18,2020-08-28,9564.0,0,0,14,2,0,0,2020,7,{'2020-07': 14}
LASSEN,HOG,2020-07-18,2020-08-28,9564.0,0,0,28,2,0,0,2020,8,{'2020-08': 28}
LASSEN,GOLD,2020-07-20,2020-09-29,22614.0,0,0,12,13,5,0,2020,7,{'2020-07': 12}
LASSEN,GOLD,2020-07-20,2020-09-29,22614.0,0,0,31,13,5,0,2020,8,{'2020-08': 31}
LASSEN,GOLD,2020-07-20,2020-09-29,22614.0,0,0,29,13,5,0,2020,9,{'2020-09': 29}
SISKIYOU,JULY COMPLEX,2020-07-22,2020-08-22,83261.0,0,0,10,15,0,0,2020,7,{'2020-07': 10}
SISKIYOU,JULY COMPLEX,2020-07-22,2020-08-22,83261.0,0,0,22,15,0,0,2020,8,{'2020-08': 22}
MARIPOSA,BLUEJAY,2020-07-24,2020-11-19,6922.0,0,0,8,0,0,0,2020,7,{'2020-07': 8}
MARIPOSA,BLUEJAY,2020-07-24,2020-11-19,6922.0,0,0,31,0,0,0,2020,8,{'2020-08': 31}
MARIPOSA,BLUEJAY,2020-07-24,2020-11-19,6922.0,0,0,30,0,0,0,2020,9,{'2020-09': 30}
MARIPOSA,BLUEJAY,2020-07-24,2020-11-19,6922.0,0,0,31,0,0,0,2020,10,{'2020-10': 31}
MARIPOSA,BLUEJAY,2020-07-24,2020-11-19,6922.0,0,0,19,0,0,0,2020,11,{'2020-11': 19}
SAN LUIS OBISPO,BRANCH,2020-07-28,2020-08-03,3222.0,0,0,4,8,0,0,2020,7,{'2020-07': 4}
SAN LUIS OBISPO,BRANCH,2020-07-28,2020-08-03,3222.0,0,0,3,8,0,0,2020,8,{'2020-08': 3}
HUMBOLDT,RED SALMON COMPLEX,2020-07-28,2020-11-16,144698.0,0,0,4,0,0,0,2020,7,{'2020-07': 4}
HUMBOLDT,RED SALMON COMPLEX,2020-07-28,2020-11-16,144698.0,0,0,31,0,0,0,2020,8,{'2020-08': 31}
HUMBOLDT,RED SALMON COMPLEX,2020-07-28,2020-11-16,144698.0,0,0,30,0,0,0,2020,9,{'2020-09': 30}
HUMBOLDT,RED SALMON COMPLEX,2020-07-28,2020-11-16,144698.0,0,0,31,0,0,0,2020,10,{'2020-10': 31}
HUMBOLDT,RED SALMON COMPLEX,2020-07-28,2020-11-16,144698.0,0,0,16,0,0,0,2020,11,{'2020-11': 16}
RIVERSIDE,APPLE,2020-07-31,2020-11-18,33424.0,0,0,1,13,6,0,2020,7,{'2020-07': 1}
RIVERSIDE,APPLE,2020-07-31,2020-11-18,33424.0,0,0,31,13,6,0,2020,8,{'2020-08': 31}
RIVERSIDE,APPLE,2020-07-31,2020-11-18,33424.0,0,0,30,13,6,0,2020,9,{'2020-09': 30}
RIVERSIDE,APPLE,2020-07-31,2020-11-18,33424.0,0,0,31,13,6,0,2020,10,{'2020-10': 31}
RIVERSIDE,APPLE,2020-07-31,2020-11-18,33424.0,0,0,18,13,6,0,2020,11,{'2020-11': 18}
FRESNO,TRIMMER,2020-08-03,2020-09-01,594.0,0,0,29,0,0,0,2020,8,{'2020-08': 29}
FRESNO,TRIMMER,2020-08-03,2020-09-01,594.0,0,0,1,0,0,0,2020,9,{'2020-09': 1}
TUOLUMNE,WOLF,2020-08-11,2020-11-19,2057.0,0,0,21,0,0,0,2020,8,{'2020-08': 21}
TUOLUMNE,WOLF,2020-08-11,2020-11-19,2057.0,0,0,30,0,0,0,2020,9,{'2020-09': 30}
TUOLUMNE,WOLF,2020-08-11,2020-11-19,2057.0,0,0,31,0,0,0,2020,10,{'2020-10': 31}
TUOLUMNE,WOLF,2020-08-11,2020-11-19,2057.0,0,0,19,0,0,0,2020,11,{'2020-11': 19}
LOS ANGELES,LAKE,2020-08-12,2020-09-30,31089.0,0,0,20,34,6,0,2020,8,{'2020-08': 20}
LOS ANGELES,LAKE,2020-08-12,2020-09-30,31089.0,0,0,30,34,6,0,2020,9,{'2020-09': 30}
LOS ANGELES,RANCH 2,2020-08-13,2020-09-03,4237.0,0,0,19,0,0,0,2020,8,{'2020-08': 19}
LOS ANGELES,RANCH 2,2020-08-13,2020-09-03,4237.0,0,0,3,0,0,0,2020,9,{'2020-09': 3}
FRESNO,HILLS,2020-08-15,2020-09-27,2121.0,1,0,17,0,0,1,2020,8,{'2020-08': 17}
FRESNO,HILLS,2020-08-15,2020-09-27,2121.0,1,0,27,0,0,1,2020,9,{'2020-09': 27}
MONTEREY,RIVER,2020-08-16,2020-09-04,48088.0,0,0,16,30,13,0,2020,8,{'2020-08': 16}
MONTEREY,RIVER,2020-08-16,2020-09-04,48088.0,0,0,4,30,13,0,2020,9,{'2020-09': 4}
CONTRA COSTA,"SCU LIGHTNING
COMPLEX",2020-08-16,2020-09-15,396625.0,0,0,16,225,26,0,2020,8,{'2020-08': 16}
CONTRA COSTA,"SCU LIGHTNING
COMPLEX",2020-08-16,2020-09-15,396625.0,0,0,15,225,26,0,2020,9,{'2020-09': 15}
SAN MATEO,"CZU AUGUST LIGHTNING
COMPLEX",2020-08-16,2020-09-22,86509.0,0,1,16,0,140,1,2020,8,{'2020-08': 16}
SAN MATEO,"CZU AUGUST LIGHTNING
COMPLEX",2020-08-16,2020-09-22,86509.0,0,1,22,0,140,1,2020,9,{'2020-09': 22}
TULARE,RATTLESNAKE,2020-08-16,2020-12-31,8419.0,0,0,16,0,0,0,2020,8,{'2020-08': 16}
TULARE,RATTLESNAKE,2020-08-16,2020-12-31,8419.0,0,0,30,0,0,0,2020,9,{'2020-09': 30}
TULARE,RATTLESNAKE,2020-08-16,2020-12-31,8419.0,0,0,31,0,0,0,2020,10,{'2020-10': 31}
TULARE,RATTLESNAKE,2020-08-16,2020-12-31,8419.0,0,0,30,0,0,0,2020,11,{'2020-11': 30}
TULARE,RATTLESNAKE,2020-08-16,2020-12-31,8419.0,0,0,31,0,0,0,2020,12,{'2020-12': 31}
NEVADA,JONES,2020-08-17,2020-09-06,705.0,0,0,15,18,3,0,2020,8,{'2020-08': 15}
NEVADA,JONES,2020-08-17,2020-09-06,705.0,0,0,6,18,3,0,2020,9,{'2020-09': 6}
PLUMAS,SHEEP,2020-08-17,2020-09-09,29570.0,0,0,15,26,2,0,2020,8,{'2020-08': 15}
PLUMAS,SHEEP,2020-08-17,2020-09-09,29570.0,0,0,9,26,2,0,2020,9,{'2020-09': 9}
BUTTE,"BUTTE TEHAMA GLENN
COMPLEX",2020-08-17,2020-09-16,19609.0,0,0,15,0,0,0,2020,8,{'2020-08': 15}
BUTTE,"BUTTE TEHAMA GLENN
COMPLEX",2020-08-17,2020-09-16,19609.0,0,0,16,0,0,0,2020,9,{'2020-09': 16}
NAPA,"LNU LIGHTNING
COMPLEX",2020-08-17,2020-09-22,363220.0,0,5,15,0,232,5,2020,8,{'2020-08': 15}
NAPA,"LNU LIGHTNING
COMPLEX",2020-08-17,2020-09-22,363220.0,0,5,22,0,232,5,2020,9,{'2020-09': 22}
TRINITY,"AUGUST COMPLEX WEST
ZONE",2020-08-17,2020-10-15,143181.0,0,0,15,55,6,0,2020,8,{'2020-08': 15}
TRINITY,"AUGUST COMPLEX WEST
ZONE",2020-08-17,2020-10-15,143181.0,0,0,30,55,6,0,2020,9,{'2020-09': 30}
TRINITY,"AUGUST COMPLEX WEST
ZONE",2020-08-17,2020-10-15,143181.0,0,0,15,55,6,0,2020,10,{'2020-10': 15}
TRINITY,AUGUST COMPLEX,2020-08-17,2020-11-15,889467.0,1,0,15,34,4,1,2020,8,{'2020-08': 15}
TRINITY,AUGUST COMPLEX,2020-08-17,2020-11-15,889467.0,1,0,30,34,4,1,2020,9,{'2020-09': 30}
TRINITY,AUGUST COMPLEX,2020-08-17,2020-11-15,889467.0,1,0,31,34,4,1,2020,10,{'2020-10': 31}
TRINITY,AUGUST COMPLEX,2020-08-17,2020-11-15,889467.0,1,0,15,34,4,1,2020,11,{'2020-11': 15}
PLUMAS,NORTH COMPLEX,2020-08-17,2020-11-30,318935.0,0,16,15,0,119,16,2020,8,{'2020-08': 15}
PLUMAS,NORTH COMPLEX,2020-08-17,2020-11-30,318935.0,0,16,30,0,119,16,2020,9,{'2020-09': 30}
PLUMAS,NORTH COMPLEX,2020-08-17,2020-11-30,318935.0,0,16,31,0,119,16,2020,10,{'2020-10': 31}
PLUMAS,NORTH COMPLEX,2020-08-17,2020-11-30,318935.0,0,16,30,0,119,16,2020,11,{'2020-11': 30}
MONTEREY,CARMEL,2020-08-18,2020-09-06,6901.0,0,0,14,73,7,0,2020,8,{'2020-08': 14}
MONTEREY,CARMEL,2020-08-18,2020-09-06,6901.0,0,0,6,73,7,0,2020,9,{'2020-09': 6}
LASSEN,W-5 COLD SPRINGS,2020-08-18,2020-09-13,84817.0,0,0,14,1,0,0,2020,8,{'2020-08': 14}
LASSEN,W-5 COLD SPRINGS,2020-08-18,2020-09-13,84817.0,0,0,13,1,0,0,2020,9,{'2020-09': 13}
MARIN,WOODWARD,2020-08-18,2020-10-01,4929.0,0,0,14,0,0,0,2020,8,{'2020-08': 14}
MARIN,WOODWARD,2020-08-18,2020-10-01,4929.0,0,0,30,0,0,0,2020,9,{'2020-09': 30}
MARIN,WOODWARD,2020-08-18,2020-10-01,4929.0,0,0,1,0,0,0,2020,10,{'2020-10': 1}
MONTEREY,DOLAN,2020-08-18,2020-12-31,124924.0,0,0,14,19,4,0,2020,8,{'2020-08': 14}
MONTEREY,DOLAN,2020-08-18,2020-12-31,124924.0,0,0,30,19,4,0,2020,9,{'2020-09': 30}
MONTEREY,DOLAN,2020-08-18,2020-12-31,124924.0,0,0,31,19,4,0,2020,10,{'2020-10': 31}
MONTEREY,DOLAN,2020-08-18,2020-12-31,124924.0,0,0,30,19,4,0,2020,11,{'2020-11': 30}
MONTEREY,DOLAN,2020-08-18,2020-12-31,124924.0,0,0,31,19,4,0,2020,12,{'2020-12': 31}
TULARE,SQF COMPLEX,2020-08-19,2021-01-07,175019.0,0,0,13,232,12,0,2020,8,{'2020-08': 13}
TULARE,SQF COMPLEX,2020-08-19,2021-01-07,175019.0,0,0,30,232,12,0,2020,9,{'2020-09': 30}
TULARE,SQF COMPLEX,2020-08-19,2021-01-07,175019.0,0,0,31,232,12,0,2020,10,{'2020-10': 31}
TULARE,SQF COMPLEX,2020-08-19,2021-01-07,175019.0,0,0,30,232,12,0,2020,11,{'2020-11': 30}
TULARE,SQF COMPLEX,2020-08-19,2021-01-07,175019.0,0,0,31,232,12,0,2020,12,{'2020-12': 31}
TULARE,SQF COMPLEX,2020-08-19,2021-01-07,175019.0,0,0,7,232,12,0,2021,1,{'2021-01': 7}
TULARE,MORAINE,2020-08-21,2020-12-31,1316.0,0,0,11,0,0,0,2020,8,{'2020-08': 11}
TULARE,MORAINE,2020-08-21,2020-12-31,1316.0,0,0,30,0,0,0,2020,9,{'2020-09': 30}
TULARE,MORAINE,2020-08-21,2020-12-31,1316.0,0,0,31,0,0,0,2020,10,{'2020-10': 31}
TULARE,MORAINE,2020-08-21,2020-12-31,1316.0,0,0,30,0,0,0,2020,11,{'2020-11': 30}
TULARE,MORAINE,2020-08-21,2020-12-31,1316.0,0,0,31,0,0,0,2020,12,{'2020-12': 31}
MONO,SLINK,2020-08-29,2020-10-15,26759.0,0,0,3,2,0,0,2020,8,{'2020-08': 3}
MONO,SLINK,2020-08-29,2020-10-15,26759.0,0,0,30,2,0,0,2020,9,{'2020-09': 30}
MONO,SLINK,2020-08-29,2020-10-15,26759.0,0,0,15,2,0,0,2020,10,{'2020-10': 15}
FRESNO,CREEK,2020-09-04,2020-12-31,379895.0,0,0,27,858,71,0,2020,9,{'2020-09': 27}
FRESNO,CREEK,2020-09-04,2020-12-31,379895.0,0,0,31,858,71,0,2020,10,{'2020-10': 31}
FRESNO,CREEK,2020-09-04,2020-12-31,379895.0,0,0,30,858,71,0,2020,11,{'2020-11': 30}
FRESNO,CREEK,2020-09-04,2020-12-31,379895.0,0,0,31,858,71,0,2020,12,{'2020-12': 31}
SAN BERNARDINO,EL DORADO,2020-09-05,2020-11-16,22744.0,1,0,26,14,2,1,2020,9,{'2020-09': 26}
SAN BERNARDINO,EL DORADO,2020-09-05,2020-11-16,22744.0,1,0,31,14,2,1,2020,10,{'2020-10': 31}
SAN BERNARDINO,EL DORADO,2020-09-05,2020-11-16,22744.0,1,0,16,14,2,1,2020,11,{'2020-11': 16}
LOS ANGELES,BOBCAT,2020-09-06,2020-11-30,115997.0,0,0,25,169,47,0,2020,9,{'2020-09': 25}
LOS ANGELES,BOBCAT,2020-09-06,2020-11-30,115997.0,0,0,31,169,47,0,2020,10,{'2020-10': 31}
LOS ANGELES,BOBCAT,2020-09-06,2020-11-30,115997.0,0,0,30,169,47,0,2020,11,{'2020-11': 30}
EL DORADO,FORK,2020-09-08,2020-11-08,1673.0,0,0,23,0,0,0,2020,9,{'2020-09': 23}
EL DORADO,FORK,2020-09-08,2020-11-08,1673.0,0,0,31,0,0,0,2020,10,{'2020-10': 31}
EL DORADO,FORK,2020-09-08,2020-11-08,1673.0,0,0,8,0,0,0,2020,11,{'2020-11': 8}
SISKIYOU,SLATER,2020-09-08,2020-11-15,157270.0,0,2,23,353,24,2,2020,9,{'2020-09': 23}
SISKIYOU,SLATER,2020-09-08,2020-11-15,157270.0,0,2,31,353,24,2,2020,10,{'2020-10': 31}
SISKIYOU,SLATER,2020-09-08,2020-11-15,157270.0,0,2,15,353,24,2,2020,11,{'2020-11': 15}
FRESNO,BULLFROG,2020-09-08,2020-11-15,1185.0,0,0,23,0,0,0,2020,9,{'2020-09': 23}
FRESNO,BULLFROG,2020-09-08,2020-11-15,1185.0,0,0,31,0,0,0,2020,10,{'2020-10': 31}
FRESNO,BULLFROG,2020-09-08,2020-11-15,1185.0,0,0,15,0,0,0,2020,11,{'2020-11': 15}
SISKIYOU,DEVIL,2020-09-09,2020-11-07,8857.0,0,0,22,0,0,0,2020,9,{'2020-09': 22}
SISKIYOU,DEVIL,2020-09-09,2020-11-07,8857.0,0,0,31,0,0,0,2020,10,{'2020-10': 31}
SISKIYOU,DEVIL,2020-09-09,2020-11-07,8857.0,0,0,7,0,0,0,2020,11,{'2020-11': 7}
SHASTA,ZOGG,2020-09-27,2020-10-14,56338.0,0,4,4,204,27,4,2020,9,{'2020-09': 4}
SHASTA,ZOGG,2020-09-27,2020-10-14,56338.0,0,4,14,204,27,4,2020,10,{'2020-10': 14}
NAPA,GLASS,2020-09-27,2020-10-20,67484.0,0,0,4,0,282,0,2020,9,{'2020-09': 4}
NAPA,GLASS,2020-09-27,2020-10-20,67484.0,0,0,20,0,282,0,2020,10,{'2020-10': 20}
MONTEREY,COLEMAN,2020-10-18,2020-11-15,574.0,0,0,14,0,0,0,2020,10,{'2020-10': 14}
MONTEREY,COLEMAN,2020-10-18,2020-11-15,574.0,0,0,15,0,0,0,2020,11,{'2020-11': 15}
ORANGE,SILVERADO,2020-10-26,2020-11-07,12466.0,0,0,6,5,11,0,2020,10,{'2020-10': 6}
ORANGE,SILVERADO,2020-10-26,2020-11-07,12466.0,0,0,7,5,11,0,2020,11,{'2020-11': 7}
ORANGE,BLUE RIDGE,2020-10-26,2020-11-07,13694.0,0,0,6,1,12,0,2020,10,{'2020-10': 6}
ORANGE,BLUE RIDGE,2020-10-26,2020-11-07,13694.0,0,0,7,1,12,0,2020,11,{'2020-11': 7}
LOS ANGELES,NORTH,2021-04-28,2021-05-02,650.0,0,0,3,0,0,0,2021,4,{'2021-04': 3}
LOS ANGELES,NORTH,2021-04-28,2021-05-02,650.0,0,0,2,0,0,0,2021,5,{'2021-05': 2}
MONTEREY,SARGENTS,2021-05-30,2021-06-02,1118.0,0,0,2,0,0,0,2021,5,{'2021-05': 2}
MONTEREY,SARGENTS,2021-05-30,2021-06-02,1118.0,0,0,2,0,0,0,2021,6,{'2021-06': 2}
MONTEREY,WILLOW,2021-06-17,2021-07-11,2877.0,0,0,14,0,0,0,2021,6,{'2021-06': 14}
MONTEREY,WILLOW,2021-06-17,2021-07-11,2877.0,0,0,11,0,0,0,2021,7,{'2021-07': 11}
TULARE,NETTLE,2021-06-18,2021-07-01,1265.0,0,0,13,0,0,0,2021,6,{'2021-06': 13}
TULARE,NETTLE,2021-06-18,2021-07-01,1265.0,0,0,1,0,0,0,2021,7,{'2021-07': 1}
INYO,INYO CREEK,2021-06-19,2021-07-06,592.0,0,0,12,0,0,0,2021,6,{'2021-06': 12}
INYO,INYO CREEK,2021-06-19,2021-07-06,592.0,0,0,6,0,0,0,2021,7,{'2021-07': 6}
SISKIYOU,LAVA,2021-06-24,2021-09-01,26409.0,0,0,7,23,2,0,2021,6,{'2021-06': 7}
SISKIYOU,LAVA,2021-06-24,2021-09-01,26409.0,0,0,31,23,2,0,2021,7,{'2021-07': 31}
SISKIYOU,LAVA,2021-06-24,2021-09-01,26409.0,0,0,31,23,2,0,2021,8,{'2021-08': 31}
SISKIYOU,LAVA,2021-06-24,2021-09-01,26409.0,0,0,1,23,2,0,2021,9,{'2021-09': 1}
ALPINE,HENRY,2021-06-25,2021-08-27,1320.0,0,0,6,0,0,0,2021,6,{'2021-06': 6}
ALPINE,HENRY,2021-06-25,2021-08-27,1320.0,0,0,31,0,0,0,2021,7,{'2021-07': 31}
ALPINE,HENRY,2021-06-25,2021-08-27,1320.0,0,0,27,0,0,0,2021,8,{'2021-08': 27}
KERN,SHELL,2021-06-27,2021-07-01,1984.0,0,0,4,0,0,0,2021,6,{'2021-06': 4}
KERN,SHELL,2021-06-27,2021-07-01,1984.0,0,0,1,0,0,0,2021,7,{'2021-07': 1}
SISKIYOU,TENNANT,2021-06-28,2021-07-31,10580.0,0,0,3,9,1,0,2021,6,{'2021-06': 3}
SISKIYOU,TENNANT,2021-06-28,2021-07-31,10580.0,0,0,31,9,1,0,2021,7,{'2021-07': 31}
SHASTA,SALT,2021-06-30,2021-07-19,12660.0,0,0,1,43,4,0,2021,6,{'2021-06': 1}
SHASTA,SALT,2021-06-30,2021-07-19,12660.0,0,0,19,43,4,0,2021,7,{'2021-07': 19}
TUOLUMNE,LUKENS,2021-07-01,2021-08-15,867.0,0,0,31,0,0,0,2021,7,{'2021-07': 31}
TUOLUMNE,LUKENS,2021-07-01,2021-08-15,867.0,0,0,15,0,0,0,2021,8,{'2021-08': 15}
PLUMAS,"BECKWOURTH
COMPLEX",2021-07-03,2021-10-01,105670.0,0,0,29,148,23,0,2021,7,{'2021-07': 29}
PLUMAS,"BECKWOURTH
COMPLEX",2021-07-03,2021-10-01,105670.0,0,0,31,148,23,0,2021,8,{'2021-08': 31}
PLUMAS,"BECKWOURTH
COMPLEX",2021-07-03,2021-10-01,105670.0,0,0,30,148,23,0,2021,9,{'2021-09': 30}
PLUMAS,"BECKWOURTH
COMPLEX",2021-07-03,2021-10-01,105670.0,0,0,1,148,23,0,2021,10,{'2021-10': 1}
ALPINE,TAMARACK,2021-07-04,2021-10-15,68637.0,0,0,28,15,2,0,2021,7,{'2021-07': 28}
ALPINE,TAMARACK,2021-07-04,2021-10-15,68637.0,0,0,31,15,2,0,2021,8,{'2021-08': 31}
ALPINE,TAMARACK,2021-07-04,2021-10-15,68637.0,0,0,30,15,2,0,2021,9,{'2021-09': 30}
ALPINE,TAMARACK,2021-07-04,2021-10-15,68637.0,0,0,15,15,2,0,2021,10,{'2021-10': 15}
PLUMAS,DIXIE,2021-07-13,2021-10-26,963309.0,0,0,19,0,94,0,2021,7,{'2021-07': 19}
PLUMAS,DIXIE,2021-07-13,2021-10-26,963309.0,0,0,31,0,94,0,2021,8,{'2021-08': 31}
PLUMAS,DIXIE,2021-07-13,2021-10-26,963309.0,0,0,30,0,94,0,2021,9,{'2021-09': 30}
PLUMAS,DIXIE,2021-07-13,2021-10-26,963309.0,0,0,26,0,94,0,2021,10,{'2021-10': 26}
KERN,PEAK,2021-07-20,2021-08-03,2098.0,0,0,12,1,1,0,2021,7,{'2021-07': 12}
KERN,PEAK,2021-07-20,2021-08-03,2098.0,0,0,3,1,1,0,2021,8,{'2021-08': 3}
SHASTA,MCFARLAND,2021-07-29,2021-09-09,122653.0,0,0,3,46,1,0,2021,7,{'2021-07': 3}
SHASTA,MCFARLAND,2021-07-29,2021-09-09,122653.0,0,0,31,46,1,0,2021,8,{'2021-08': 31}
SHASTA,MCFARLAND,2021-07-29,2021-09-09,122653.0,0,0,9,46,1,0,2021,9,{'2021-09': 9}
TRINITY,MONUMENT,2021-07-30,2021-11-01,223124.0,0,0,2,28,2,0,2021,7,{'2021-07': 2}
TRINITY,MONUMENT,2021-07-30,2021-11-01,223124.0,0,0,31,28,2,0,2021,8,{'2021-08': 31}
TRINITY,MONUMENT,2021-07-30,2021-11-01,223124.0,0,0,30,28,2,0,2021,9,{'2021-09': 30}
TRINITY,MONUMENT,2021-07-30,2021-11-01,223124.0,0,0,31,28,2,0,2021,10,{'2021-10': 31}
TRINITY,MONUMENT,2021-07-30,2021-11-01,223124.0,0,0,1,28,2,0,2021,11,{'2021-11': 1}
SISKIYOU,RIVER COMPLEX,2021-07-30,2021-11-01,199359.0,0,0,2,122,2,0,2021,7,{'2021-07': 2}
SISKIYOU,RIVER COMPLEX,2021-07-30,2021-11-01,199359.0,0,0,31,122,2,0,2021,8,{'2021-08': 31}
SISKIYOU,RIVER COMPLEX,2021-07-30,2021-11-01,199359.0,0,0,30,122,2,0,2021,9,{'2021-09': 30}
SISKIYOU,RIVER COMPLEX,2021-07-30,2021-11-01,199359.0,0,0,31,122,2,0,2021,10,{'2021-10': 31}
SISKIYOU,RIVER COMPLEX,2021-07-30,2021-11-01,199359.0,0,0,1,122,2,0,2021,11,{'2021-11': 1}
LOS ANGELES,HUNGRY,2021-07-31,2021-08-02,364.0,0,0,1,0,0,0,2021,7,{'2021-07': 1}
LOS ANGELES,HUNGRY,2021-07-31,2021-08-02,364.0,0,0,2,0,0,0,2021,8,{'2021-08': 2}
TUOLUMNE,TILTILL,2021-07-31,2021-10-22,2350.0,0,0,1,0,0,0,2021,7,{'2021-07': 1}
TUOLUMNE,TILTILL,2021-07-31,2021-10-22,2350.0,0,0,31,0,0,0,2021,8,{'2021-08': 31}
TUOLUMNE,TILTILL,2021-07-31,2021-10-22,2350.0,0,0,30,0,0,0,2021,9,{'2021-09': 30}
TUOLUMNE,TILTILL,2021-07-31,2021-10-22,2350.0,0,0,22,0,0,0,2021,10,{'2021-10': 22}
SISKIYOU,MCCASH,2021-07-31,2021-10-31,94962.0,0,0,1,0,0,0,2021,7,{'2021-07': 1}
SISKIYOU,MCCASH,2021-07-31,2021-10-31,94962.0,0,0,31,0,0,0,2021,8,{'2021-08': 31}
SISKIYOU,MCCASH,2021-07-31,2021-10-31,94962.0,0,0,30,0,0,0,2021,9,{'2021-09': 30}
SISKIYOU,MCCASH,2021-07-31,2021-10-31,94962.0,0,0,31,0,0,0,2021,10,{'2021-10': 31}
SISKIYOU,ANTELOPE,2021-08-01,2021-10-13,145632.0,0,0,31,20,4,0,2021,8,{'2021-08': 31}
SISKIYOU,ANTELOPE,2021-08-01,2021-10-13,145632.0,0,0,30,20,4,0,2021,9,{'2021-09': 30}
SISKIYOU,ANTELOPE,2021-08-01,2021-10-13,145632.0,0,0,13,20,4,0,2021,10,{'2021-10': 13}
PLACER,RIVER,2021-08-04,2021-09-22,2619.0,0,0,28,142,21,0,2021,8,{'2021-08': 28}
PLACER,RIVER,2021-08-04,2021-09-22,2619.0,0,0,22,142,21,0,2021,9,{'2021-09': 22}
EL DORADO,CALDOR,2021-08-14,2021-10-21,221835.0,0,0,18,0,81,0,2021,8,{'2021-08': 18}
EL DORADO,CALDOR,2021-08-14,2021-10-21,221835.0,0,0,30,0,81,0,2021,9,{'2021-09': 30}
EL DORADO,CALDOR,2021-08-14,2021-10-21,221835.0,0,0,21,0,81,0,2021,10,{'2021-10': 21}
TULARE,WALKERS,2021-08-15,2021-10-02,8777.0,0,0,17,0,0,0,2021,8,{'2021-08': 17}
TULARE,WALKERS,2021-08-15,2021-10-02,8777.0,0,0,30,0,0,0,2021,9,{'2021-09': 30}
TULARE,WALKERS,2021-08-15,2021-10-02,8777.0,0,0,2,0,0,0,2021,10,{'2021-10': 2}
KERN,FRENCH,2021-08-18,2021-10-20,26535.0,0,0,14,49,6,0,2021,8,{'2021-08': 14}
KERN,FRENCH,2021-08-18,2021-10-20,26535.0,0,0,30,49,6,0,2021,9,{'2021-09': 30}
KERN,FRENCH,2021-08-18,2021-10-20,26535.0,0,0,20,49,6,0,2021,10,{'2021-10': 20}
SAN BERNARDINO,SOUTH,2021-08-25,2021-09-01,680.0,0,0,7,9,28,0,2021,8,{'2021-08': 7}
SAN BERNARDINO,SOUTH,2021-08-25,2021-09-01,680.0,0,0,1,9,28,0,2021,9,{'2021-09': 1}
CALAVERAS,AIROLA,2021-08-25,2021-09-02,639.0,0,0,7,0,0,0,2021,8,{'2021-08': 7}
CALAVERAS,AIROLA,2021-08-25,2021-09-02,639.0,0,0,2,0,0,0,2021,9,{'2021-09': 2}
RIVERSIDE,CHAPARRAL,2021-08-28,2021-09-08,1427.0,0,0,4,3,2,0,2021,8,{'2021-08': 4}
RIVERSIDE,CHAPARRAL,2021-08-28,2021-09-08,1427.0,0,0,8,3,2,0,2021,9,{'2021-09': 8}
HUMBOLDT,KNOB,2021-08-29,2021-09-12,2421.0,0,0,3,0,0,0,2021,8,{'2021-08': 3}
HUMBOLDT,KNOB,2021-08-29,2021-09-12,2421.0,0,0,12,0,0,0,2021,9,{'2021-09': 12}
SAN BERNARDINO,POND,2021-08-30,2021-09-04,491.0,0,0,2,0,0,0,2021,8,{'2021-08': 2}
SAN BERNARDINO,POND,2021-08-30,2021-09-04,491.0,0,0,4,0,0,0,2021,9,{'2021-09': 4}
TULARE,WINDY,2021-09-09,2021-11-11,97528.0,0,0,22,21,0,0,2021,9,{'2021-09': 22}
TULARE,WINDY,2021-09-09,2021-11-11,97528.0,0,0,31,21,0,0,2021,10,{'2021-10': 31}
TULARE,WINDY,2021-09-09,2021-11-11,97528.0,0,0,11,21,0,0,2021,11,{'2021-11': 11}
TULARE,"KNP
COMPLEX",2021-09-11,2021-12-17,88307.0,0,0,20,4,1,0,2021,9,{'2021-09': 20}
TULARE,"KNP
COMPLEX",2021-09-11,2021-12-17,88307.0,0,0,31,4,1,0,2021,10,{'2021-10': 31}
TULARE,"KNP
COMPLEX",2021-09-11,2021-12-17,88307.0,0,0,30,4,1,0,2021,11,{'2021-11': 30}
TULARE,"KNP
COMPLEX",2021-09-11,2021-12-17,88307.0,0,0,17,4,1,0,2021,12,{'2021-12': 17}
SHASTA,FAWN,2021-09-22,2021-10-02,8578.0,0,0,9,185,26,0,2021,9,{'2021-09': 9}
SHASTA,FAWN,2021-09-22,2021-10-02,8578.0,0,0,2,185,26,0,2021,10,{'2021-10': 2}
SANTA BARBARA,ALISAL,2021-10-11,2021-11-21,16970.0,0,0,21,12,1,0,2021,10,{'2021-10': 21}
SANTA BARBARA,ALISAL,2021-10-11,2021-11-21,16970.0,0,0,21,12,1,0,2021,11,{'2021-11': 21}
MONTEREY,COLORADO,2022-01-21,2022-02-02,687.0,0,0,11,1,1,0,2022,1,{'2022-01': 11}
MONTEREY,COLORADO,2022-01-21,2022-02-02,687.0,0,0,2,1,1,0,2022,2,{'2022-02': 2}
NAPA,OLD,2022-05-31,2022-06-05,570.0,0,0,1,0,0,0,2022,5,{'2022-05': 1}
NAPA,OLD,2022-05-31,2022-06-05,570.0,0,0,5,0,0,0,2022,6,{'2022-06': 5}
GLENN,BURROWS,2022-06-28,2022-07-03,317.0,0,0,3,0,0,0,2022,6,{'2022-06': 3}
GLENN,BURROWS,2022-06-28,2022-07-03,317.0,0,0,3,0,0,0,2022,7,{'2022-07': 3}
SAN LUIS OBISPO,CAMINO,2022-06-28,2022-07-03,387.0,0,0,3,0,0,0,2022,6,{'2022-06': 3}
SAN LUIS OBISPO,CAMINO,2022-06-28,2022-07-03,387.0,0,0,3,0,0,0,2022,7,{'2022-07': 3}
NEVADA,RICES,2022-06-28,2022-07-05,904.0,0,0,3,4,0,0,2022,6,{'2022-06': 3}
NEVADA,RICES,2022-06-28,2022-07-05,904.0,0,0,5,4,0,0,2022,7,{'2022-07': 5}
MARIPOSA,OAK,2022-07-22,2022-09-02,19244.0,0,0,10,194,10,0,2022,7,{'2022-07': 10}
MARIPOSA,OAK,2022-07-22,2022-09-02,19244.0,0,0,31,194,10,0,2022,8,{'2022-08': 31}
MARIPOSA,OAK,2022-07-22,2022-09-02,19244.0,0,0,2,194,10,0,2022,9,{'2022-09': 2}
SAN DIEGO,BORDER 32,2022-08-31,2022-09-05,4456.0,0,0,1,30,8,0,2022,8,{'2022-08': 1}
SAN DIEGO,BORDER 32,2022-08-31,2022-09-05,4456.0,0,0,5,30,8,0,2022,9,{'2022-09': 5}
LOS ANGELES,ROUTE,2022-08-31,2022-09-06,5208.0,0,0,1,2,0,0,2022,8,{'2022-08': 1}
LOS ANGELES,ROUTE,2022-08-31,2022-09-06,5208.0,0,0,6,2,0,0,2022,9,{'2022-09': 6}
SISKIYOU,MOUNTAIN,2022-09-02,2022-10-30,13440.0,0,0,29,4,0,0,2022,9,{'2022-09': 29}
SISKIYOU,MOUNTAIN,2022-09-02,2022-10-30,13440.0,0,0,30,4,0,0,2022,10,{'2022-10': 30}
PLACER,MOSQUITO,2022-09-06,2022-10-22,76788.0,0,0,25,78,14,0,2022,9,{'2022-09': 25}
PLACER,MOSQUITO,2022-09-06,2022-10-22,76788.0,0,0,22,78,14,0,2022,10,{'2022-10': 22}
